TOP_SCOPES=@STD.STANDARD @SYNOPSYS.ATTRIBUTES @WORK.util_package @STD.standard_additions @IEEE.std_logic_textio @STD.TEXTIO @IEEE.std_logic_signed @CDS_ASSERTIONS.cds_assertion_stubs @IEEE.std_logic_arith @IEEE.NUMERIC_STD @IEEE.NUMERIC_BIT @IEEE.std_logic_1164 :
CHILD_SCOPES(@STD.STANDARD)=  5: package STANDARD is
  6: 
  7:   -- predefined enumeration types:
  8: 
  9:   type BOOLEAN is (FALSE, TRUE);
 10: 
 11:   type BIT is ('0', '1');
 12: 
 13:   type CHARACTER is (
 14: 	NUL,	SOH,	STX,	ETX,	EOT,	ENQ,	ACK,	BEL,
 15: 	BS,	HT,	LF,	VT,	FF,	CR,	SO,	SI,
 16: 	DLE,	DC1,	DC2,	DC3,	DC4,	NAK,	SYN,	ETB,
 17: 	CAN,	EM,	SUB,	ESC,	FSP,	GSP,	RSP,	USP,
 18: 
 19: 	' ',	'!',	'"',	'#',	'$',	'%',	'&',	''',
 20: 	'(',	')',	'*',	'+',	',',	'-',	'.',	'/',
 21: 	'0',	'1',	'2',	'3',	'4',	'5',	'6',	'7',
 22: 	'8',	'9',	':',	';',	'<',	'=',	'>',	'?',
 23: 
 24: 	'@',	'A',	'B',	'C',	'D',	'E',	'F',	'G',
 25: 	'H',	'I',	'J',	'K',	'L',	'M',	'N',	'O',
 26: 	'P',	'Q',	'R',	'S',	'T',	'U',	'V',	'W',
 27: 	'X',	'Y',	'Z',	'[',	'\',	']',	'^',	'_',
 28: 
 29: 	'`',	'a',	'b',	'c',	'd',	'e',	'f',	'g',
 30: 	'h',	'i',	'j',	'k',	'l',	'm',	'n',	'o',
 31: 	'p',	'q',	'r',	's',	't',	'u',	'v',	'w',
 32: 	'x',	'y',	'z',	'{',	'|',	'}',	'~',	DEL,
 33:     C128,   C129,   C130,   C131,   C132,   C133,   C134,   C135,
 34:     C136,   C137,   C138,   C139,   C140,   C141,   C142,   C143,
 35:     C144,   C145,   C146,   C147,   C148,   C149,   C150,   C151,
 36:     C152,   C153,   C154,   C155,   C156,   C157,   C158,   C159,
 37:    ' ',  '¡', '¢', '£', '¤', '¥', '¦', '§',
 38:    '¨',  '©', 'ª', '«', '¬', '­', '®', '¯',
 39:    '°',  '±', '²', '³', '´', 'µ', '¶', '·',
 40:    '¸', '¹', 'º',  '»', '¼', '½', '¾', '¿',  
 41:    'À', 'Á', 'Â',  'Ã', 'Ä', 'Å', 'Æ', 'Ç',
 42:    'È',  'É', 'Ê', 'Ë', 'Ì', 'Í', 'Î', 'Ï',
 43:    'Ð',  'Ñ', 'Ò', 'Ó', 'Ô', 'Õ', 'Ö',  '×',
 44:    'Ø',  'Ù', 'Ú', 'Û', 'Ü', 'Ý', 'Þ', 'ß',
 45:    'à',  'á', 'â', 'ã', 'ä', 'å', 'æ', 'ç',
 46:    'è',  'é', 'ê', 'ë', 'ì', 'í', 'î', 'ï',
 47:    'ð',  'ñ', 'ò', 'ó', 'ô', 'õ', 'ö', '÷',
 48:    'ø',  'ù', 'ú', 'û', 'ü', 'ý', 'þ', 'ÿ'); 
 49:      
 50:     
 51: 
 52:   type SEVERITY_LEVEL is (NOTE, WARNING, ERROR, FAILURE);
 53: 
 54:   -- predefined numeric types:
 55: 
 56:   -- Do INTEGER first to aid implicit declarations of "**".
 57:   type INTEGER is range -2147483648 to 2147483647;
 58: -- AVSREQ-142846: As per VHDL LRM 93 section 14.2, LRM 2008 section 16.3, the types universal_integer and universal_real are anonymous types. 
 59: -- They cannot be referred to explicitly and should be defined implicitly in tool. So, commenting here and added implicit definition.
 60: --  type $UNIVERSAL_INTEGER is range $- to $+;
 61: --  type $UNIVERSAL_REAL is range $-. to $+.;
 62: 
 63:   function "*" ($LEFT: $UNIVERSAL_REAL; $RIGHT: $UNIVERSAL_INTEGER)
 64: 	return $UNIVERSAL_REAL;
 65: 
 66:   function "*" ($LEFT: $UNIVERSAL_INTEGER; $RIGHT: $UNIVERSAL_REAL)
 67: 	return $UNIVERSAL_REAL;
 68: 
 69:   function "/" ($LEFT: $UNIVERSAL_REAL; $RIGHT: $UNIVERSAL_INTEGER)
 70: 	return $UNIVERSAL_REAL;
 71: 
 72:   type REAL is range $-. to $+.;
 73: 
 74:   -- predefined type TIME:
 75: 
 76:   type TIME is range $- to $+
 77: 	units
 78: 		fs;			-- femtosecond
 79: 		ps	=  1000 fs;	-- picosecond
 80: 		ns	=  1000 ps;	-- nanosecond
 81: 		us	=  1000 ns;	-- microsecond
 82: 		ms	=  1000 us;	-- millisecond
 83: 		sec	=  1000 ms;	-- second
 84: 		min	=  60 sec;	-- minute
 85: 		hr	=  60 min;	-- hour;
 86:   end units;
 87: 
 88:   -- subtype used internally for checking time expressions for non-negativness:
 89: 
 90:   subtype $NATURAL_TIME is TIME range 0 sec to TIME'HIGH;
 91: 
 92:   subtype DELAY_LENGTH is TIME range 0 fs to TIME'HIGH;
 93: 
 94:   -- function that returns the current simulation time:
 95: 
 96:   impure function  NOW return TIME;
 97: 
 98:   -- predefined numeric subtypes:
 99: 
100:   subtype NATURAL is INTEGER range 0 to INTEGER'HIGH;
101: 
102:   subtype POSITIVE is INTEGER range 1 to INTEGER'HIGH;
103: 
104:   -- predefined array types:
105: 
106:   type STRING is array (POSITIVE range <>) of CHARACTER;
107: 
108:   type BIT_VECTOR is array (NATURAL range <>) of BIT;
109: 
110: --type FILE_OPEN_KIND is (READ_OPEN, WRITE_OPEN, APPEND_OPEN);
111: 
112:   type FILE_OPEN_KIND is (READ_MODE, WRITE_MODE, APPEND_MODE);
113: 
114:   type FILE_OPEN_STATUS is (OPEN_OK, STATUS_ERROR, NAME_ERROR, MODE_ERROR);
115: 
116:   attribute FOREIGN: STRING;
117: 
118:   --
119:   -- The rest of this package is SVEN specific stuff required to make
120:   -- this implementation go.
121:   -- Note that all things are declared use leading $ characters, so we don't
122:   -- trample the user's name space.
123:   --
124: 
125:   attribute $BUILTIN: BOOLEAN;
126: 
127:   procedure $RTINDEX (I: NATURAL; FIRSTARG: INTEGER; PASSAP,SAVEFREGS: BOOLEAN);
128:   procedure $RTSYMBOL (S: STRING; FIRSTARG: INTEGER; PASSAP,SAVEFREGS: BOOLEAN);
129: 
130:   -----------------------------------------------------------------------
131:   --- The following declarations are VHDL AMS specific declarations.  ---
132:   --- These declarations should be ignored in VHDL 87 or VHDL 93 mode ---
133:   -----------------------------------------------------------------------
134:   type DOMAIN_TYPE is (QUIESCENT_DOMAIN, TIME_DOMAIN, FREQUENCY_DOMAIN); --- VHDL AMS
135:   signal DOMAIN : DOMAIN_TYPE := QUIESCENT_DOMAIN;                       --- VHDL AMS
136:   impure function NOW return REAL;                                       --- VHDL AMS
137:   function FREQUENCY return REAL;                                        --- VHDL AMS
138:   type REAL_VECTOR is array (NATURAL range <>) of REAL;                  --- VHDL AMS
139: 
140:   attribute $BUILTIN of all: function is TRUE;
141:   attribute $BUILTIN of all: procedure is TRUE;
142: 
143: end STANDARD;

CHILD_SCOPES(@SYNOPSYS.ATTRIBUTES)= 33: package ATTRIBUTES is
 34: --synopsys synthesis_off
 35: 	attribute CLOSELY_RELATED_TCF: boolean;
 36: 	attribute PROPAGATE_VALUE: string;
 37: 	attribute SDT_CONDITION: string;
 38: 	attribute SDT_VALUE_NAME: string;
 39: 	attribute SDT_VALUE: string;
 40: 	attribute REFLEXIVE: boolean;
 41: 	attribute COMMUTATIVE: boolean;
 42: 	attribute ASSOCIATIVE: boolean;
 43: 	attribute RESULT_INITIAL_VALUE: integer;
 44: 	attribute TABLE_NAME: string;
 45: 	attribute REAL_NAME: string;
 46: 
 47: 	attribute PRIVATE: boolean;
 48: 	attribute UNPRIVATE: boolean;
 49: 	attribute ASIC_CELL: boolean;
 50: 	attribute DIVERT_MESSAGES: boolean;
 51: 
 52: 	-- Note:  type BUILTIN_TYPE and attributes BUILTIN and EXTRA_SPACE
 53: 	--        will be phased out after Elroy.  This is to move towards
 54: 	--        the upcoming '92 standard.
 55: 
 56:  	type BUILTIN_TYPE is (VHDL_SYSTEM_PRIMITIVE, LMSI, C_BEHAVIOR,
 57: 			      VHDL_SYSTEM_PRIMITIVE_STD_LOGIC);
 58:  	attribute BUILTIN: BUILTIN_TYPE;
 59:  	attribute EXTRA_SPACE: positive;
 60: 
 61: 	-- Note:  ### For the '92 standard, attribute FOREIGN must be 
 62: 	--        moved to package STANDARD.
 63: 
 64: 	attribute FOREIGN : STRING;
 65: 
 66: 	-- CLI (C Language Interface) attributes
 67: 
 68: 	type CLI_PIN_SENSITIVITY is (CLI_PASSIVE, CLI_EVENT, CLI_ACTIVE);
 69: 
 70: 	attribute CLI_ELABORATE   : STRING;	-- components only
 71: 	attribute CLI_EVALUATE    : STRING;	-- components only
 72: 	attribute CLI_ERROR       : STRING;	-- components only
 73: 	attribute CLI_CLOSE       : STRING;	-- components only
 74: 	attribute CLI_PIN         : CLI_PIN_SENSITIVITY; -- components only
 75: 
 76: 	attribute CLI_FUNCTION    : STRING;	-- functions only
 77: 	attribute CLI_PROCEDURE   : STRING;	-- procedures only
 78: 
 79: 	attribute CLI_POSTPONED   : BOOLEAN;	-- components only
 80: 
 81: 	-- Logic Modeling Corporation (LMC) interface attributes:
 82: 
 83:  	type LMSI_DELAY_TYPE_TYPE is (TYPICAL, MINIMUM, MAXIMUM);
 84: 	attribute LMSI_DELAY_TYPE : LMSI_DELAY_TYPE_TYPE;
 85: 
 86:  	type LMSI_TIMING_MEASUREMENT_TYPE is (DISABLED, ENABLED);
 87:  	attribute LMSI_TIMING_MEASUREMENT: LMSI_TIMING_MEASUREMENT_TYPE;
 88: 
 89: 	type LMSI_LOG_TYPE is (DISABLED, ENABLED);
 90: 	attribute LMSI_LOG: LMSI_LOG_TYPE;
 91: 
 92: 	type LMSI_DELAY_ED_TYPE is (ENABLED, DISABLED);
 93: 	attribute LMSI_DELAY: LMSI_DELAY_ED_TYPE;
 94: 
 95: 	type LMSI_TIMING_VIOLATIONS_TYPE is (ENABLED, DISABLED);
 96: 	attribute LMSI_TIMING_VIOLATIONS: LMSI_TIMING_VIOLATIONS_TYPE;
 97: 
 98: 	type LMSI_XPROP_TYPE is (DISABLED, ENABLED);
 99: 	attribute LMSI_XPROP: LMSI_XPROP_TYPE;
100: 
101: 	type LMSI_XPROP_METHOD_TYPE is (PREVIOUS, HIGH, LOW, FLOAT);
102: 	attribute LMSI_XPROP_METHOD: LMSI_XPROP_METHOD_TYPE;
103: 
104: 	-- Zycad XP interface attributes:
105: 
106:  	type BACKPLANE_TYPE is (XP, VERILOG, VIP);
107:  	attribute BACKPLANE: BACKPLANE_TYPE;
108: 
109: 	-- Attribute to instantiate a Model Bank component in the Zycad
110: 	-- XP box.
111: 
112:  	type ENCRYPTION_TYPE is (MODELBANK);
113:  	attribute ENCRYPTION: ENCRYPTION_TYPE;
114: 
115: 	-- Attribute to specify the EDIF file for an architecture. This
116: 	-- attribute can be specified in architecture(s) where the structural
117: 	-- information is in EDIF and we want to use it. This should be used
118: 	-- in conjunction with BACKPLANE attribute.
119:  	attribute EDIF_FILE_FOR_THIS_ARCHITECTURE: string;
120: 	attribute VERILOG_FILES_FOR_THIS_ARCHITECTURE: string;
121: 
122: 	-- The following two attributes are used to specify the physical
123: 	-- filename of the EDIF file containing the definitions of cell(s) or
124: 	-- entity(s) from a package and the EDIF library name used in the
125: 	-- above EDIF file. 
126:  	attribute EDIF_LIBRARY_FILENAME: string;
127:  	attribute EDIF_LIBRARY_NAME: string;
128: 
129:         -- XPMSW 
130:   	-- XP attribute for a component which is described by a ZYCAD
131:   	-- CBMOD.
132:   	attribute ZYCAD_XP_CBMOD : BOOLEAN;
133: 
134: 	-- This attribute is used to specify the initialization file for
135: 	-- RAM(s) and ROM(s).
136:  	attribute MVL7_MEM_INITFILE: string;
137: 
138: 	-- attributes for the function units bus (funbus)
139: 	type FUNBUS_TYPE is (LAI,CBMOD);
140: 	attribute FUNBUS : FUNBUS_TYPE;
141: 
142:         attribute CHANGE_SIMPLE_NAME : string;
143:         attribute CHECKOUT_LICENSE : string;
144:         attribute COMPILED_SYSTEM : boolean;
145:         attribute USE_FULL_NAME : boolean;
146:         attribute USE_SIMPLE_NAME : boolean;
147: 
148: --synopsys synthesis_on
149: --------------------------------------------------------------------
150: -- HDL compiler specific Attributes
151:         attribute async_set_reset : string;
152:         attribute sync_set_reset : string;
153:         attribute async_set_reset_local : string;
154:         attribute sync_set_reset_local : string;
155:         attribute async_set_reset_local_all : string;
156:         attribute sync_set_reset_local_all : string;
157: 
158:         attribute one_hot : string;
159:         attribute one_cold : string;
160:         attribute infer_mux : string;
161: 
162: --------------------------------------------------------------------
163: -- design compiler constraints and attributes
164: 	attribute ARRIVAL : REAL;
165: 	attribute DONT_TOUCH : BOOLEAN;
166: 	attribute DONT_TOUCH_NETWORK : BOOLEAN;
167: 	attribute DRIVE_STRENGTH : REAL;
168: 	attribute EQUAL : BOOLEAN;
169: 	attribute FALL_ARRIVAL : REAL;
170: 	attribute FALL_DRIVE : REAL;
171: 	attribute LOAD : REAL;
172: 	attribute LOGIC_ONE : BOOLEAN;
173: 	attribute LOGIC_ZERO : BOOLEAN;
174: 	attribute MAX_AREA : REAL;
175: 	attribute MAX_DELAY : REAL;
176: 	attribute MAX_FALL_DELAY : REAL;
177: 	attribute MAX_RISE_DELAY : REAL;
178: 	attribute MAX_TRANSITION : REAL;
179: 	attribute MIN_DELAY : REAL;
180: 	attribute MIN_FALL_DELAY : REAL;
181: 	attribute MIN_RISE_DELAY : REAL;
182: 	attribute OPPOSITE : BOOLEAN;
183: 	attribute RISE_ARRIVAL : REAL;
184: 	attribute RISE_DRIVE : REAL;
185: 	attribute UNCONNECTED : BOOLEAN;
186: 
187: -- state machine attributes
188: 	attribute STATE_VECTOR : STRING;
189: 
190: -- resource sharing attributes
191: 	subtype resource is integer;
192: 	attribute ADD_OPS : STRING;
193: 	attribute DONT_MERGE_WITH : STRING;
194: 	attribute MAP_TO_MODULE : STRING;
195: 	attribute IMPLEMENTATION : STRING;
196: 	attribute MAY_MERGE_WITH : STRING;
197: 	attribute OPS : STRING;
198: 
199: -- general attributes
200: 	attribute ENUM_ENCODING : STRING;
201: 
202: -- optimization attributes
203: 	attribute TRANSFORM_CONST_MULT : boolean;
204: 
205: --
206: end ATTRIBUTES;

CHILD_SCOPES(@WORK.util_package)=19: package body util_package is
20: 
21:   --https://nandland.com/file-input-output/
22:   -- https://www.fpga4student.com/2018/08/how-to-read-image-in-vhdl.html
23:   impure function read_data(file_name : in string) return type_array_int is
24:       file file_ptr : text open read_mode is file_name;
25:       variable line_ptr : line;
26:       variable tmp_int : integer := 0;
27:       variable i : integer := 0;
28:       variable tmp_arr : type_array_int := (others=>0);
29:   begin
30:       if file_name = "" then
31:         return tmp_arr;
32:       else
33:         while not endfile(file_ptr) loop
34:         --for i in type_array_int'range loop
35:             readline(file_ptr, line_ptr);
36:             read(line_ptr, tmp_int);
37:             tmp_arr(i) := tmp_int;
38:             i := i + 1;
39:         end loop;
40:         return tmp_arr;
41:       end if;
42:   end function;
43: 
44: 
45: end package body util_package;

CHILD_SCOPES(@STD.standard_additions)= 310: package body standard_additions is
 311: 
 312:   function \?=\ (L, R : BOOLEAN) return BOOLEAN is
 313:   begin
 314:     return L = R;
 315:   end function \?=\;
 316: 
 317:   function \?/=\ (L, R : BOOLEAN) return BOOLEAN is
 318:   begin
 319:     return L /= R;
 320:   end function \?/=\;
 321: 
 322:   function \?<\ (L, R : BOOLEAN) return BOOLEAN is
 323:   begin
 324:     return L < R;
 325:   end function \?<\;
 326: 
 327:   function \?<=\ (L, R : BOOLEAN) return BOOLEAN is
 328:   begin
 329:     return L <= R;
 330:   end function \?<=\;
 331: 
 332:   function \?>\ (L, R : BOOLEAN) return BOOLEAN is
 333:   begin
 334:     return L > R;
 335:   end function \?>\;
 336: 
 337:   function \?>=\ (L, R : BOOLEAN) return BOOLEAN is
 338:   begin
 339:     return L >= R;
 340:   end function \?>=\;
 341: 
 342:   function "?=" (L, R : BOOLEAN) return BOOLEAN is
 343:   begin
 344:     return L = R;
 345:   end function "?=";
 346: 
 347:   function "?/=" (L, R : BOOLEAN) return BOOLEAN is
 348:   begin
 349:     return L /= R;
 350:   end function "?/=";
 351: 
 352:   function "?<" (L, R : BOOLEAN) return BOOLEAN is
 353:   begin
 354:     return L < R;
 355:   end function "?<";
 356: 
 357:   function "?<=" (L, R : BOOLEAN) return BOOLEAN is
 358:   begin
 359:     return L <= R;
 360:   end function "?<=";
 361: 
 362:   function "?>" (L, R : BOOLEAN) return BOOLEAN is
 363:   begin
 364:     return L > R;
 365:   end function "?>";
 366: 
 367:   function "?>=" (L, R : BOOLEAN) return BOOLEAN is
 368:   begin
 369:     return L >= R;
 370:   end function "?>=";
 371: 
 372:   function MINIMUM (L, R : BOOLEAN) return BOOLEAN is
 373:   begin
 374:     if L > R then return R;
 375:     else return L;
 376:     end if;
 377:   end function MINIMUM;
 378:   function MAXIMUM (L, R : BOOLEAN) return BOOLEAN is
 379:   begin
 380:     if L > R then return L;
 381:     else return R;
 382:     end if;
 383:   end function MAXIMUM;
 384: 
 385:   function TO_STRING (VALUE : BOOLEAN) return STRING is
 386:   begin
 387:     return BOOLEAN'image(VALUE);
 388:   end function TO_STRING;
 389: 
 390:   function RISING_EDGE (signal S : BOOLEAN) return BOOLEAN is
 391:   begin
 392:     return (s'event and (s = true) and (s'last_value = false));
 393:   end function rising_edge;
 394: 
 395:   function FALLING_EDGE (signal S : BOOLEAN) return BOOLEAN is
 396:   begin
 397:     return (s'event and (s = false) and (s'last_value = true));
 398:   end function falling_edge;
 399: 
 400:   function \?=\ (L, R : BIT) return BIT is
 401:   begin
 402:     if L = R then
 403:       return '1';
 404:     else
 405:       return '0';
 406:     end if;
 407:   end function \?=\;
 408: 
 409:   function \?/=\ (L, R : BIT) return BIT is
 410:   begin
 411:     if L /= R then
 412:       return '1';
 413:     else
 414:       return '0';
 415:     end if;
 416:   end function \?/=\;
 417: 
 418:   function \?<\ (L, R : BIT) return BIT is
 419:   begin
 420:     if L < R then
 421:       return '1';
 422:     else
 423:       return '0';
 424:     end if;
 425:   end function \?<\;
 426: 
 427:   function \?<=\ (L, R : BIT) return BIT is
 428:   begin
 429:     if L <= R then
 430:       return '1';
 431:     else
 432:       return '0';
 433:     end if;
 434:   end function \?<=\;
 435: 
 436:   function \?>\ (L, R : BIT) return BIT is
 437:   begin
 438:     if L > R then
 439:       return '1';
 440:     else
 441:       return '0';
 442:     end if;
 443:   end function \?>\;
 444: 
 445:   function \?>=\ (L, R : BIT) return BIT is
 446:   begin
 447:     if L >= R then
 448:       return '1';
 449:     else
 450:       return '0';
 451:     end if;
 452:   end function \?>=\;
 453: 
 454:   function "?=" (L, R : BIT) return BIT is
 455:   begin
 456:     if L = R then
 457:       return '1';
 458:     else
 459:       return '0';
 460:     end if;
 461:   end function "?=";
 462: 
 463:   function "?/=" (L, R : BIT) return BIT is
 464:   begin
 465:     if L /= R then
 466:       return '1';
 467:     else
 468:       return '0';
 469:     end if;
 470:   end function "?/=";
 471: 
 472:   function "?<" (L, R : BIT) return BIT is
 473:   begin
 474:     if L < R then
 475:       return '1';
 476:     else
 477:       return '0';
 478:     end if;
 479:   end function "?<";
 480: 
 481:   function "?<=" (L, R : BIT) return BIT is
 482:   begin
 483:     if L <= R then
 484:       return '1';
 485:     else
 486:       return '0';
 487:     end if;
 488:   end function "?<=";
 489: 
 490:   function "?>" (L, R : BIT) return BIT is
 491:   begin
 492:     if L > R then
 493:       return '1';
 494:     else
 495:       return '0';
 496:     end if;
 497:   end function "?>";
 498: 
 499:   function "?>=" (L, R : BIT) return BIT is
 500:   begin
 501:     if L >= R then
 502:       return '1';
 503:     else
 504:       return '0';
 505:     end if;
 506:   end function "?>=";
 507: 
 508:   function MINIMUM (L, R : BIT) return BIT is
 509:   begin
 510:     if L > R then return R;
 511:     else return L;
 512:     end if;
 513:   end function MINIMUM;
 514: 
 515:   function MAXIMUM (L, R : BIT) return BIT is
 516:   begin
 517:     if L > R then return L;
 518:     else return R;
 519:     end if;
 520:   end function MAXIMUM;
 521: 
 522:   function TO_STRING (VALUE : BIT) return STRING is
 523:   begin
 524:     if VALUE = '1' then
 525:       return "1";
 526:     else
 527:       return "0";
 528:     end if;
 529:   end function TO_STRING;
 530: 
 531:   function \??\ (L : BIT) return BOOLEAN is
 532:   begin
 533:     return L = '1';
 534:   end function \??\;
 535: 
 536:   function "??" (L : BIT) return BOOLEAN is
 537:   begin
 538:     return L = '1';
 539:   end function "??";
 540: 
 541:   --function RISING_EDGE (signal S : BIT) return BOOLEAN is
 542:   --begin
 543:    --return (s'event and (s = '1') and (s'last_value = '0'));
 544:   --end function rising_edge;
 545: 
 546:   function FALLING_EDGE (signal S : BIT) return BOOLEAN is
 547:   begin
 548:     return (s'event and (s = '0') and (s'last_value = '1'));
 549:   end function falling_edge;
 550: 
 551:   function MINIMUM (L, R : CHARACTER) return CHARACTER is
 552:   begin
 553:     if L > R then return R;
 554:     else return L;
 555:     end if;
 556:   end function MINIMUM;
 557: 
 558:   function MAXIMUM (L, R : CHARACTER) return CHARACTER is
 559:   begin
 560:     if L > R then return L;
 561:     else return R;
 562:     end if;
 563:   end function MAXIMUM;
 564: 
 565:   function TO_STRING (VALUE : CHARACTER) return STRING is
 566:     variable result : STRING (1 to 1);
 567:   begin
 568:     result (1) := VALUE;
 569:     return result;
 570:   end function TO_STRING;
 571: 
 572:   function MINIMUM (L, R : SEVERITY_LEVEL) return SEVERITY_LEVEL is
 573:   begin
 574:     if L > R then return R;
 575:     else return L;
 576:     end if;
 577:   end function MINIMUM;
 578: 
 579:   function MAXIMUM (L, R : SEVERITY_LEVEL) return SEVERITY_LEVEL is
 580:   begin
 581:     if L > R then return L;
 582:     else return R;
 583:     end if;
 584:   end function MAXIMUM;
 585: 
 586:   function TO_STRING (VALUE : SEVERITY_LEVEL) return STRING is
 587:   begin
 588:     return SEVERITY_LEVEL'image(VALUE);
 589:   end function TO_STRING;
 590: 
 591:   function MINIMUM (L, R : INTEGER) return INTEGER is
 592:   begin
 593:     if L > R then return R;
 594:     else return L;
 595:     end if;
 596:   end function MINIMUM;
 597: 
 598:   function MAXIMUM (L, R : INTEGER) return INTEGER is
 599:   begin
 600:     if L > R then return L;
 601:     else return R;
 602:     end if;
 603:   end function MAXIMUM;
 604: 
 605:   function TO_STRING (VALUE : INTEGER) return STRING is
 606:   begin
 607:     return INTEGER'image(VALUE);
 608:   end function TO_STRING;
 609: 
 610:   function MINIMUM (L, R : REAL) return REAL is
 611:   begin
 612:     if L > R then return R;
 613:     else return L;
 614:     end if;
 615:   end function MINIMUM;
 616: 
 617:   function MAXIMUM (L, R : REAL) return REAL is
 618:   begin
 619:     if L > R then return L;
 620:     else return R;
 621:     end if;
 622:   end function MAXIMUM;
 623: 
 624:   function TO_STRING (VALUE : REAL) return STRING is
 625:   begin
 626:     return REAL'image (VALUE);
 627:   end function TO_STRING;
 628: 
 629:   function TO_STRING (VALUE : REAL; DIGITS : NATURAL) return STRING is
 630:   begin
 631:     return to_string (VALUE, "%1." & INTEGER'image(DIGITS) & "f");
 632:   end function TO_STRING;
 633: 
 634:   function "mod" (L, R : TIME) return TIME is
 635:     variable lint, rint : INTEGER;
 636:   begin
 637:     lint := L / 1.0 ns;
 638:     rint := R / 1.0 ns;
 639:     return (lint mod rint) * 1.0 ns;
 640:   end function "mod";
 641: 
 642:   function "rem" (L, R : TIME) return TIME is
 643:     variable lint, rint : INTEGER;
 644:   begin
 645:     lint := L / 1.0 ns;
 646:     rint := R / 1.0 ns;
 647:     return (lint rem rint) * 1.0 ns;
 648:   end function "rem";
 649: 
 650:   function MINIMUM (L, R : TIME) return TIME is
 651:   begin
 652:     if L > R then return R;
 653:     else return L;
 654:     end if;
 655:   end function MINIMUM;
 656: 
 657:   function MAXIMUM (L, R : TIME) return TIME is
 658:   begin
 659:     if L > R then return L;
 660:     else return R;
 661:     end if;
 662:   end function MAXIMUM;
 663: 
 664:   function TO_STRING (VALUE : TIME) return STRING is
 665:   begin
 666:     return TIME'image (VALUE);
 667:   end function TO_STRING;
 668: 
 669:   function MINIMUM (L, R : STRING) return STRING is
 670:   begin
 671:     if L > R then return R;
 672:     else return L;
 673:     end if;
 674:   end function MINIMUM;
 675: 
 676:   function MAXIMUM (L, R : STRING) return STRING is
 677:   begin
 678:     if L > R then return L;
 679:     else return R;
 680:     end if;
 681:   end function MAXIMUM;
 682: 
 683:   function MINIMUM (L : STRING) return CHARACTER is
 684:     variable result : CHARACTER := CHARACTER'high;
 685:   begin
 686:     for i in l'range loop
 687:       result := minimum (l(i), result);
 688:     end loop;
 689:     return result;
 690:   end function MINIMUM;
 691: 
 692:   function MAXIMUM (L : STRING) return CHARACTER is
 693:     variable result : CHARACTER := CHARACTER'low;
 694:   begin
 695:     for i in l'range loop
 696:       result := maximum (l(i), result);
 697:     end loop;
 698:     return result;
 699:   end function MAXIMUM;
 700: 
 701:   -- type BOOLEAN_VECTOR is array (NATURAL range <>) of BOOLEAN;
 702:   -- The predefined operations for this type are as follows:
 703:   function "and" (L, R : BOOLEAN_VECTOR) return BOOLEAN_VECTOR is
 704:     alias lv : BOOLEAN_VECTOR (1 to l'length) is l;
 705:     alias rv : BOOLEAN_VECTOR (1 to r'length) is r;
 706:     variable result : BOOLEAN_VECTOR (1 to l'length);
 707:   begin
 708:     if (l'length /= r'length) then
 709:       assert false
 710:         report "STD.""and"": "
 711:         & "arguments of overloaded 'and' operator are not of the same length"
 712:         severity failure;
 713:     else
 714:       for i in result'range loop
 715:         result(i) := (lv(i) and rv(i));
 716:       end loop;
 717:     end if;
 718:     return result;
 719:   end function "and";
 720: 
 721:   function "or" (L, R : BOOLEAN_VECTOR) return BOOLEAN_VECTOR is
 722:     alias lv : BOOLEAN_VECTOR (1 to l'length) is l;
 723:     alias rv : BOOLEAN_VECTOR (1 to r'length) is r;
 724:     variable result : BOOLEAN_VECTOR (1 to l'length);
 725:   begin
 726:     if (l'length /= r'length) then
 727:       assert false
 728:         report "STD.""or"": "
 729:         & "arguments of overloaded 'or' operator are not of the same length"
 730:         severity failure;
 731:     else
 732:       for i in result'range loop
 733:         result(i) := (lv(i) or rv(i));
 734:       end loop;
 735:     end if;
 736:     return result;
 737:   end function "or";
 738: 
 739:   function "nand" (L, R : BOOLEAN_VECTOR) return BOOLEAN_VECTOR is
 740:     alias lv : BOOLEAN_VECTOR (1 to l'length) is l;
 741:     alias rv : BOOLEAN_VECTOR (1 to r'length) is r;
 742:     variable result : BOOLEAN_VECTOR (1 to l'length);
 743:   begin
 744:     if (l'length /= r'length) then
 745:       assert false
 746:         report "STD.""nand"": "
 747:         & "arguments of overloaded 'nand' operator are not of the same length"
 748:         severity failure;
 749:     else
 750:       for i in result'range loop
 751:         result(i) := (lv(i) nand rv(i));
 752:       end loop;
 753:     end if;
 754:     return result;
 755:   end function "nand";
 756: 
 757:   function "nor" (L, R : BOOLEAN_VECTOR) return BOOLEAN_VECTOR is
 758:     alias lv : BOOLEAN_VECTOR (1 to l'length) is l;
 759:     alias rv : BOOLEAN_VECTOR (1 to r'length) is r;
 760:     variable result : BOOLEAN_VECTOR (1 to l'length);
 761:   begin
 762:     if (l'length /= r'length) then
 763:       assert false
 764:         report "STD.""nor"": "
 765:         & "arguments of overloaded 'nor' operator are not of the same length"
 766:         severity failure;
 767:     else
 768:       for i in result'range loop
 769:         result(i) := (lv(i) nor rv(i));
 770:       end loop;
 771:     end if;
 772:     return result;
 773:   end function "nor";
 774: 
 775:   function "xor" (L, R : BOOLEAN_VECTOR) return BOOLEAN_VECTOR is
 776:     alias lv : BOOLEAN_VECTOR (1 to l'length) is l;
 777:     alias rv : BOOLEAN_VECTOR (1 to r'length) is r;
 778:     variable result : BOOLEAN_VECTOR (1 to l'length);
 779:   begin
 780:     if (l'length /= r'length) then
 781:       assert false
 782:         report "STD.""xor"": "
 783:         & "arguments of overloaded 'xor' operator are not of the same length"
 784:         severity failure;
 785:     else
 786:       for i in result'range loop
 787:         result(i) := (lv(i) xor rv(i));
 788:       end loop;
 789:     end if;
 790:     return result;
 791:   end function "xor";
 792: 
 793:   function "xnor" (L, R : BOOLEAN_VECTOR) return BOOLEAN_VECTOR is
 794:     alias lv : BOOLEAN_VECTOR (1 to l'length) is l;
 795:     alias rv : BOOLEAN_VECTOR (1 to r'length) is r;
 796:     variable result : BOOLEAN_VECTOR (1 to l'length);
 797:   begin
 798:     if (l'length /= r'length) then
 799:       assert false
 800:         report "STD.""xnor"": "
 801:         & "arguments of overloaded 'xnor' operator are not of the same length"
 802:         severity failure;
 803:     else
 804:       for i in result'range loop
 805:         result(i) := (lv(i) xnor rv(i));
 806:       end loop;
 807:     end if;
 808:     return result;
 809:   end function "xnor";
 810: 
 811:   function "not" (L : BOOLEAN_VECTOR) return BOOLEAN_VECTOR is
 812:     alias lv : BOOLEAN_VECTOR (1 to l'length) is l;
 813:     variable result : BOOLEAN_VECTOR (1 to l'length);
 814:   begin
 815:     for i in result'range loop
 816:       result(i) := not (lv(i));
 817:     end loop;
 818:     return result;
 819:   end function "not";
 820: 
 821:   function "and" (L : BOOLEAN_VECTOR; R : BOOLEAN)
 822:     return BOOLEAN_VECTOR is
 823:     alias lv : BOOLEAN_VECTOR (1 to l'length) is l;
 824:     variable result : BOOLEAN_VECTOR (1 to l'length);
 825:   begin
 826:     for i in result'range loop
 827:       result(i) := lv(i) and r;
 828:     end loop;
 829:     return result;
 830:   end function "and";
 831: 
 832:   function "and" (L : BOOLEAN; R : BOOLEAN_VECTOR)
 833:     return BOOLEAN_VECTOR is
 834:     alias rv : BOOLEAN_VECTOR (1 to r'length) is r;
 835:     variable result : BOOLEAN_VECTOR (1 to r'length);
 836:   begin
 837:     for i in result'range loop
 838:       result(i) := l and rv(i);
 839:     end loop;
 840:     return result;
 841:   end function "and";
 842: 
 843:   function "or" (L : BOOLEAN_VECTOR; R : BOOLEAN)
 844:     return BOOLEAN_VECTOR is
 845:     alias lv : BOOLEAN_VECTOR (1 to l'length) is l;
 846:     variable result : BOOLEAN_VECTOR (1 to l'length);
 847:   begin
 848:     for i in result'range loop
 849:       result(i) := lv(i) or r;
 850:     end loop;
 851:     return result;
 852:   end function "or";
 853: 
 854:   function "or" (L : BOOLEAN; R : BOOLEAN_VECTOR)
 855:     return BOOLEAN_VECTOR is
 856:     alias rv : BOOLEAN_VECTOR (1 to r'length) is r;
 857:     variable result : BOOLEAN_VECTOR (1 to r'length);
 858:   begin
 859:     for i in result'range loop
 860:       result(i) := l or rv(i);
 861:     end loop;
 862:     return result;
 863:   end function "or";
 864: 
 865:   function "nand" (L : BOOLEAN_VECTOR; R : BOOLEAN)
 866:     return BOOLEAN_VECTOR is
 867:     alias lv : BOOLEAN_VECTOR (1 to l'length) is l;
 868:     variable result : BOOLEAN_VECTOR (1 to l'length);
 869:   begin
 870:     for i in result'range loop
 871:       result(i) := lv(i) nand r;
 872:     end loop;
 873:     return result;
 874:   end function "nand";
 875: 
 876:   function "nand" (L : BOOLEAN; R : BOOLEAN_VECTOR)
 877:     return BOOLEAN_VECTOR is
 878:     alias rv : BOOLEAN_VECTOR (1 to r'length) is r;
 879:     variable result : BOOLEAN_VECTOR (1 to r'length);
 880:   begin
 881:     for i in result'range loop
 882:       result(i) := l nand rv(i);
 883:     end loop;
 884:     return result;
 885:   end function "nand";
 886: 
 887:   function "nor" (L : BOOLEAN_VECTOR; R : BOOLEAN)
 888:     return BOOLEAN_VECTOR is
 889:     alias lv : BOOLEAN_VECTOR (1 to l'length) is l;
 890:     variable result : BOOLEAN_VECTOR (1 to l'length);
 891:   begin
 892:     for i in result'range loop
 893:       result(i) := lv(i) nor r;
 894:     end loop;
 895:     return result;
 896:   end function "nor";
 897: 
 898:   function "nor" (L : BOOLEAN; R : BOOLEAN_VECTOR)
 899:     return BOOLEAN_VECTOR is
 900:     alias rv : BOOLEAN_VECTOR (1 to r'length) is r;
 901:     variable result : BOOLEAN_VECTOR (1 to r'length);
 902:   begin
 903:     for i in result'range loop
 904:       result(i) := l nor rv(i);
 905:     end loop;
 906:     return result;
 907:   end function "nor";
 908: 
 909:   function "xor" (L : BOOLEAN_VECTOR; R : BOOLEAN)
 910:     return BOOLEAN_VECTOR is
 911:     alias lv : BOOLEAN_VECTOR (1 to l'length) is l;
 912:     variable result : BOOLEAN_VECTOR (1 to l'length);
 913:   begin
 914:     for i in result'range loop
 915:       result(i) := lv(i) xor r;
 916:     end loop;
 917:     return result;
 918:   end function "xor";
 919: 
 920:   function "xor" (L : BOOLEAN; R : BOOLEAN_VECTOR)
 921:     return BOOLEAN_VECTOR is
 922:     alias rv : BOOLEAN_VECTOR (1 to r'length) is r;
 923:     variable result : BOOLEAN_VECTOR (1 to r'length);
 924:   begin
 925:     for i in result'range loop
 926:       result(i) := l xor rv(i);
 927:     end loop;
 928:     return result;
 929:   end function "xor";
 930: 
 931:   function "xnor" (L : BOOLEAN_VECTOR; R : BOOLEAN)
 932:     return BOOLEAN_VECTOR is
 933:     alias lv : BOOLEAN_VECTOR (1 to l'length) is l;
 934:     variable result : BOOLEAN_VECTOR (1 to l'length);
 935:   begin
 936:     for i in result'range loop
 937:       result(i) := lv(i) xnor r;
 938:     end loop;
 939:     return result;
 940:   end function "xnor";
 941: 
 942:   function "xnor" (L : BOOLEAN; R : BOOLEAN_VECTOR)
 943:     return BOOLEAN_VECTOR is
 944:     alias rv : BOOLEAN_VECTOR (1 to r'length) is r;
 945:     variable result : BOOLEAN_VECTOR (1 to r'length);
 946:   begin
 947:     for i in result'range loop
 948:       result(i) := l xnor rv(i);
 949:     end loop;
 950:     return result;
 951:   end function "xnor";
 952: 
 953:   function and_reduce (L : BOOLEAN_VECTOR) return BOOLEAN is
 954:     variable result : BOOLEAN := true;
 955:   begin
 956:     for i in l'reverse_range loop
 957:       result := l(i) and result;
 958:     end loop;
 959:     return result;
 960:   end function and_reduce;
 961: 
 962:   function or_reduce (L : BOOLEAN_VECTOR) return BOOLEAN is
 963:     variable result : BOOLEAN := false;
 964:   begin
 965:     for i in l'reverse_range loop
 966:       result := l(i) or result;
 967:     end loop;
 968:     return result;
 969:   end function or_reduce;
 970: 
 971:   function nand_reduce (L : BOOLEAN_VECTOR) return BOOLEAN is
 972:     variable result : BOOLEAN := true;
 973:   begin
 974:     for i in l'reverse_range loop
 975:       result := l(i) and result;
 976:     end loop;
 977:     return not result;
 978:   end function nand_reduce;
 979: 
 980:   function nor_reduce (L : BOOLEAN_VECTOR) return BOOLEAN is
 981:     variable result : BOOLEAN := false;
 982:   begin
 983:     for i in l'reverse_range loop
 984:       result := l(i) or result;
 985:     end loop;
 986:     return not result;
 987:   end function nor_reduce;
 988: 
 989:   function xor_reduce (L : BOOLEAN_VECTOR) return BOOLEAN is
 990:     variable result : BOOLEAN := false;
 991:   begin
 992:     for i in l'reverse_range loop
 993:       result := l(i) xor result;
 994:     end loop;
 995:     return result;
 996:   end function xor_reduce;
 997: 
 998:   function xnor_reduce (L : BOOLEAN_VECTOR) return BOOLEAN is
 999:     variable result : BOOLEAN := false;
1000:   begin
1001:     for i in l'reverse_range loop
1002:       result := l(i) xor result;
1003:     end loop;
1004:     return not result;
1005:   end function xnor_reduce;
1006: 
1007:   function "and" (L : BOOLEAN_VECTOR) return BOOLEAN is
1008:     variable result : BOOLEAN := true;
1009:   begin
1010:     for i in l'reverse_range loop
1011:       result := l(i) and result;
1012:     end loop;
1013:     return result;
1014:   end function "and";
1015: 
1016:   function "or" (L : BOOLEAN_VECTOR) return BOOLEAN is
1017:     variable result : BOOLEAN := false;
1018:   begin
1019:     for i in l'reverse_range loop
1020:       result := l(i) or result;
1021:     end loop;
1022:     return result;
1023:   end function "or";
1024: 
1025:   function "nand" (L : BOOLEAN_VECTOR) return BOOLEAN is
1026:     variable result : BOOLEAN := true;
1027:   begin
1028:     for i in l'reverse_range loop
1029:       result := l(i) and result;
1030:     end loop;
1031:     return not result;
1032:   end function "nand";
1033: 
1034:   function "nor" (L : BOOLEAN_VECTOR) return BOOLEAN is
1035:     variable result : BOOLEAN := false;
1036:   begin
1037:     for i in l'reverse_range loop
1038:       result := l(i) or result;
1039:     end loop;
1040:     return not result;
1041:   end function "nor";
1042: 
1043:   function "xor" (L : BOOLEAN_VECTOR) return BOOLEAN is
1044:     variable result : BOOLEAN := false;
1045:   begin
1046:     for i in l'reverse_range loop
1047:       result := l(i) xor result;
1048:     end loop;
1049:     return result;
1050:   end function "xor";
1051: 
1052:   function "xnor" (L : BOOLEAN_VECTOR) return BOOLEAN is
1053:     variable result : BOOLEAN := false;
1054:   begin
1055:     for i in l'reverse_range loop
1056:       result := l(i) xor result;
1057:     end loop;
1058:     return not result;
1059:   end function "xnor";
1060: 
1061:   function "sll" (L : BOOLEAN_VECTOR; R : INTEGER)
1062:     return BOOLEAN_VECTOR is
1063:     alias lv : BOOLEAN_VECTOR (1 to l'length) is l;
1064:     variable result : BOOLEAN_VECTOR (1 to l'length);
1065:   begin
1066:     if r >= 0 then
1067:       result(1 to l'length - r) := lv(r + 1 to l'length);
1068:     else
1069:       result := l srl -r;
1070:     end if;
1071:     return result;
1072:   end function "sll";
1073: 
1074:   function "srl" (L : BOOLEAN_VECTOR; R : INTEGER)
1075:     return BOOLEAN_VECTOR is
1076:     alias lv : BOOLEAN_VECTOR (1 to l'length) is l;
1077:     variable result : BOOLEAN_VECTOR (1 to l'length);
1078:   begin
1079:     if r >= 0 then
1080:       result(r + 1 to l'length) := lv(1 to l'length - r);
1081:     else
1082:       result := l sll -r;
1083:     end if;
1084:     return result;
1085:   end function "srl";
1086: 
1087:   function "sla" (L : BOOLEAN_VECTOR; R : INTEGER)
1088:     return BOOLEAN_VECTOR is
1089:     alias lv : BOOLEAN_VECTOR (1 to l'length) is l;
1090:     variable result : BOOLEAN_VECTOR (1 to l'length);
1091:   begin
1092:     for i in L'range loop
1093:       result (i) := L(L'high);
1094:     end loop;
1095:     if r >= 0 then
1096:       result(1 to l'length - r) := lv(r + 1 to l'length);
1097:     else
1098:       result := l sra -r;
1099:     end if;
1100:     return result;
1101:   end function "sla";
1102: 
1103:   function "sra" (L : BOOLEAN_VECTOR; R : INTEGER)
1104:     return BOOLEAN_VECTOR is
1105:     alias lv : BOOLEAN_VECTOR (1 to l'length) is l;
1106:     variable result : BOOLEAN_VECTOR (1 to l'length);
1107:   begin
1108:     for i in L'range loop
1109:       result (i) := L(L'low);
1110:     end loop;
1111:     if r >= 0 then
1112:       result(1 to l'length - r) := lv(r + 1 to l'length);
1113:     else
1114:       result := l sra -r;
1115:     end if;
1116:     return result;
1117:   end function "sra";
1118: 
1119:   function "rol" (L : BOOLEAN_VECTOR; R : INTEGER)
1120:     return BOOLEAN_VECTOR is
1121:     alias lv : BOOLEAN_VECTOR (1 to l'length) is l;
1122:     variable result : BOOLEAN_VECTOR (1 to l'length);
1123:     constant rm : INTEGER := r mod l'length;
1124:   begin
1125:     if r >= 0 then
1126:       result(1 to l'length - rm) := lv(rm + 1 to l'length);
1127:       result(l'length - rm + 1 to l'length) := lv(1 to rm);
1128:     else
1129:       result := l ror -r;
1130:     end if;
1131:     return result;
1132:   end function "rol";
1133: 
1134:   function "ror" (L : BOOLEAN_VECTOR; R : INTEGER)
1135:     return BOOLEAN_VECTOR is
1136:     alias lv : BOOLEAN_VECTOR (1 to l'length) is l;
1137:     variable result : BOOLEAN_VECTOR (1 to l'length);
1138:     constant rm : INTEGER := r mod l'length;
1139:   begin
1140:     if r >= 0 then
1141:       result(rm + 1 to l'length) := lv(1 to l'length - rm);
1142:       result(1 to rm) := lv(l'length - rm + 1 to l'length);
1143:     else
1144:       result := l rol -r;
1145:     end if;
1146:     return result;
1147:   end function "ror";
1148: --  function "=" (L, R: BOOLEAN_VECTOR) return BOOLEAN;
1149: --  function "/=" (L, R: BOOLEAN_VECTOR) return BOOLEAN;
1150: --  function "<" (L, R: BOOLEAN_VECTOR) return BOOLEAN;
1151: --  function "<=" (L, R: BOOLEAN_VECTOR) return BOOLEAN;
1152: --  function ">" (L, R: BOOLEAN_VECTOR) return BOOLEAN;
1153: --  function ">=" (L, R: BOOLEAN_VECTOR) return BOOLEAN;
1154: 
1155:   function \?=\ (L, R : BOOLEAN_VECTOR) return BOOLEAN is
1156:   begin
1157:     return L = R;
1158:   end function \?=\;
1159: 
1160:   function \?/=\ (L, R : BOOLEAN_VECTOR) return BOOLEAN is
1161:   begin
1162:     return L /= R;
1163:   end function \?/=\;
1164:   
1165:   function "?=" (L, R : BOOLEAN_VECTOR) return BOOLEAN is
1166:   begin
1167:     return L = R;
1168:   end function "?=";
1169: 
1170:   function "?/=" (L, R : BOOLEAN_VECTOR) return BOOLEAN is
1171:   begin
1172:     return L /= R;
1173:   end function "?/=";
1174: 
1175: --  function "&" (L: BOOLEAN_VECTOR; R: BOOLEAN_VECTOR)
1176: --    return BOOLEAN_VECTOR;
1177: --  function "&" (L: BOOLEAN_VECTOR; R: BOOLEAN) return BOOLEAN_VECTOR;
1178: --  function "&" (L: BOOLEAN; R: BOOLEAN_VECTOR) return BOOLEAN_VECTOR;
1179: --  function "&" (L: BOOLEAN; R: BOOLEAN) return BOOLEAN_VECTOR;
1180: 
1181:   function MINIMUM (L, R : BOOLEAN_VECTOR) return BOOLEAN_VECTOR is
1182:   begin
1183:     if L > R then return R;
1184:     else return L;
1185:     end if;
1186:   end function MINIMUM;
1187: 
1188:   function MAXIMUM (L, R : BOOLEAN_VECTOR) return BOOLEAN_VECTOR is
1189:   begin
1190:     if L > R then return L;
1191:     else return R;
1192:     end if;
1193:   end function MAXIMUM;
1194: 
1195:   function MINIMUM (L : BOOLEAN_VECTOR) return BOOLEAN is
1196:     variable result : BOOLEAN := BOOLEAN'high;
1197:   begin
1198:     for i in l'range loop
1199:       result := minimum (l(i), result);
1200:     end loop;
1201:     return result;
1202:   end function MINIMUM;
1203: 
1204:   function MAXIMUM (L : BOOLEAN_VECTOR) return BOOLEAN is
1205:     variable result : BOOLEAN := BOOLEAN'low;
1206:   begin
1207:     for i in l'range loop
1208:       result := maximum (l(i), result);
1209:     end loop;
1210:     return result;
1211:   end function MAXIMUM;
1212: 
1213:   function "and" (L : BIT_VECTOR; R : BIT) return BIT_VECTOR is
1214:     alias lv : BIT_VECTOR (1 to l'length) is l;
1215:     variable result : BIT_VECTOR (1 to l'length);
1216:   begin
1217:     for i in result'range loop
1218:       result(i) := lv(i) and r;
1219:     end loop;
1220:     return result;
1221:   end function "and";
1222: 
1223:   function "and" (L : BIT; R : BIT_VECTOR) return BIT_VECTOR is
1224:     alias rv : BIT_VECTOR (1 to r'length) is r;
1225:     variable result : BIT_VECTOR (1 to r'length);
1226:   begin
1227:     for i in result'range loop
1228:       result(i) := l and rv(i);
1229:     end loop;
1230:     return result;
1231:   end function "and";
1232: 
1233:   function "or" (L : BIT_VECTOR; R : BIT) return BIT_VECTOR is
1234:     alias lv : BIT_VECTOR (1 to l'length) is l;
1235:     variable result : BIT_VECTOR (1 to l'length);
1236:   begin
1237:     for i in result'range loop
1238:       result(i) := lv(i) or r;
1239:     end loop;
1240:     return result;
1241:   end function "or";
1242: 
1243:   function "or" (L : BIT; R : BIT_VECTOR) return BIT_VECTOR is
1244:     alias rv : BIT_VECTOR (1 to r'length) is r;
1245:     variable result : BIT_VECTOR (1 to r'length);
1246:   begin
1247:     for i in result'range loop
1248:       result(i) := l or rv(i);
1249:     end loop;
1250:     return result;
1251:   end function "or";
1252: 
1253:   function "nand" (L : BIT_VECTOR; R : BIT) return BIT_VECTOR is
1254:     alias lv : BIT_VECTOR (1 to l'length) is l;
1255:     variable result : BIT_VECTOR (1 to l'length);
1256:   begin
1257:     for i in result'range loop
1258:       result(i) := lv(i) and r;
1259:     end loop;
1260:     return not result;
1261:   end function "nand";
1262: 
1263:   function "nand" (L : BIT; R : BIT_VECTOR) return BIT_VECTOR is
1264:     alias rv : BIT_VECTOR (1 to r'length) is r;
1265:     variable result : BIT_VECTOR (1 to r'length);
1266:   begin
1267:     for i in result'range loop
1268:       result(i) := l and rv(i);
1269:     end loop;
1270:     return not result;
1271:   end function "nand";
1272: 
1273:   function "nor" (L : BIT_VECTOR; R : BIT) return BIT_VECTOR is
1274:     alias lv : BIT_VECTOR (1 to l'length) is l;
1275:     variable result : BIT_VECTOR (1 to l'length);
1276:   begin
1277:     for i in result'range loop
1278:       result(i) := lv(i) or r;
1279:     end loop;
1280:     return not result;
1281:   end function "nor";
1282: 
1283:   function "nor" (L : BIT; R : BIT_VECTOR) return BIT_VECTOR is
1284:     alias rv : BIT_VECTOR (1 to r'length) is r;
1285:     variable result : BIT_VECTOR (1 to r'length);
1286:   begin
1287:     for i in result'range loop
1288:       result(i) := l or rv(i);
1289:     end loop;
1290:     return not result;
1291:   end function "nor";
1292: 
1293:   function "xor" (L : BIT_VECTOR; R : BIT) return BIT_VECTOR is
1294:     alias lv : BIT_VECTOR (1 to l'length) is l;
1295:     variable result : BIT_VECTOR (1 to l'length);
1296:   begin
1297:     for i in result'range loop
1298:       result(i) := lv(i) xor r;
1299:     end loop;
1300:     return result;
1301:   end function "xor";
1302: 
1303:   function "xor" (L : BIT; R : BIT_VECTOR) return BIT_VECTOR is
1304:     alias rv : BIT_VECTOR (1 to r'length) is r;
1305:     variable result : BIT_VECTOR (1 to r'length);
1306:   begin
1307:     for i in result'range loop
1308:       result(i) := l xor rv(i);
1309:     end loop;
1310:     return result;
1311:   end function "xor";
1312: 
1313:   function "xnor" (L : BIT_VECTOR; R : BIT) return BIT_VECTOR is
1314:     alias lv : BIT_VECTOR (1 to l'length) is l;
1315:     variable result : BIT_VECTOR (1 to l'length);
1316:   begin
1317:     for i in result'range loop
1318:       result(i) := lv(i) xor r;
1319:     end loop;
1320:     return not result;
1321:   end function "xnor";
1322: 
1323:   function "xnor" (L : BIT; R : BIT_VECTOR) return BIT_VECTOR is
1324:     alias rv : BIT_VECTOR (1 to r'length) is r;
1325:     variable result : BIT_VECTOR (1 to r'length);
1326:   begin
1327:     for i in result'range loop
1328:       result(i) := l xor rv(i);
1329:     end loop;
1330:     return not result;
1331:   end function "xnor";
1332: 
1333:   function and_reduce (L : BIT_VECTOR) return BIT is
1334:     variable result : BIT := '1';
1335:   begin
1336:     for i in l'reverse_range loop
1337:       result := l(i) and result;
1338:     end loop;
1339:     return result;
1340:   end function and_reduce;
1341: 
1342:   function or_reduce (L : BIT_VECTOR) return BIT is
1343:     variable result : BIT := '0';
1344:   begin
1345:     for i in l'reverse_range loop
1346:       result := l(i) or result;
1347:     end loop;
1348:     return result;
1349:   end function or_reduce;
1350: 
1351:   function nand_reduce (L : BIT_VECTOR) return BIT is
1352:     variable result : BIT := '1';
1353:   begin
1354:     for i in l'reverse_range loop
1355:       result := l(i) and result;
1356:     end loop;
1357:     return not result;
1358:   end function nand_reduce;
1359: 
1360:   function nor_reduce (L : BIT_VECTOR) return BIT is
1361:     variable result : BIT := '0';
1362:   begin
1363:     for i in l'reverse_range loop
1364:       result := l(i) or result;
1365:     end loop;
1366:     return not result;
1367:   end function nor_reduce;
1368: 
1369:   function xor_reduce (L : BIT_VECTOR) return BIT is
1370:     variable result : BIT := '0';
1371:   begin
1372:     for i in l'reverse_range loop
1373:       result := l(i) xor result;
1374:     end loop;
1375:     return result;
1376:   end function xor_reduce;
1377: 
1378:   function xnor_reduce (L : BIT_VECTOR) return BIT is
1379:     variable result : BIT := '0';
1380:   begin
1381:     for i in l'reverse_range loop
1382:       result := l(i) xor result;
1383:     end loop;
1384:     return not result;
1385:   end function xnor_reduce;
1386: 
1387:   function "and" (L : BIT_VECTOR) return BIT is
1388:     variable result : BIT := '1';
1389:   begin
1390:     for i in l'reverse_range loop
1391:       result := l(i) and result;
1392:     end loop;
1393:     return result;
1394:   end function "and";
1395: 
1396:   function "or" (L : BIT_VECTOR) return BIT is
1397:     variable result : BIT := '0';
1398:   begin
1399:     for i in l'reverse_range loop
1400:       result := l(i) or result;
1401:     end loop;
1402:     return result;
1403:   end function "or";
1404: 
1405:   function "nand" (L : BIT_VECTOR) return BIT is
1406:     variable result : BIT := '1';
1407:   begin
1408:     for i in l'reverse_range loop
1409:       result := l(i) and result;
1410:     end loop;
1411:     return not result;
1412:   end function "nand";
1413: 
1414:   function "nor" (L : BIT_VECTOR) return BIT is
1415:     variable result : BIT := '0';
1416:   begin
1417:     for i in l'reverse_range loop
1418:       result := l(i) or result;
1419:     end loop;
1420:     return not result;
1421:   end function "nor";
1422: 
1423:   function "xor" (L : BIT_VECTOR) return BIT is
1424:     variable result : BIT := '0';
1425:   begin
1426:     for i in l'reverse_range loop
1427:       result := l(i) xor result;
1428:     end loop;
1429:     return result;
1430:   end function "xor";
1431: 
1432:   function "xnor" (L : BIT_VECTOR) return BIT is
1433:     variable result : BIT := '0';
1434:   begin
1435:     for i in l'reverse_range loop
1436:       result := l(i) xor result;
1437:     end loop;
1438:     return not result;
1439:   end function "xnor";
1440: 
1441:   function \?=\ (L, R : BIT_VECTOR) return BIT is
1442:   begin
1443:     if L = R then
1444:       return '1';
1445:     else
1446:       return '0';
1447:     end if;
1448:   end function \?=\;
1449: 
1450:   function \?/=\ (L, R : BIT_VECTOR) return BIT is
1451:   begin
1452:     if L /= R then
1453:       return '1';
1454:     else
1455:       return '0';
1456:     end if;
1457:   end function \?/=\;
1458: 
1459:   function "?=" (L, R : BIT_VECTOR) return BIT is
1460:   begin
1461:     if L = R then
1462:       return '1';
1463:     else
1464:       return '0';
1465:     end if;
1466:   end function "?=";
1467: 
1468:   function "?/=" (L, R : BIT_VECTOR) return BIT is
1469:   begin
1470:     if L /= R then
1471:       return '1';
1472:     else
1473:       return '0';
1474:     end if;
1475:   end function "?/=";
1476: 
1477:   function MINIMUM (L, R : BIT_VECTOR) return BIT_VECTOR is
1478:   begin
1479:     if L > R then return R;
1480:     else return L;
1481:     end if;
1482:   end function MINIMUM;
1483: 
1484:   function MAXIMUM (L, R : BIT_VECTOR) return BIT_VECTOR is
1485:   begin
1486:     if L > R then return L;
1487:     else return R;
1488:     end if;
1489:   end function MAXIMUM;
1490: 
1491:   function MINIMUM (L : BIT_VECTOR) return BIT is
1492:     variable result : BIT := BIT'high;
1493:   begin
1494:     for i in l'range loop
1495:       result := minimum (l(i), result);
1496:     end loop;
1497:     return result;
1498:   end function MINIMUM;
1499: 
1500:   function MAXIMUM (L : BIT_VECTOR) return BIT is
1501:     variable result : BIT := BIT'low;
1502:   begin
1503:     for i in l'range loop
1504:       result := maximum (l(i), result);
1505:     end loop;
1506:     return result;
1507:   end function MAXIMUM;
1508: 
1509:   function TO_STRING (VALUE : BIT_VECTOR) return STRING is
1510:     alias ivalue : BIT_VECTOR(1 to value'length) is value;
1511:     variable result : STRING(1 to value'length);
1512:   begin
1513:     if value'length < 1 then
1514:       return "";
1515:     else
1516:       for i in ivalue'range loop
1517:         if iValue(i) = '0' then
1518:           result(i) := '0';
1519:         else
1520:           result(i) := '1';
1521:         end if;
1522:       end loop;
1523:       return result;
1524:     end if;
1525:   end function to_string;
1526: 
1527: --  alias TO_BSTRING is TO_STRING [BIT_VECTOR return STRING];
1528: --  alias TO_BINARY_STRING is TO_STRING [BIT_VECTOR return STRING];
1529: 
1530:   function TO_OSTRING (VALUE : BIT_VECTOR) return STRING is
1531:     constant ne : INTEGER := (value'length+2)/3;
1532:     constant pad : BIT_VECTOR(0 to (ne*3 - value'length) - 1) := (others => '0');
1533:     variable ivalue : BIT_VECTOR(0 to ne*3 - 1);
1534:     variable result : STRING(1 to ne);
1535:     variable tri : BIT_VECTOR(0 to 2);
1536:   begin
1537:     if value'length < 1 then
1538:       return "";
1539:     end if;
1540:     ivalue := pad & value;
1541:     for i in 0 to ne-1 loop
1542:       tri := ivalue(3*i to 3*i+2);
1543:       case tri is
1544:         when o"0" => result(i+1) := '0';
1545:         when o"1" => result(i+1) := '1';
1546:         when o"2" => result(i+1) := '2';
1547:         when o"3" => result(i+1) := '3';
1548:         when o"4" => result(i+1) := '4';
1549:         when o"5" => result(i+1) := '5';
1550:         when o"6" => result(i+1) := '6';
1551:         when o"7" => result(i+1) := '7';
1552:       end case;
1553:     end loop;
1554:     return result;
1555:   end function to_ostring;
1556: --  alias TO_OCTAL_STRING is TO_OSTRING [BIT_VECTOR return STRING];
1557: 
1558:   function TO_HSTRING (VALUE : BIT_VECTOR) return STRING is
1559:     constant ne : INTEGER := (value'length+3)/4;
1560:     constant pad : BIT_VECTOR(0 to (ne*4 - value'length) - 1) := (others => '0');
1561:     variable ivalue : BIT_VECTOR(0 to ne*4 - 1);
1562:     variable result : STRING(1 to ne);
1563:     variable quad : BIT_VECTOR(0 to 3);
1564:   begin
1565:     if value'length < 1 then
1566:       return "";
1567:     end if;
1568:     ivalue := pad & value;
1569:     for i in 0 to ne-1 loop
1570:       quad := ivalue(4*i to 4*i+3);
1571:       case quad is
1572:         when x"0" => result(i+1) := '0';
1573:         when x"1" => result(i+1) := '1';
1574:         when x"2" => result(i+1) := '2';
1575:         when x"3" => result(i+1) := '3';
1576:         when x"4" => result(i+1) := '4';
1577:         when x"5" => result(i+1) := '5';
1578:         when x"6" => result(i+1) := '6';
1579:         when x"7" => result(i+1) := '7';
1580:         when x"8" => result(i+1) := '8';
1581:         when x"9" => result(i+1) := '9';
1582:         when x"A" => result(i+1) := 'A';
1583:         when x"B" => result(i+1) := 'B';
1584:         when x"C" => result(i+1) := 'C';
1585:         when x"D" => result(i+1) := 'D';
1586:         when x"E" => result(i+1) := 'E';
1587:         when x"F" => result(i+1) := 'F';
1588:       end case;
1589:     end loop;
1590:     return result;
1591:   end function to_hstring;
1592: --  alias TO_HEX_STRING is TO_HSTRING [BIT_VECTOR return STRING];
1593: 
1594: --  type INTEGER_VECTOR is array (NATURAL range <>) of INTEGER;
1595:   -- The predefined operations for this type are as follows:
1596: 
1597:   function "=" (L, R : INTEGER_VECTOR) return BOOLEAN is
1598:   begin
1599:     -- AVSREQ-156748: If both L and R are null-range INTEGER_VECTOR, then their length would match as 0.
1600:     -- So, return true for this case also.
1601:     if L'length /= R'length then --or L'length < 1 or R'length < 1 then
1602:       return false;
1603:     else
1604:       for i in l'range loop
1605:         if L(i) /= R(i) then
1606:           return false;
1607:         end if;
1608:       end loop;
1609:       return true;
1610:     end if;
1611:   end function "=";
1612: 
1613:   function "/=" (L, R : INTEGER_VECTOR) return BOOLEAN is
1614:   begin
1615:     return not (L = R);
1616:   end function "/=";
1617: 
1618:   function "<" (L, R : INTEGER_VECTOR) return BOOLEAN is
1619:   begin
1620:     if L'length /= R'length then
1621:       return L'length < R'length;
1622:     else
1623:       for i in l'range loop
1624:         if L(i) /= R(i) then
1625:           if L(i) < R(i) then
1626:             return true;
1627:           else
1628:             return false;
1629:           end if;
1630:         end if;
1631:       end loop;
1632:       return false;
1633:     end if;
1634:   end function "<";
1635: 
1636:   function "<=" (L, R : INTEGER_VECTOR) return BOOLEAN is
1637:   begin
1638:     if L'length /= R'length then
1639:       return L'length < R'length;
1640:     else
1641:       for i in l'range loop
1642:         if L(i) /= R(i) then
1643:           if L(i) < R(i) then
1644:             return true;
1645:           else
1646:             return false;
1647:           end if;
1648:         end if;
1649:       end loop;
1650:       return true;
1651:     end if;
1652:   end function "<=";
1653: 
1654:   function ">" (L, R : INTEGER_VECTOR) return BOOLEAN is
1655:   begin
1656:     if L'length /= R'length then
1657:       return L'length > R'length;
1658:     else
1659:       for i in l'range loop
1660:         if L(i) /= R(i) then
1661:           if L(i) > R(i) then
1662:             return true;
1663:           else
1664:             return false;
1665:           end if;
1666:         end if;
1667:       end loop;
1668:       return false;
1669:     end if;
1670:   end function ">";
1671: 
1672:   function ">=" (L, R : INTEGER_VECTOR) return BOOLEAN is
1673:   begin
1674:     if L'length /= R'length then
1675:       return L'length > R'length;
1676:     else
1677:       for i in l'range loop
1678:         if L(i) /= R(i) then
1679:           if L(i) > R(i) then
1680:             return true;
1681:           else
1682:             return false;
1683:           end if;
1684:         end if;
1685:       end loop;
1686:       return true;
1687:     end if;
1688:   end function ">=";
1689: --  function "&" (L: INTEGER_VECTOR; R: INTEGER_VECTOR)
1690: --    return INTEGER_VECTOR;
1691: --  function "&" (L: INTEGER_VECTOR; R: INTEGER) return INTEGER_VECTOR;
1692: --  function "&" (L: INTEGER; R: INTEGER_VECTOR) return INTEGER_VECTOR;
1693: --  function "&" (L: INTEGER; R: INTEGER) return INTEGER_VECTOR;
1694: 
1695:   function MINIMUM (L, R : INTEGER_VECTOR) return INTEGER_VECTOR is
1696:   begin
1697:     if L > R then return R;
1698:     else return L;
1699:     end if;
1700:   end function MINIMUM;
1701: 
1702:   function MAXIMUM (L, R : INTEGER_VECTOR) return INTEGER_VECTOR is
1703:   begin
1704:     if L > R then return L;
1705:     else return R;
1706:     end if;
1707:   end function MAXIMUM;
1708: 
1709:   function MINIMUM (L : INTEGER_VECTOR) return INTEGER is
1710:     variable result : INTEGER := INTEGER'high;
1711:   begin
1712:     for i in l'range loop
1713:       result := minimum (l(i), result);
1714:     end loop;
1715:     return result;
1716:   end function MINIMUM;
1717: 
1718:   function MAXIMUM (L : INTEGER_VECTOR) return INTEGER is
1719:     variable result : INTEGER := INTEGER'low;
1720:   begin
1721:     for i in l'range loop
1722:       result := maximum (l(i), result);
1723:     end loop;
1724:     return result;
1725:   end function MAXIMUM;
1726: 
1727:   -- type REAL_VECTOR is array (NATURAL range <>) of REAL;
1728:   -- The predefined operations for this type are as follows:
1729:   function "=" (L, R : REAL_VECTOR) return BOOLEAN is
1730:   begin
1731:     -- AVSREQ-156748: If both L and R are null-range REAL_VECTOR, then their length would match as 0.
1732:     -- So, return true for this case also.
1733:     if L'length /= R'length then --or L'length < 1 or R'length < 1 then
1734:       return false;
1735:     else
1736:       for i in l'range loop
1737:         if L(i) /= R(i) then
1738:           return false;
1739:         end if;
1740:       end loop;
1741:       return true;
1742:     end if;
1743:   end function "=";
1744: 
1745:   function "/=" (L, R : REAL_VECTOR) return BOOLEAN is
1746:   begin
1747:     return not (L = R);
1748:   end function "/=";
1749: 
1750:   function "<" (L, R : REAL_VECTOR) return BOOLEAN is
1751:   begin
1752:     if L'length /= R'length then
1753:       return L'length < R'length;
1754:     else
1755:       for i in l'range loop
1756:         if L(i) /= R(i) then
1757:           if L(i) < R(i) then
1758:             return true;
1759:           else
1760:             return false;
1761:           end if;
1762:         end if;
1763:       end loop;
1764:       return false;
1765:     end if;
1766:   end function "<";
1767: 
1768:   function "<=" (L, R : REAL_VECTOR) return BOOLEAN is
1769:   begin
1770:     if L'length /= R'length then
1771:       return L'length < R'length;
1772:     else
1773:       for i in l'range loop
1774:         if L(i) /= R(i) then
1775:           if L(i) < R(i) then
1776:             return true;
1777:           else
1778:             return false;
1779:           end if;
1780:         end if;
1781:       end loop;
1782:       return true;
1783:     end if;
1784:   end function "<=";
1785: 
1786:   function ">" (L, R : REAL_VECTOR) return BOOLEAN is
1787:   begin
1788:     if L'length /= R'length then
1789:       return L'length > R'length;
1790:     else
1791:       for i in l'range loop
1792:         if L(i) /= R(i) then
1793:           if L(i) > R(i) then
1794:             return true;
1795:           else
1796:             return false;
1797:           end if;
1798:         end if;
1799:       end loop;
1800:       return false;
1801:     end if;
1802:   end function ">";
1803: 
1804:   function ">=" (L, R : REAL_VECTOR) return BOOLEAN is
1805:   begin
1806:     if L'length /= R'length then
1807:       return L'length > R'length;
1808:     else
1809:       for i in l'range loop
1810:         if L(i) /= R(i) then
1811:           if L(i) > R(i) then
1812:             return true;
1813:           else
1814:             return false;
1815:           end if;
1816:         end if;
1817:       end loop;
1818:       return true;
1819:     end if;
1820:   end function ">=";
1821: --  function "&" (L: REAL_VECTOR; R: REAL_VECTOR)
1822: --    return REAL_VECTOR;
1823: --  function "&" (L: REAL_VECTOR; R: REAL) return REAL_VECTOR;
1824: --  function "&" (L: REAL; R: REAL_VECTOR) return REAL_VECTOR;
1825: --  function "&" (L: REAL; R: REAL) return REAL_VECTOR;
1826: 
1827:   function MINIMUM (L, R : REAL_VECTOR) return REAL_VECTOR is
1828:   begin
1829:     if L > R then return R;
1830:     else return L;
1831:     end if;
1832:   end function MINIMUM;
1833: 
1834:   function MAXIMUM (L, R : REAL_VECTOR) return REAL_VECTOR is
1835:   begin
1836:     if L > R then return L;
1837:     else return R;
1838:     end if;
1839:   end function MAXIMUM;
1840: 
1841:   function MINIMUM (L : REAL_VECTOR) return REAL is
1842:     variable result : REAL := REAL'high;
1843:   begin
1844:     for i in l'range loop
1845:       result := minimum (l(i), result);
1846:     end loop;
1847:     return result;
1848:   end function MINIMUM;
1849: 
1850:   function MAXIMUM (L : REAL_VECTOR) return REAL is
1851:     variable result : REAL := REAL'low;
1852:   begin
1853:     for i in l'range loop
1854:       result := maximum (l(i), result);
1855:     end loop;
1856:     return result;
1857:   end function MAXIMUM;
1858: 
1859:   -- type TIME_VECTOR is array (NATURAL range <>) of TIME;
1860:   -- The predefined implicit operations for this type are as follows:
1861:   function "=" (L, R : TIME_VECTOR) return BOOLEAN is
1862:   begin
1863:     -- AVSREQ-156748: If both L and R are null-range TIME_VECTOR, then their length would match as 0.
1864:     -- So, return true for this case also.
1865:     if L'length /= R'length then --or L'length < 1 or R'length < 1 then
1866:       return false;
1867:     else
1868:       for i in l'range loop
1869:         if L(i) /= R(i) then
1870:           return false;
1871:         end if;
1872:       end loop;
1873:       return true;
1874:     end if;
1875:   end function "=";
1876: 
1877:   function "/=" (L, R : TIME_VECTOR) return BOOLEAN is
1878:   begin
1879:     return not (L = R);
1880:   end function "/=";
1881: 
1882:   function "<" (L, R : TIME_VECTOR) return BOOLEAN is
1883:   begin
1884:     if L'length /= R'length then
1885:       return L'length < R'length;
1886:     else
1887:       for i in l'range loop
1888:         if L(i) /= R(i) then
1889:           if L(i) < R(i) then
1890:             return true;
1891:           else
1892:             return false;
1893:           end if;
1894:         end if;
1895:       end loop;
1896:       return false;
1897:     end if;
1898:   end function "<";
1899: 
1900:   function "<=" (L, R : TIME_VECTOR) return BOOLEAN is
1901:   begin
1902:     if L'length /= R'length then
1903:       return L'length < R'length;
1904:     else
1905:       for i in l'range loop
1906:         if L(i) /= R(i) then
1907:           if L(i) < R(i) then
1908:             return true;
1909:           else
1910:             return false;
1911:           end if;
1912:         end if;
1913:       end loop;
1914:       return true;
1915:     end if;
1916:   end function "<=";
1917: 
1918:   function ">" (L, R : TIME_VECTOR) return BOOLEAN is
1919:   begin
1920:     if L'length /= R'length then
1921:       return L'length > R'length;
1922:     else
1923:       for i in l'range loop
1924:         if L(i) /= R(i) then
1925:           if L(i) > R(i) then
1926:             return true;
1927:           else
1928:             return false;
1929:           end if;
1930:         end if;
1931:       end loop;
1932:       return false;
1933:     end if;
1934:   end function ">";
1935: 
1936:   function ">=" (L, R : TIME_VECTOR) return BOOLEAN is
1937:   begin
1938:     if L'length /= R'length then
1939:       return L'length > R'length;
1940:     else
1941:       for i in l'range loop
1942:         if L(i) /= R(i) then
1943:           if L(i) > R(i) then
1944:             return true;
1945:           else
1946:             return false;
1947:           end if;
1948:         end if;
1949:       end loop;
1950:       return true;
1951:     end if;
1952:   end function ">=";
1953: --  function "&" (L: TIME_VECTOR; R: TIME_VECTOR)
1954: --    return TIME_VECTOR;
1955: --  function "&" (L: TIME_VECTOR; R: TIME) return TIME_VECTOR;
1956: --  function "&" (L: TIME; R: TIME_VECTOR) return TIME_VECTOR;
1957: --  function "&" (L: TIME; R: TIME) return TIME_VECTOR;
1958: 
1959:   function MINIMUM (L, R : TIME_VECTOR) return TIME_VECTOR is
1960:   begin
1961:     if L > R then return R;
1962:     else return L;
1963:     end if;
1964:   end function MINIMUM;
1965: 
1966:   function MAXIMUM (L, R : TIME_VECTOR) return TIME_VECTOR is
1967:   begin
1968:     if L > R then return L;
1969:     else return R;
1970:     end if;
1971:   end function MAXIMUM;
1972: 
1973:   function MINIMUM (L : TIME_VECTOR) return TIME is
1974:     variable result : TIME := TIME'high;
1975:   begin
1976:     for i in l'range loop
1977:       result := minimum (l(i), result);
1978:     end loop;
1979:     return result;
1980:   end function MINIMUM;
1981: 
1982:   function MAXIMUM (L : TIME_VECTOR) return TIME is
1983:     variable result : TIME := TIME'low;
1984:   begin
1985:     for i in l'range loop
1986:       result := maximum (l(i), result);
1987:     end loop;
1988:     return result;
1989:   end function MAXIMUM;
1990: 
1991:   function MINIMUM (L, R : FILE_OPEN_KIND) return FILE_OPEN_KIND is
1992:   begin
1993:     if L > R then return R;
1994:     else return L;
1995:     end if;
1996:   end function MINIMUM;
1997: 
1998:   function MAXIMUM (L, R : FILE_OPEN_KIND) return FILE_OPEN_KIND is
1999:   begin
2000:     if L > R then return L;
2001:     else return R;
2002:     end if;
2003:   end function MAXIMUM;
2004: 
2005:   function TO_STRING (VALUE : FILE_OPEN_KIND) return STRING is
2006:   begin
2007:     return FILE_OPEN_KIND'image(VALUE);
2008:   end function TO_STRING;
2009: 
2010:   function MINIMUM (L, R : FILE_OPEN_STATUS) return FILE_OPEN_STATUS is
2011:   begin
2012:     if L > R then return R;
2013:     else return L;
2014:     end if;
2015:   end function MINIMUM;
2016: 
2017:   function MAXIMUM (L, R : FILE_OPEN_STATUS) return FILE_OPEN_STATUS is
2018:   begin
2019:     if L > R then return L;
2020:     else return R;
2021:     end if;
2022:   end function MAXIMUM;
2023: 
2024:   function TO_STRING (VALUE : FILE_OPEN_STATUS) return STRING is
2025:   begin
2026:     return FILE_OPEN_STATUS'image(VALUE);
2027:   end function TO_STRING;
2028: 
2029:   -- USED INTERNALLY!
2030:   function justify (
2031:     value : in STRING;
2032:     justified : in SIDE := right;
2033:     field : in width := 0)
2034:     return STRING is
2035:     constant VAL_LEN : INTEGER := value'length;
2036:     variable result : STRING (1 to field) := (others => ' ');
2037:   begin  -- function justify
2038:     -- return value if field is too small
2039:     if VAL_LEN >= field then
2040:       return value;
2041:     end if;
2042:     if justified = left then
2043:       result(1 to VAL_LEN) := value;
2044:     elsif justified = right then
2045:       result(field - VAL_LEN + 1 to field) := value;
2046:     end if;
2047:     return result;
2048:   end function justify;
2049: 
2050:   function TO_STRING (VALUE : TIME; UNIT : TIME) return STRING is
2051:     variable L : LINE;  -- pointer
2052:   begin
2053:     deallocate (L);
2054:     write (L => L,
2055:            VALUE => VALUE,
2056:            UNIT => UNIT);
2057:     return L.all;
2058:   end function to_string;
2059: 
2060:   function TO_STRING (VALUE : REAL; FORMAT : STRING) return STRING is
2061:     constant czero : CHARACTER := '0';  -- zero
2062:     constant half : REAL := 0.4999999999;  -- almost 0.5
2063:     -- Log10 funciton
2064:     function log10 (arg : REAL) return INTEGER is
2065:       variable i : INTEGER := 1;
2066:     begin
2067:       if ((arg = 0.0)) then
2068:         return 0;
2069:       elsif arg >= 1.0 then
2070:         while arg >= 10.0**i loop
2071:           i := i + 1;
2072:         end loop;
2073:         return (i-1);
2074:       else
2075:         while arg < 10.0**i loop
2076:           i := i - 1;
2077:         end loop;
2078:         return i;
2079:       end if;
2080:     end function log10;
2081:     -- purpose: writes a fractional real number into a line
2082:     procedure writefrc (
2083:       variable L : inout LINE;  -- LINE
2084:       variable cdes : in CHARACTER;
2085:       variable precision : in INTEGER;  -- number of decimal places
2086:       variable value : in REAL) is  -- real value
2087:       variable rvar : REAL;  -- temp variable
2088:       variable xint : INTEGER;
2089:       variable xreal : REAL;
2090:     begin
2091:       xreal := (10.0**(-precision));
2092:       write (L, '.');
2093:       rvar := value;
2094:       for i in 1 to precision loop
2095:         rvar := rvar * 10.0;
2096:         xint := INTEGER(rvar-0.49999999999);  -- round
2097:         write (L, xint);
2098:         rvar := rvar - REAL(xint);
2099:         xreal := xreal * 10.0;
2100:         if (cdes = 'g') and (rvar < xreal) then
2101:           exit;
2102:         end if;
2103:       end loop;
2104:     end procedure writefrc;
2105:     -- purpose: replace the "." with a "@", and "e" with "j" to get around
2106:     -- read ("6.") and read ("2e") issues.
2107:     function subdot (
2108:       constant format : STRING)
2109:       return STRING is
2110:       variable result : STRING (format'range);
2111:     begin
2112:       for i in format'range loop
2113:         if (format(i) = '.') then
2114:           result(i) := '@';  -- Because the parser reads 6.2 as REAL
2115:         elsif (format(i) = 'e') then
2116:           result(i) := 'j';  -- Because the parser read 2e as REAL
2117:         elsif (format(i) = 'E') then
2118:           result(i) := 'J';  -- Because the parser reads 2E as REAL
2119:         else
2120:           result(i) := format(i);
2121:         end if;
2122:       end loop;
2123:       return result;
2124:     end function subdot;
2125:     -- purpose: find a . in a STRING
2126:     function isdot (
2127:       constant format : STRING)
2128:       return BOOLEAN is
2129:     begin
2130:       for i in format'range loop
2131:         if (format(i) = '@') then
2132:           return true;
2133:         end if;
2134:       end loop;
2135:       return false;
2136:     end function isdot;
2137:     variable exp : INTEGER;  -- integer version of baseexp
2138:     variable bvalue : REAL;  -- base value
2139:     variable roundvar, tvar : REAL;  -- Rounding values
2140:     variable frcptr : INTEGER;  -- integer version of number
2141:     variable fwidth, dwidth : INTEGER;  -- field width and decimal width
2142:     variable dash, dot : BOOLEAN := false;
2143:     variable cdes, ddes : CHARACTER := ' ';
2144:     variable L : LINE;  -- line type
2145:   begin
2146:     -- Perform the same function that "printf" does
2147:     -- examples "%6.2f" "%-7e" "%g"
2148:     if not (format(format'left) = '%') then
2149:       report "to_string: Illegal format string """ & format & '"'
2150:         severity error;
2151:       return "";
2152:     end if;
2153:     L := new STRING'(subdot(format));
2154:     read (L, ddes);  -- toss the '%'
2155:     case L.all(1) is
2156:       when '-' => dash := true;
2157:       when '@' => dash := true;  -- in FP, a "-" and a "." are the same
2158:       when 'f' => cdes := 'f';
2159:       when 'F' => cdes := 'F';
2160:       when 'g' => cdes := 'g';
2161:       when 'G' => cdes := 'G';
2162:       when 'j' => cdes := 'e';  -- parser reads 5e as real, thus we sub j
2163:       when 'J' => cdes := 'E';
2164:       when '0'|'1'|'2'|'3'|'4'|'5'|'6'|'7'|'8'|'9' => null;
2165:       when others =>
2166:         report "to_string: Illegal format string """ & format & '"'
2167:           severity error;
2168:         return "";
2169:     end case;
2170:     if (dash or (cdes /= ' ')) then
2171:       read (L, ddes);  -- toss the next character
2172:     end if;
2173:     if (cdes = ' ') then
2174:       if (isdot(L.all)) then  -- if you see a . two numbers
2175:         read (L, fwidth);  -- read field width
2176:         read (L, ddes);  -- toss the next character .
2177:         read (L, dwidth);  -- read decimal width       
2178:       else
2179:         read (L, fwidth);  -- read field width
2180:         dwidth := 6;  -- the default decimal width is 6
2181:       end if;
2182:       read (L, cdes);
2183:       if (cdes = 'j') then
2184:         cdes := 'e';  -- because 2e reads as "REAL".
2185:       elsif (cdes = 'J') then
2186:         cdes := 'E';
2187:       end if;
2188:     else
2189:       if (cdes = 'E' or cdes = 'e') then
2190:         fwidth := 10;  -- default for e and E is %10.6e
2191:       else
2192:         fwidth := 0;  -- default for f and g is %0.6f
2193:       end if;
2194:       dwidth := 6;
2195:     end if;
2196:     deallocate (L);  -- reclame the pointer L.
2197: --      assert (not debug) report "Format: " & format & " "
2198: --        & INTEGER'image(fwidth) & "." & INTEGER'image(dwidth) & cdes
2199: --        severity note;
2200:     if (not (cdes = 'f' or cdes = 'F' or cdes = 'g' or cdes = 'G'
2201:              or cdes = 'e' or cdes = 'E')) then
2202:       report "to_string: Illegal format """ & format & '"' severity error;   
2203:       return "";
2204:     end if;
2205:     if (VALUE < 0.0) then
2206:       bvalue := -value;
2207:       write (L, '-');
2208:     else
2209:       bvalue := value;
2210:     end if;
2211:     case cdes is
2212:       when 'e' | 'E' =>  -- 7.000E+01
2213:         exp := log10(bvalue);
2214:         roundvar := half*(10.0**(exp-dwidth));
2215:         bvalue := bvalue + roundvar;  -- round
2216:         exp := log10(bvalue);  -- because we CAN overflow
2217:         bvalue := bvalue * (10.0**(-exp));  -- result is D.XXXXXX
2218:         frcptr := INTEGER(bvalue-half);  -- Write a single digit.
2219:         write (L, frcptr);
2220:         bvalue := bvalue - REAL(frcptr);
2221:         writefrc (-- Write out the fraction
2222:           L => L,
2223:           cdes => cdes,
2224:           precision => dwidth,
2225:           value => bvalue);
2226:         write (L, cdes);  -- e or E
2227:         if (exp < 0) then
2228:           write (L, '-');
2229:         else
2230:           write (L, '+');
2231:         end if;
2232:         exp := abs(exp);
2233:         if (exp < 10) then  -- we need another "0".
2234:           write (L, czero);
2235:         end if;
2236:         write (L, exp);
2237:       when 'f' | 'F' =>  -- 70.0
2238:         exp := log10(bvalue);
2239:         roundvar := half*(10.0**(-dwidth));
2240:         bvalue := bvalue + roundvar;  -- round
2241:         exp := log10(bvalue);  -- because we CAN overflow
2242:         if (exp < 0) then  -- 0.X case
2243:           write (L, czero);
2244:         else  -- loop because real'high > integer'high
2245:           while (exp >= 0) loop
2246:             frcptr := INTEGER(bvalue * (10.0**(-exp)) - half);
2247:             write (L, frcptr);
2248:             bvalue := bvalue - (REAL(frcptr) * (10.0**exp));
2249:             exp := exp-1;
2250:           end loop;
2251:         end if;
2252:         writefrc (
2253:           L => L,
2254:           cdes => cdes,
2255:           precision => dwidth,
2256:           value => bvalue);
2257:       when 'g' | 'G' =>  -- 70
2258:         exp := log10(bvalue);
2259:         roundvar := half*(10.0**(exp-dwidth));  -- small number
2260:         bvalue := bvalue + roundvar;  -- round
2261:         exp := log10(bvalue);  -- because we CAN overflow
2262:         frcptr := INTEGER(bvalue-half);
2263:         tvar := bvalue-roundvar - REAL(frcptr);  -- even smaller number
2264:         if (exp < dwidth)
2265:           and (tvar < roundvar and tvar > -roundvar) then
2266: --            and ((bvalue-roundvar) = real(frcptr)) then
2267:           write (L, frcptr);  -- Just a short integer, write it.
2268:         elsif (exp >= dwidth) or (exp < -4) then
2269:           -- in "e" format (modified)
2270:           bvalue := bvalue * (10.0**(-exp));  -- result is D.XXXXXX
2271:           frcptr := INTEGER(bvalue-half);
2272:           write (L, frcptr);
2273:           bvalue := bvalue - REAL(frcptr);
2274:           if (bvalue > (10.0**(1-dwidth))) then
2275:             dwidth := dwidth - 1;
2276:             writefrc (
2277:               L => L,
2278:               cdes => cdes,
2279:               precision => dwidth,
2280:               value => bvalue);
2281:           end if;
2282:           if (cdes = 'G') then
2283:             write (L, 'E');
2284:           else
2285:             write (L, 'e');
2286:           end if;
2287:           if (exp < 0) then
2288:             write (L, '-');
2289:           else
2290:             write (L, '+');
2291:           end if;
2292:           exp := abs(exp);
2293:           if (exp < 10) then
2294:             write (L, czero);
2295:           end if;
2296:           write (L, exp);
2297:         else
2298:           -- in "f" format (modified)
2299:           if (exp < 0) then
2300:             write (L, czero);
2301:             dwidth := maximum (dwidth, 4);  -- if exp < -4 or > precision.
2302:             bvalue := bvalue - roundvar;  -- recalculate rounding
2303:             roundvar := half*(10.0**(-dwidth));
2304:             bvalue := bvalue + roundvar;
2305:           else
2306:             write (L, frcptr);  -- integer part (always small)
2307:             bvalue := bvalue - (REAL(frcptr));
2308:             dwidth := dwidth - exp - 1;
2309:           end if;
2310:           if (bvalue > roundvar) then
2311:             writefrc (
2312:               L => L,
2313:               cdes => cdes,
2314:               precision => dwidth,
2315:               value => bvalue);
2316:           end if;
2317:         end if;
2318:       when others => return "";
2319:     end case;
2320:     -- You don't truncate real numbers.
2321: --      if (dot) then                 -- truncate
2322: --        if (L.all'length > fwidth) then
2323: --          return justify (value => L.all (1 to fwidth),
2324: --                          justified => RIGHT,
2325: --                          field => fwidth);         
2326: --        else
2327: --          return justify (value => L.all,
2328: --                          justified => RIGHT,
2329: --                          field => fwidth); 
2330: --        end if;
2331:     if (dash) then  -- fill to fwidth
2332:       return justify (value => L.all,
2333:                       justified => left,
2334:                       field => fwidth);
2335:     else
2336:       return justify (value => L.all,
2337:                       justified => right,
2338:                       field => fwidth);
2339:     end if;
2340:   end function to_string;
2341: 
2342: end package body standard_additions;

CHILD_SCOPES(@IEEE.std_logic_textio)= 70: package body std_logic_textio is
 71: --synopsys synthesis_off
 72: 
 73: 	-- Type and constant definitions used to map STD_ULOGIC values 
 74: 	-- into/from character values.
 75: 
 76: 	type MVL9plus is ('U', 'X', '0', '1', 'Z', 'W', 'L', 'H', '-', ERROR);
 77: 	type char_indexed_by_MVL9 is array (STD_ULOGIC) of character;
 78: 	type MVL9_indexed_by_char is array (character) of STD_ULOGIC;
 79: 	type MVL9plus_indexed_by_char is array (character) of MVL9plus;
 80: 
 81: 	constant MVL9_to_char: char_indexed_by_MVL9 := "UX01ZWLH-";
 82: 	constant char_to_MVL9: MVL9_indexed_by_char := 
 83: 		('U' => 'U', 'X' => 'X', '0' => '0', '1' => '1', 'Z' => 'Z',
 84: 		 'W' => 'W', 'L' => 'L', 'H' => 'H', '-' => '-', others => 'U');
 85: 	constant char_to_MVL9plus: MVL9plus_indexed_by_char := 
 86: 		('U' => 'U', 'X' => 'X', '0' => '0', '1' => '1', 'Z' => 'Z',
 87: 		 'W' => 'W', 'L' => 'L', 'H' => 'H', '-' => '-', others => ERROR);
 88: 
 89: 
 90: 	-- Overloaded procedures.
 91: 
 92: 	procedure READ(L:inout LINE; VALUE:out STD_ULOGIC; GOOD:out BOOLEAN) is
 93: 		variable c: character;
 94: 	begin
 95: 		loop					-- skip white space
 96: 			read(l,c);
 97: 			exit when ((c /= ' ') and (c /= CR) and (c /= HT));
 98: 		end loop;
 99: 
100: 		if (char_to_MVL9plus(c) = ERROR) then
101: 			value := 'U';
102: 			good := FALSE;
103: 		else
104: 			value := char_to_MVL9(c);
105: 			good := TRUE;
106: 		end if;
107: 	end READ;
108: 
109: 	procedure READ(L:inout LINE; VALUE:out STD_ULOGIC_VECTOR; GOOD:out BOOLEAN) is
110: 		variable m:  STD_ULOGIC;
111: 		variable c:  character;
112: 		variable s:  string(1 to value'length-1);
113: 		variable mv: STD_ULOGIC_VECTOR(0 to value'length-1);
114: 		constant allU: STD_ULOGIC_VECTOR(0 to value'length-1)
115: 		 				:= (others => 'U');
116: 	begin
117: 		loop					-- skip white space
118: 			read(l,c);
119: 			exit when ((c /= ' ') and (c /= CR) and (c /= HT));
120: 		end loop;
121: 
122: 		if (char_to_MVL9plus(c) = ERROR) then
123: 			value := allU;
124: 			good := FALSE;
125: 			return;
126: 		end if;
127: 
128: 		read(l, s);
129: 	    	for i in 1 to value'length-1 loop
130: 			if (char_to_MVL9plus(s(i)) = ERROR) then
131: 				value := allU;
132: 				good := FALSE;
133: 			    	return;
134: 			end if;
135: 		end loop;
136: 
137: 		mv(0) := char_to_MVL9(c);
138: 	    	for i in 1 to value'length-1 loop
139: 			mv(i) := char_to_MVL9(s(i));
140: 	    	end loop;
141: 		value := mv;
142: 		good := TRUE;
143: 	end READ;
144: 	
145: 	procedure READ(L:inout LINE; VALUE:out STD_ULOGIC) is
146: 		variable c: character;
147: 	begin
148: 		loop					-- skip white space
149: 			read(l,c);
150: 			exit when ((c /= ' ') and (c /= CR) and (c /= HT));
151: 		end loop;
152: 
153: 		if (char_to_MVL9plus(c) = ERROR) then
154: 			value := 'U';
155: 			assert FALSE report "READ(STD_ULOGIC) Error: Character '" &
156: 					c & "' read, expected STD_ULOGIC literal.";
157: 		else
158: 			value := char_to_MVL9(c);
159: 		end if;
160: 	end READ;
161: 
162: 	procedure READ(L:inout LINE; VALUE:out STD_ULOGIC_VECTOR) is
163: 		variable m: STD_ULOGIC;
164: 		variable c: character;
165: 		variable s: string(1 to value'length-1);
166: 		variable mv: STD_ULOGIC_VECTOR(0 to value'length-1);
167: 		constant allU: STD_ULOGIC_VECTOR(0 to value'length-1)
168: 				 := (others => 'U');
169: 	begin
170: 		loop					 -- skip white space
171: 			read(l,c);
172: 			exit when ((c /= ' ') and (c /= CR) and (c /= HT));
173: 		end loop;
174: 
175: 		if (char_to_MVL9plus(c) = ERROR) then
176: 			value := allU;
177: 			assert FALSE report
178: 				"READ(STD_ULOGIC_VECTOR) Error: Character '" & 
179: 					c & "' read, expected STD_ULOGIC literal.";
180: 			return;
181: 		end if;
182: 
183: 		read(l, s);
184: 	    	for i in 1 to value'length-1 loop
185: 			if (char_to_MVL9plus(s(i)) = ERROR) then
186: 			    value := allU;
187: 			    assert FALSE report 
188: 				"READ(STD_ULOGIC_VECTOR) Error: Character '" &
189: 					s(i) & "' read, expected STD_ULOGIC literal.";
190: 			    return;
191: 			end if;
192: 		end loop;
193: 
194: 		mv(0) := char_to_MVL9(c);
195: 	    	for i in 1 to value'length-1 loop
196: 			mv(i) := char_to_MVL9(s(i));
197: 	    	end loop;
198: 		value := mv;
199: 	end READ;
200: 
201: 	procedure WRITE(L:inout LINE; VALUE:in STD_ULOGIC;
202: 			JUSTIFIED:in SIDE := RIGHT; FIELD:in WIDTH := 0) is
203: 	begin
204: 		write(l, MVL9_to_char(value), justified, field);
205: 	end WRITE;
206: 	
207: 
208: 	procedure WRITE(L:inout LINE; VALUE:in STD_ULOGIC_VECTOR;
209: 			JUSTIFIED:in SIDE := RIGHT; FIELD:in WIDTH := 0) is
210: 		variable s: string(1 to value'length);
211: 		variable m: STD_ULOGIC_VECTOR(1 to value'length) := value;
212: 	begin
213: 	    	for i in 1 to value'length loop
214: 			s(i) := MVL9_to_char(m(i));
215: 		end loop;
216: 		write(l, s, justified, field);
217: 	end WRITE;
218: 
219: 	-- Read and Write procedures for STD_LOGIC_VECTOR
220: 	procedure READ(L:inout LINE; VALUE:out STD_LOGIC_VECTOR) is
221: 		variable tmp: STD_ULOGIC_VECTOR(VALUE'length-1 downto 0);
222: 	begin
223: 		READ(L, tmp);
224: 		VALUE := STD_LOGIC_VECTOR(tmp);
225: 	end READ;
226: 
227: 	procedure READ(L:inout LINE; VALUE:out STD_LOGIC_VECTOR; GOOD: out BOOLEAN) is
228: 		variable tmp: STD_ULOGIC_VECTOR(VALUE'length-1 downto 0);
229: 	begin
230: 		READ(L, tmp, GOOD);
231: 		VALUE := STD_LOGIC_VECTOR(tmp);
232: 	end READ;
233: 
234: 	procedure WRITE(L:inout LINE; VALUE:in STD_LOGIC_VECTOR;
235: 			JUSTIFIED:in SIDE := RIGHT; FIELD:in WIDTH := 0) is
236: 	begin
237: 		WRITE(L, STD_ULOGIC_VECTOR(VALUE), JUSTIFIED, FIELD);
238: 	end WRITE;
239: 
240: 
241: 	--
242: 	-- Hex Read and Write procedures.
243: 	--
244: 
245: 	--
246: 	-- Hex, and Octal Read and Write procedures for BIT_VECTOR
247: 	--  (these procedures are not exported, they are only used
248: 	--   by the STD_ULOGIC hex/octal reads and writes below.
249: 	--
250: 	--
251: 
252: 	procedure Char2QuadBits(C: Character; 
253: 				RESULT: out Bit_Vector(3 downto 0);
254: 				GOOD: out Boolean;
255: 				ISSUE_ERROR: in Boolean) is
256: 	begin
257: 		case c is
258: 			when '0' => result :=  x"0"; good := TRUE;
259: 			when '1' => result :=  x"1"; good := TRUE;
260: 			when '2' => result :=  x"2"; good := TRUE;
261: 			when '3' => result :=  x"3"; good := TRUE;
262: 			when '4' => result :=  x"4"; good := TRUE;
263: 			when '5' => result :=  x"5"; good := TRUE;
264: 			when '6' => result :=  x"6"; good := TRUE;
265: 			when '7' => result :=  x"7"; good := TRUE;
266: 			when '8' => result :=  x"8"; good := TRUE;
267: 			when '9' => result :=  x"9"; good := TRUE;
268: 			when 'A' => result :=  x"A"; good := TRUE;
269: 			when 'B' => result :=  x"B"; good := TRUE;
270: 			when 'C' => result :=  x"C"; good := TRUE;
271: 			when 'D' => result :=  x"D"; good := TRUE;
272: 			when 'E' => result :=  x"E"; good := TRUE;
273: 			when 'F' => result :=  x"F"; good := TRUE;
274:  
275: 			when 'a' => result :=  x"A"; good := TRUE;
276: 			when 'b' => result :=  x"B"; good := TRUE;
277: 			when 'c' => result :=  x"C"; good := TRUE;
278: 			when 'd' => result :=  x"D"; good := TRUE;
279: 			when 'e' => result :=  x"E"; good := TRUE;
280: 			when 'f' => result :=  x"F"; good := TRUE;
281: 			when others =>
282: 			   if ISSUE_ERROR then 
283: 				   assert FALSE report
284: 					"HREAD Error: Read a '" & c &
285: 					   "', expected a Hex character (0-F).";
286: 			   end if;
287: 			   good := FALSE;
288: 		end case;
289: 	end;
290: 
291: 	procedure HREAD(L:inout LINE; VALUE:out BIT_VECTOR)  is
292: 		variable ok: boolean;
293: 		variable c:  character;
294: 		constant ne: integer := value'length/4;
295: 		variable bv: bit_vector(0 to value'length-1);
296: 		variable s:  string(1 to ne-1);
297: 	begin
298: 		if value'length mod 4 /= 0 then
299: 			assert FALSE report 
300: 				"HREAD Error: Trying to read vector " &
301: 				   "with an odd (non multiple of 4) length";
302: 			return;
303: 		end if;
304: 
305: 		loop					-- skip white space
306: 			read(l,c);
307: 			exit when ((c /= ' ') and (c /= CR) and (c /= HT));
308: 		end loop;
309: 
310: 		Char2QuadBits(c, bv(0 to 3), ok, TRUE);
311: 		if not ok then 
312: 			return;
313: 		end if;
314: 
315: 		read(L, s, ok);
316: 		if not ok then
317: 			assert FALSE 
318: 				report "HREAD Error: Failed to read the STRING";
319: 			return;
320: 		end if;
321: 
322: 		for i in 1 to ne-1 loop
323: 			Char2QuadBits(s(i), bv(4*i to 4*i+3), ok, TRUE);
324: 			if not ok then
325: 				return;
326: 			end if;
327: 		end loop;
328: 		value := bv;
329: 	end HREAD; 
330: 
331: 	procedure HREAD(L:inout LINE; VALUE:out BIT_VECTOR;GOOD: out BOOLEAN) is
332: 		variable ok: boolean;
333: 		variable c:  character;
334: 		constant ne: integer := value'length/4;
335: 		variable bv: bit_vector(0 to value'length-1);
336: 		variable s:  string(1 to ne-1);
337: 	begin
338: 		if value'length mod 4 /= 0 then
339: 			good := FALSE;
340: 			return;
341: 		end if;
342: 
343: 		loop					-- skip white space
344: 			read(l,c);
345: 			exit when ((c /= ' ') and (c /= CR) and (c /= HT));
346: 		end loop;
347: 
348: 		Char2QuadBits(c, bv(0 to 3), ok, FALSE);
349: 		if not ok then 
350: 			good := FALSE;
351: 			return;
352: 		end if;
353: 
354: 		read(L, s, ok);
355: 		if not ok then
356: 			good := FALSE;
357: 			return;
358: 		end if;
359: 
360: 		for i in 1 to ne-1 loop
361: 			Char2QuadBits(s(i), bv(4*i to 4*i+3), ok, FALSE);
362: 			if not ok then
363: 				good := FALSE;
364: 				return;
365: 			end if;
366: 		end loop;
367: 		good := TRUE;
368: 		value := bv;
369: 	end HREAD; 
370: 
371: 
372: 	procedure HWRITE(L:inout LINE; VALUE:in BIT_VECTOR;
373: 			JUSTIFIED:in SIDE := RIGHT; FIELD:in WIDTH := 0) is
374: 		variable quad: bit_vector(0 to 3);
375: 		constant ne:   integer := value'length/4;
376: 		variable bv:   bit_vector(0 to value'length-1) := value;
377: 		variable s:    string(1 to ne);
378: 	begin
379: 		if value'length mod 4 /= 0 then
380: 			assert FALSE report 
381: 				"HWRITE Error: Trying to read vector " &
382: 				   "with an odd (non multiple of 4) length";
383: 			return;
384: 		end if;
385: 
386: 		for i in 0 to ne-1 loop
387: 			quad := bv(4*i to 4*i+3);
388: 			case quad is
389: 				when x"0" => s(i+1) := '0';
390: 				when x"1" => s(i+1) := '1';
391: 				when x"2" => s(i+1) := '2';
392: 				when x"3" => s(i+1) := '3';
393: 				when x"4" => s(i+1) := '4';
394: 				when x"5" => s(i+1) := '5';
395: 				when x"6" => s(i+1) := '6';
396: 				when x"7" => s(i+1) := '7';
397: 				when x"8" => s(i+1) := '8';
398: 				when x"9" => s(i+1) := '9';
399: 				when x"A" => s(i+1) := 'A';
400: 				when x"B" => s(i+1) := 'B';
401: 				when x"C" => s(i+1) := 'C';
402: 				when x"D" => s(i+1) := 'D';
403: 				when x"E" => s(i+1) := 'E';
404: 				when x"F" => s(i+1) := 'F';
405: 			end case;
406: 		end loop;
407: 		write(L, s, JUSTIFIED, FIELD);
408: 	end HWRITE; 
409: 
410: 	procedure Char2TriBits(C: Character; 
411: 				RESULT: out bit_vector(2 downto 0);
412: 				GOOD: out Boolean;
413: 				ISSUE_ERROR: in Boolean) is
414: 	begin
415: 		case c is
416: 			when '0' => result :=  o"0"; good := TRUE;
417: 			when '1' => result :=  o"1"; good := TRUE;
418: 			when '2' => result :=  o"2"; good := TRUE;
419: 			when '3' => result :=  o"3"; good := TRUE;
420: 			when '4' => result :=  o"4"; good := TRUE;
421: 			when '5' => result :=  o"5"; good := TRUE;
422: 			when '6' => result :=  o"6"; good := TRUE;
423: 			when '7' => result :=  o"7"; good := TRUE;
424: 			when others =>
425: 			   if ISSUE_ERROR then 
426: 				   assert FALSE report
427: 					"OREAD Error: Read a '" & c &
428: 					"', expected an Octal character (0-7).";
429: 			   end if;
430: 			   good := FALSE;
431: 		end case;
432: 	end;
433: 
434: 	procedure OREAD(L:inout LINE; VALUE:out BIT_VECTOR)  is
435: 		variable c: character;
436: 		variable ok: boolean;
437: 		constant ne: integer := value'length/3;
438: 		variable bv: bit_vector(0 to value'length-1);
439: 		variable s: string(1 to ne-1);
440: 	begin
441: 		if value'length mod 3 /= 0 then
442: 			assert FALSE report 
443: 				"OREAD Error: Trying to read vector " &
444: 				   "with an odd (non multiple of 3) length";
445: 			return;
446: 		end if;
447: 
448: 		loop					-- skip white space
449: 			read(l,c);
450: 			exit when ((c /= ' ') and (c /= CR) and (c /= HT));
451: 		end loop;
452: 
453: 		Char2TriBits(c, bv(0 to 2), ok, TRUE);
454: 		if not ok then 
455: 			return;
456: 		end if;
457: 
458: 		read(L, s, ok);
459: 		if not ok then
460: 			assert FALSE 
461: 				report "OREAD Error: Failed to read the STRING";
462: 			return;
463: 		end if;
464: 
465: 		for i in 1 to ne-1 loop
466: 			Char2TriBits(s(i), bv(3*i to 3*i+2), ok, TRUE);
467: 			if not ok then
468: 				return;
469: 			end if;
470: 		end loop;
471: 		value := bv;
472: 	end OREAD; 
473: 
474: 	procedure OREAD(L:inout LINE; VALUE:out BIT_VECTOR;GOOD: out BOOLEAN) is
475: 		variable ok: boolean;
476: 		variable c:  character;
477: 		constant ne: integer := value'length/3;
478: 		variable bv: bit_vector(0 to value'length-1);
479: 		variable s:  string(1 to ne-1);
480: 	begin
481: 		if value'length mod 3 /= 0 then
482: 			good := FALSE;
483: 			return;
484: 		end if;
485: 
486: 		loop					-- skip white space
487: 			read(l,c);
488: 			exit when ((c /= ' ') and (c /= CR) and (c /= HT));
489: 		end loop;
490: 
491: 		Char2TriBits(c, bv(0 to 2), ok, FALSE);
492: 		if not ok then 
493: 			good := FALSE;
494: 			return;
495: 		end if;
496: 
497: 		read(L, s, ok);
498: 		if not ok then
499: 			good := FALSE;
500: 			return;
501: 		end if;
502: 
503: 		for i in 1 to ne-1 loop
504: 			Char2TriBits(s(i), bv(3*i to 3*i+2), ok, FALSE);
505: 			if not ok then
506: 				good := FALSE;
507: 				return;
508: 			end if;
509: 		end loop;
510: 		good := TRUE;
511: 		value := bv;
512: 	end OREAD; 
513: 
514: 
515: 	procedure OWRITE(L:inout LINE; VALUE:in BIT_VECTOR;
516: 			JUSTIFIED:in SIDE := RIGHT; FIELD:in WIDTH := 0) is
517: 		variable tri: bit_vector(0 to 2);
518: 		constant ne:  integer := value'length/3;
519: 		variable bv:  bit_vector(0 to value'length-1) := value;
520: 		variable s:   string(1 to ne);
521: 	begin
522: 		if value'length mod 3 /= 0 then
523: 			assert FALSE report 
524: 				"OWRITE Error: Trying to read vector " &
525: 				   "with an odd (non multiple of 3) length";
526: 			return;
527: 		end if;
528: 
529: 		for i in 0 to ne-1 loop
530: 			tri := bv(3*i to 3*i+2);
531: 			case tri is
532: 				when o"0" => s(i+1) := '0';
533: 				when o"1" => s(i+1) := '1';
534: 				when o"2" => s(i+1) := '2';
535: 				when o"3" => s(i+1) := '3';
536: 				when o"4" => s(i+1) := '4';
537: 				when o"5" => s(i+1) := '5';
538: 				when o"6" => s(i+1) := '6';
539: 				when o"7" => s(i+1) := '7';
540: 			end case;
541: 		end loop;
542: 		write(L, s, JUSTIFIED, FIELD);
543: 	end OWRITE; 
544: 
545: 	-- Hex Read and Write procedures for STD_LOGIC_VECTOR
546: 	procedure HREAD(L:inout LINE; VALUE:out STD_ULOGIC_VECTOR;GOOD:out BOOLEAN) is
547: 		variable tmp: bit_vector(VALUE'length-1 downto 0);
548: 	begin
549: 		HREAD(L, tmp, GOOD);
550: 		VALUE := To_X01(tmp);
551: 	end HREAD;
552: 	
553: 	procedure HREAD(L:inout LINE; VALUE:out STD_ULOGIC_VECTOR) is
554: 		variable tmp: bit_vector(VALUE'length-1 downto 0);
555: 	begin
556: 		HREAD(L, tmp);
557: 		VALUE := To_X01(tmp);
558: 	end HREAD;
559: 
560: 	procedure HWRITE(L:inout LINE; VALUE:in STD_ULOGIC_VECTOR;
561: 			JUSTIFIED:in SIDE := RIGHT; FIELD:in WIDTH := 0) is
562: 	begin
563: 		HWRITE(L, To_bitvector(VALUE),JUSTIFIED, FIELD);
564: 	end HWRITE;
565: 
566: 	-- Hex Read and Write procedures for STD_LOGIC_VECTOR
567: 
568: 	procedure HREAD(L:inout LINE; VALUE:out STD_LOGIC_VECTOR) is
569: 		variable tmp: STD_ULOGIC_VECTOR(VALUE'length-1 downto 0);
570: 	begin
571: 		HREAD(L, tmp);
572: 		VALUE := STD_LOGIC_VECTOR(tmp);
573: 	end HREAD;
574: 
575: 	procedure HREAD(L:inout LINE; VALUE:out STD_LOGIC_VECTOR; GOOD: out BOOLEAN) is
576: 		variable tmp: STD_ULOGIC_VECTOR(VALUE'length-1 downto 0);
577: 	begin
578: 		HREAD(L, tmp, GOOD);
579: 		VALUE := STD_LOGIC_VECTOR(tmp);
580: 	end HREAD;
581: 
582: 	procedure HWRITE(L:inout LINE; VALUE:in STD_LOGIC_VECTOR;
583: 			JUSTIFIED:in SIDE := RIGHT; FIELD:in WIDTH := 0) is
584: 	begin
585: 		HWRITE(L, To_bitvector(VALUE), JUSTIFIED, FIELD);
586: 	end HWRITE;
587: 
588: 
589: 	-- Octal Read and Write procedures for STD_ULOGIC_VECTOR
590: 	procedure OREAD(L:inout LINE; VALUE:out STD_ULOGIC_VECTOR;GOOD:out BOOLEAN) is
591: 		variable tmp: bit_vector(VALUE'length-1 downto 0);
592: 	begin
593: 		OREAD(L, tmp, GOOD);
594: 		VALUE := To_X01(tmp);
595: 	end OREAD;
596: 	
597: 	procedure OREAD(L:inout LINE; VALUE:out STD_ULOGIC_VECTOR) is
598: 		variable tmp: bit_vector(VALUE'length-1 downto 0);
599: 	begin
600: 		OREAD(L, tmp);
601: 		VALUE := To_X01(tmp);
602: 	end OREAD;
603: 
604: 	procedure OWRITE(L:inout LINE; VALUE:in STD_ULOGIC_VECTOR;
605: 			JUSTIFIED:in SIDE := RIGHT; FIELD:in WIDTH := 0) is
606: 	begin
607: 		OWRITE(L, To_bitvector(VALUE),JUSTIFIED, FIELD);
608: 	end OWRITE;
609: 
610: 	-- Octal Read and Write procedures for STD_LOGIC_VECTOR
611: 
612: 	procedure OREAD(L:inout LINE; VALUE:out STD_LOGIC_VECTOR) is
613: 		variable tmp: STD_ULOGIC_VECTOR(VALUE'length-1 downto 0);
614: 	begin
615: 		OREAD(L, tmp);
616: 		VALUE := STD_LOGIC_VECTOR(tmp);
617: 	end OREAD;
618: 
619: 	procedure OREAD(L:inout LINE; VALUE:out STD_LOGIC_VECTOR; GOOD: out BOOLEAN) is
620: 		variable tmp: STD_ULOGIC_VECTOR(VALUE'length-1 downto 0);
621: 	begin
622: 		OREAD(L, tmp, GOOD);
623: 		VALUE := STD_LOGIC_VECTOR(tmp);
624: 	end OREAD;
625: 
626: 	procedure OWRITE(L:inout LINE; VALUE:in STD_LOGIC_VECTOR;
627: 			JUSTIFIED:in SIDE := RIGHT; FIELD:in WIDTH := 0) is
628: 	begin
629: 		OWRITE(L, STD_ULOGIC_VECTOR(VALUE), JUSTIFIED, FIELD);
630: 	end OWRITE;
631: 
632: 
633: --synopsys synthesis_on
634: end std_logic_textio;

CHILD_SCOPES(@STD.TEXTIO)= 91: package body TEXTIO is
 92:   procedure READLINE (file F: TEXT; L: inout LINE) is
 93:   begin
 94: 	$RTINDEX (27, 10, FALSE, FALSE);
 95:   end;
 96: 
 97:   procedure READ (L: inout LINE; VALUE: out BIT; GOOD: out BOOLEAN) is
 98:   begin
 99: 	$RTINDEX (27, 11, FALSE, FALSE);
100:   end;
101:   procedure READ (L: inout LINE; VALUE: out BIT) is
102:   begin
103: 	$RTINDEX (27, 12, FALSE, FALSE);
104:   end;
105: 
106:   procedure READ (L: inout LINE; VALUE: out BIT_VECTOR; GOOD: out BOOLEAN) is
107:   begin
108: 	$RTINDEX (27, 13, FALSE, FALSE);
109:   end;
110:   procedure READ (L: inout LINE; VALUE: out BIT_VECTOR) is
111:   begin
112: 	$RTINDEX (27, 14, FALSE, FALSE);
113:   end;
114: 
115:   procedure READ (L: inout LINE; VALUE: out BOOLEAN; GOOD: out BOOLEAN) is
116:   begin
117: 	$RTINDEX (27, 15, FALSE, FALSE);
118:   end;
119:   procedure READ (L: inout LINE; VALUE: out BOOLEAN) is
120:   begin
121: 	$RTINDEX (27, 16, FALSE, FALSE);
122:   end;
123: 
124:   procedure READ (L: inout LINE; VALUE: out CHARACTER; GOOD: out BOOLEAN) is
125:   begin
126: 	$RTINDEX (27, 17, FALSE, FALSE);
127:   end;
128:   procedure READ (L: inout LINE; VALUE: out CHARACTER) is
129:   begin
130: 	$RTINDEX (27, 18, FALSE, FALSE);
131:   end;
132: 
133:   procedure READ (L: inout LINE; VALUE: out INTEGER; GOOD: out BOOLEAN) is
134:   begin
135: 	$RTINDEX (27, 19, FALSE, FALSE);
136:   end;
137:   procedure READ (L: inout LINE; VALUE: out INTEGER) is
138:   begin
139: 	$RTINDEX (27, 20, FALSE, FALSE);
140:   end;
141: 
142:   procedure READ (L: inout LINE; VALUE: out REAL; GOOD: out BOOLEAN) is
143:   begin
144: 	$RTINDEX (27, 21, FALSE, FALSE);
145:   end;
146:   procedure READ (L: inout LINE; VALUE: out REAL) is
147:   begin
148: 	$RTINDEX (27, 22, FALSE, FALSE);
149:   end;
150: 
151:   procedure READ (L: inout LINE; VALUE: out STRING; GOOD: out BOOLEAN) is
152:   begin
153: 	$RTINDEX (27, 23, FALSE, FALSE);
154:   end;
155:   procedure READ (L: inout LINE; VALUE: out STRING) is
156:   begin
157: 	$RTINDEX (27, 24, FALSE, FALSE);
158:   end;
159: 
160:   procedure READ (L: inout LINE; VALUE: out TIME; GOOD: out BOOLEAN) is
161:   begin
162: 	$RTINDEX (27, 25, FALSE, FALSE);
163:   end;
164:   procedure READ (L: inout LINE; VALUE: out TIME) is
165:   begin
166: 	$RTINDEX (27, 26, FALSE, FALSE);
167:   end;
168: 
169:   -- Output Routines for Standard Types
170: 
171:   procedure WRITELINE (file F: TEXT; L: inout LINE) is
172:   begin
173: 	$RTINDEX (27, 27, FALSE, FALSE);
174:   end;
175: 
176:   procedure WRITE (L: inout LINE; VALUE: in BIT;
177: 			JUSTIFIED: in SIDE := RIGHT; FIELD: in WIDTH := 0) is
178:   begin
179: 	$RTINDEX (27, 28, FALSE, FALSE);
180:   end;
181: 
182:   procedure WRITE (L: inout LINE; VALUE: in BIT_VECTOR;
183: 			JUSTIFIED: in SIDE := RIGHT; FIELD: in WIDTH := 0) is
184:   begin
185: 	$RTINDEX (27, 29, FALSE, FALSE);
186:   end;
187: 
188:   procedure WRITE (L: inout LINE; VALUE: in BOOLEAN;
189: 			JUSTIFIED: in SIDE := RIGHT; FIELD: in WIDTH := 0) is
190:   begin
191: 	$RTINDEX (27, 30, FALSE, FALSE);
192:   end;
193: 
194:   procedure WRITE (L: inout LINE; VALUE: in CHARACTER;
195: 			JUSTIFIED: in SIDE := RIGHT; FIELD: in WIDTH := 0) is
196:   begin
197: 	$RTINDEX (27, 31, FALSE, FALSE);
198:   end;
199: 
200:   procedure WRITE (L: inout LINE; VALUE: in INTEGER;
201: 			JUSTIFIED: in SIDE := RIGHT; FIELD: in WIDTH := 0) is
202:   begin
203: 	$RTINDEX (27, 32, FALSE, FALSE);
204:   end;
205: 
206:   procedure WRITE (L: inout LINE; VALUE: in REAL;
207: 			JUSTIFIED: in SIDE := RIGHT; FIELD: in WIDTH := 0;
208: 			DIGITS: in NATURAL := 0) is
209:   begin
210: 	$RTINDEX (27, 33, FALSE, FALSE);
211:   end;
212: 
213:   procedure WRITE (L: inout LINE; VALUE: in STRING;
214: 			JUSTIFIED: in SIDE := RIGHT; FIELD: in WIDTH := 0) is
215:   begin
216: 	$RTINDEX (27, 34, FALSE, FALSE);
217:   end;
218: 
219:   procedure WRITE (L: inout LINE; VALUE: in TIME;
220: 			JUSTIFIED: in SIDE := RIGHT; FIELD: in WIDTH := 0;
221: 			UNIT: in TIME := ns) is
222:   begin
223: 	$RTINDEX (27, 35, FALSE, FALSE);
224:   end;
225: 
226:   -- File Position Predicates
227: 
228:   function ENDLINE (L: in LINE) return BOOLEAN is
229:   begin
230: 	$RTINDEX (27, 36, FALSE, FALSE);
231:   end;
232: 
233: end TEXTIO;

CHILD_SCOPES(@IEEE.std_logic_signed)= 97: package body std_logic_signed is
 98: 
 99: 
100:     function maximum(L, R: INTEGER) return INTEGER is
101:     begin
102:         if L > R then
103:             return L;
104:         else
105:             return R;
106:         end if;
107:     end;
108: 
109: 
110:     function "+"(L: STD_LOGIC_VECTOR; R: STD_LOGIC_VECTOR) return
111: STD_LOGIC_VECTOR is
112:         -- pragma label_applies_to plus
113:         constant length: INTEGER := maximum(L'length, R'length);
114:         variable result  : STD_LOGIC_VECTOR (length-1 downto 0);
115:     begin
116:         result  := SIGNED(L) + SIGNED(R); -- pragma label plus
117:         return   std_logic_vector(result);
118:     end;
119: 
120:     function "+"(L: STD_LOGIC_VECTOR; R: INTEGER) return STD_LOGIC_VECTOR is
121:         -- pragma label_applies_to plus
122:         variable result  : STD_LOGIC_VECTOR (L'range);
123:     begin
124:         result  := SIGNED(L) + R; -- pragma label plus
125:         return   std_logic_vector(result);
126:     end;
127: 
128:     function "+"(L: INTEGER; R: STD_LOGIC_VECTOR) return STD_LOGIC_VECTOR is
129:         -- pragma label_applies_to plus
130:         variable result  : STD_LOGIC_VECTOR (R'range);
131:     begin
132:         result  := L + SIGNED(R); -- pragma label plus
133:         return   std_logic_vector(result);
134:     end;
135: 
136:     function "+"(L: STD_LOGIC_VECTOR; R: STD_LOGIC) return
137: STD_LOGIC_VECTOR is
138:         -- pragma label_applies_to plus
139:         variable result  : STD_LOGIC_VECTOR (L'range);
140:     begin
141:         result  := SIGNED(L) + R; -- pragma label plus
142:         return   std_logic_vector(result);
143:     end;
144: 
145:     function "+"(L: STD_LOGIC; R: STD_LOGIC_VECTOR) return
146: STD_LOGIC_VECTOR is
147:         -- pragma label_applies_to plus
148:         variable result  : STD_LOGIC_VECTOR (R'range);
149:     begin
150:         result  := L + SIGNED(R); -- pragma label plus
151:         return   std_logic_vector(result);
152:     end;
153: 
154:     function "-"(L: STD_LOGIC_VECTOR; R: STD_LOGIC_VECTOR) return
155: STD_LOGIC_VECTOR is
156:         -- pragma label_applies_to minus
157:         constant length: INTEGER := maximum(L'length, R'length);
158:         variable result  : STD_LOGIC_VECTOR (length-1 downto 0);
159:     begin
160:         result  := SIGNED(L) - SIGNED(R); -- pragma label minus
161:         return   std_logic_vector(result);
162:     end;
163: 
164:     function "-"(L: STD_LOGIC_VECTOR; R: INTEGER) return STD_LOGIC_VECTOR is
165:         -- pragma label_applies_to minus
166:         variable result  : STD_LOGIC_VECTOR (L'range);
167:     begin
168:         result  := SIGNED(L) - R; -- pragma label minus
169:         return   std_logic_vector(result);
170:     end;
171: 
172:     function "-"(L: INTEGER; R: STD_LOGIC_VECTOR) return STD_LOGIC_VECTOR is
173:         -- pragma label_applies_to minus
174:         variable result  : STD_LOGIC_VECTOR (R'range);
175:     begin
176:         result  := L - SIGNED(R); -- pragma label minus
177:         return   std_logic_vector(result);
178:     end;
179: 
180:     function "-"(L: STD_LOGIC_VECTOR; R: STD_LOGIC) return
181: STD_LOGIC_VECTOR is
182:         -- pragma label_applies_to minus
183:         variable result  : STD_LOGIC_VECTOR (L'range);
184:     begin
185:         result  := SIGNED(L) - R; -- pragma label minus
186:         return   std_logic_vector(result);
187:     end;
188: 
189:     function "-"(L: STD_LOGIC; R: STD_LOGIC_VECTOR) return
190: STD_LOGIC_VECTOR is
191:         -- pragma label_applies_to minus
192:         variable result  : STD_LOGIC_VECTOR (R'range);
193:     begin
194:         result  := L - SIGNED(R); -- pragma label minus
195:         return   std_logic_vector(result);
196:     end;
197: 
198:     function "+"(L: STD_LOGIC_VECTOR) return STD_LOGIC_VECTOR is
199:         -- pragma label_applies_to plus
200:         variable result  : STD_LOGIC_VECTOR (L'range);
201:     begin
202:         result  := + SIGNED(L); -- pragma label plus
203:         return   std_logic_vector(result);
204:     end;
205: 
206:     function "-"(L: STD_LOGIC_VECTOR) return STD_LOGIC_VECTOR is
207:         -- pragma label_applies_to minus
208:         variable result  : STD_LOGIC_VECTOR (L'range);
209:     begin
210:         result  := - SIGNED(L); -- pragma label minus
211:         return   std_logic_vector(result);
212:     end;
213: 
214:     function "ABS"(L: STD_LOGIC_VECTOR) return STD_LOGIC_VECTOR is
215:         variable result  : STD_LOGIC_VECTOR (L'range);
216:     begin
217:         result  := ABS( SIGNED(L));
218:         return   std_logic_vector(result);
219:     end;
220: 
221:     function "*"(L: STD_LOGIC_VECTOR; R: STD_LOGIC_VECTOR) return
222: STD_LOGIC_VECTOR is
223:         -- pragma label_applies_to mult
224:         constant length: INTEGER := maximum(L'length, R'length);
225:         variable result  : STD_LOGIC_VECTOR ((L'length+R'length-1) downto 0);
226:     begin
227:         result  := SIGNED(L) * SIGNED(R); -- pragma label mult
228:         return   std_logic_vector(result);
229:     end;
230:         
231:     function "<"(L: STD_LOGIC_VECTOR; R: STD_LOGIC_VECTOR) return BOOLEAN is
232:         -- pragma label_applies_to lt
233:         constant length: INTEGER := maximum(L'length, R'length);
234:     begin
235:         return   SIGNED(L) < SIGNED(R); -- pragma label lt
236:     end;
237: 
238:     function "<"(L: STD_LOGIC_VECTOR; R: INTEGER) return BOOLEAN is
239:             -- pragma label_applies_to lt
240:     begin
241:         return   SIGNED(L) < R; -- pragma label lt
242:     end;
243: 
244:     function "<"(L: INTEGER; R: STD_LOGIC_VECTOR) return BOOLEAN is
245:         -- pragma label_applies_to lt
246:     begin
247:         return   L < SIGNED(R); -- pragma label lt
248:     end;
249: 
250:     function "<="(L: STD_LOGIC_VECTOR; R: STD_LOGIC_VECTOR) return BOOLEAN is
251:         -- pragma label_applies_to leq
252:     begin
253:         return   SIGNED(L) <= SIGNED(R); -- pragma label leq
254:     end;
255: 
256:     function "<="(L: STD_LOGIC_VECTOR; R: INTEGER) return BOOLEAN is
257:         -- pragma label_applies_to leq
258:     begin
259:         return   SIGNED(L) <= R; -- pragma label leq
260:     end;
261: 
262:     function "<="(L: INTEGER; R: STD_LOGIC_VECTOR) return BOOLEAN is
263:         -- pragma label_applies_to leq
264:     begin
265:         return   L <= SIGNED(R); -- pragma label leq
266:     end;
267: 
268:     function ">"(L: STD_LOGIC_VECTOR; R: STD_LOGIC_VECTOR) return BOOLEAN is
269:         -- pragma label_applies_to gt
270:     begin
271:         return   SIGNED(L) > SIGNED(R); -- pragma label gt
272:     end;
273: 
274:     function ">"(L: STD_LOGIC_VECTOR; R: INTEGER) return BOOLEAN is
275:         -- pragma label_applies_to gt
276:     begin
277:         return   SIGNED(L) > R; -- pragma label gt
278:     end;
279: 
280:     function ">"(L: INTEGER; R: STD_LOGIC_VECTOR) return BOOLEAN is
281:         -- pragma label_applies_to gt
282:     begin
283:         return   L > SIGNED(R); -- pragma label gt
284:     end;
285: 
286:     function ">="(L: STD_LOGIC_VECTOR; R: STD_LOGIC_VECTOR) return BOOLEAN is
287:         -- pragma label_applies_to geq
288:     begin
289:         return   SIGNED(L) >= SIGNED(R); -- pragma label geq
290:     end;
291: 
292:     function ">="(L: STD_LOGIC_VECTOR; R: INTEGER) return BOOLEAN is
293:         -- pragma label_applies_to geq
294:     begin
295:         return   SIGNED(L) >= R; -- pragma label geq
296:     end;
297: 
298:     function ">="(L: INTEGER; R: STD_LOGIC_VECTOR) return BOOLEAN is
299:         -- pragma label_applies_to geq
300:     begin
301:         return   L >= SIGNED(R); -- pragma label geq
302:     end;
303: 
304:     function "="(L: STD_LOGIC_VECTOR; R: STD_LOGIC_VECTOR) return BOOLEAN is
305:     begin
306:         return   SIGNED(L) = SIGNED(R);
307:     end;
308: 
309:     function "="(L: STD_LOGIC_VECTOR; R: INTEGER) return BOOLEAN is
310:     begin
311:         return   SIGNED(L) = R;
312:     end;
313: 
314:     function "="(L: INTEGER; R: STD_LOGIC_VECTOR) return BOOLEAN is
315:     begin
316:         return   L = SIGNED(R);
317:     end;
318: 
319:     function "/="(L: STD_LOGIC_VECTOR; R: STD_LOGIC_VECTOR) return BOOLEAN is
320:     begin
321:         return   SIGNED(L) /= SIGNED(R);
322:     end;
323: 
324:     function "/="(L: STD_LOGIC_VECTOR; R: INTEGER) return BOOLEAN is
325:     begin
326:         return   SIGNED(L) /= R;
327:     end;
328: 
329:     function "/="(L: INTEGER; R: STD_LOGIC_VECTOR) return BOOLEAN is
330:     begin
331:         return   L /= SIGNED(R);
332:     end;
333: 
334:     function SHL(ARG:STD_LOGIC_VECTOR;COUNT: STD_LOGIC_VECTOR) return
335: STD_LOGIC_VECTOR is 
336:     begin
337:        return STD_LOGIC_VECTOR(SHL(SIGNED(ARG),UNSIGNED(COUNT)));
338:     end; 
339: 
340:     function SHR(ARG:STD_LOGIC_VECTOR;COUNT: STD_LOGIC_VECTOR) return
341: STD_LOGIC_VECTOR is
342:     begin
343:        return STD_LOGIC_VECTOR(SHR(SIGNED(ARG),UNSIGNED(COUNT)));
344:     end;
345:  
346: 
347: 
348: --  This function converts std_logic_vector to a signed integer value
349: --  using a conversion function in std_logic_arith
350:     function CONV_INTEGER(ARG: STD_LOGIC_VECTOR) return INTEGER is
351:         variable result    : SIGNED(ARG'range);
352:     begin
353:         result    := SIGNED(ARG);
354:         return   CONV_INTEGER(result);
355:     end;
356: end std_logic_signed;

CHILD_SCOPES(@CDS_ASSERTIONS.cds_assertion_stubs)=115: package body cds_assertion_stubs is
116: -- pragma synthesis_off
117: 
118: --
119: -- Stubs for runtime routines:
120: --
121: 
122:   function nc_assertion_update(
123:                  state : integer
124:                ) return integer  is
125:      begin
126:        return state;
127:      end nc_assertion_update;
128: 
129:   function nc_sequence_eval(
130:                  data : bit_vector;
131:                  lgth : integer;
132:                  code : integer
133:                ) return integer  is
134:      begin
135:        return 1;
136:      end nc_sequence_eval;
137: 
138: 
139:   function nc_rep_sequence_eval(
140:                  data : bit_vector;
141:                  lgth : integer;
142:                  crep : integer
143:                ) return integer  is
144:      begin
145:        return 1;
146:      end nc_rep_sequence_eval;
147: 
148:   function nc_sequence_abort(
149:                  data : bit_vector;
150:                  lgth : integer;
151:                  crep : integer
152:                ) return integer  is
153:      begin
154:        return 1;
155:      end nc_sequence_abort;
156: 
157: --
158: -- Stubs for 'builtin' functions:
159: --
160: 
161:   function prev(in1 : boolean; in2 : integer := 1) return boolean is
162:      begin
163:        return (in1);
164:      end prev;
165: 
166:   function rose(in1 : boolean) return boolean is
167:      begin
168:        return ((in1 = true) and (not prev(in1)));
169:      end rose;
170: 
171:   function fell(in1 : boolean) return boolean is
172:      begin
173:        return ((in1 = false) and (prev(in1)));
174:      end fell;
175: 
176:   function stable(in1 : boolean) return boolean is
177:      begin
178:        return (in1 = (prev(in1)));
179:      end stable;
180: 
181:   function prev(in1 : bit; in2 : integer := 1) return bit is
182:      begin
183:        return (in1);
184:      end prev;
185: 
186:   function rose(in1 : bit) return boolean is
187:      begin
188:        return (in1 = '1');
189:      end rose;
190: 
191:   function fell(in1 : bit) return boolean is
192:      begin
193:        return (in1 = '0');
194:      end fell;
195: 
196:   function stable(in1 : bit) return boolean is
197:      begin
198:        return (in1 = prev(in1));
199:      end stable;
200: 
201:   function prev(in1 : std_logic; in2 : integer := 1) return std_logic is
202:      begin
203:        return (in1);
204:      end prev;
205: 
206:   function rose(in1 : std_logic) return boolean is
207:      begin
208:        return (in1 = '1');
209:      end rose;
210: 
211:   function fell(in1 : std_logic) return boolean is
212:      begin
213:        return (in1 /= '1');
214:      end fell;
215: 
216:   function stable(in1 : std_logic) return boolean is
217:      begin
218:        return (in1 = prev(in1));
219:      end stable;
220: 
221:   function prev(in1 : std_ulogic_vector; in2 : integer := 1)
222:        return std_ulogic_vector is
223:      begin
224:        return (in1);
225:      end prev;
226: 
227:   function prev(in1 : std_logic_vector; in2 : integer := 1)
228:        return std_logic_vector is
229:      begin
230:        return (in1);
231:      end prev;
232: 
233:   function prev(in1 : bit_vector; in2 : integer := 1)
234:        return bit_vector is
235:      begin
236:        return (in1);
237:      end prev;
238: 
239:   function prev(in1 : integer; in2 : integer := 1)
240:        return integer is
241:      begin
242:        return (in1);
243:      end prev;
244: 
245:   function prev(in1 : real; in2 : integer := 1)
246:        return real is
247:      begin
248:        return (in1);
249:      end prev;
250: 
251:   function prev(in1 : ieee.numeric_bit.signed; in2 : integer := 1)
252:        return ieee.numeric_bit.signed is
253:      begin
254:        return (in1);
255:      end prev;
256: 
257:   function prev(in1 : ieee.numeric_std.signed; in2 : integer := 1)
258:        return ieee.numeric_std.signed is
259:      begin
260:        return (in1);
261:      end prev;
262: 
263:   function prev(in1 : ieee.numeric_bit.unsigned; in2 : integer := 1)
264:        return ieee.numeric_bit.unsigned is
265:      begin
266:        return (in1);
267:      end prev;
268: 
269:   function prev(in1 : ieee.numeric_std.unsigned; in2 : integer := 1)
270:        return ieee.numeric_std.unsigned is
271:      begin
272:        return (in1);
273:      end prev;
274: 
275:   function prev(in1 : ieee.std_logic_arith.signed; in2 : integer := 1)
276:        return ieee.std_logic_arith.signed is
277:      begin
278:        return (in1);
279:      end prev;
280: 
281:   function prev(in1 : ieee.std_logic_arith.unsigned; in2 : integer := 1)
282:        return ieee.std_logic_arith.unsigned is
283:      begin
284:        return (in1);
285:      end prev;
286: 
287:   function stable(in1 : std_ulogic_vector) return boolean is
288:      begin
289:        return (in1 = prev(in1));
290:      end stable;
291: 
292:   function stable(in1 : std_logic_vector) return boolean is
293:      begin
294:        return (in1 = prev(in1));
295:      end stable;
296: 
297:   function stable(in1 : bit_vector) return boolean is
298:      begin
299:        return (in1 = prev(in1));
300:      end stable;
301: 
302:   function stable(in1 : integer) return boolean is
303:      begin
304:        return (in1 = prev(in1));
305:      end stable;
306: 
307:   function stable(in1 : real) return boolean is
308:      begin
309:        return (in1 = prev(in1));
310:      end stable;
311: 
312:  --
313:  -- Implementation for 'isunknown' functions
314:  -- 
315:  function isunknown(in1 : std_ulogic_vector) return boolean is
316:    begin
317:      for i in in1'range loop
318:        case in1(i) is
319:          when '0' | '1' =>
320:            null;
321:          when others =>
322:            return true;
323: 	end case;
324:      end loop;
325:      return false;
326:  end isunknown;
327: 
328:  function isunknown(in1 : std_logic_vector) return boolean is
329:    begin
330:      for i in in1'range loop
331:        case in1(i) is
332:          when '0' | '1' =>
333:            null;
334:          when others =>
335:            return true;
336: 	end case;
337:      end loop;
338:      return false;
339:  end isunknown;
340:  --
341:  -- The 'isunknown' function applied to a bit vector 
342:  -- always returns false, since there are no unknown values. 
343:  -- Provided for completeness.
344:  --
345:  function isunknown(in1 : bit_vector) return boolean is
346:    begin
347:      return false; -- Trivial result
348:  end isunknown;
349: 
350: 
351:  --
352:  -- Implementation for 'onehot' functions
353:  -- 
354:  function onehot(in1 : std_ulogic_vector) return boolean is
355:    begin
356:      if countones(in1) = 1 then
357:        return true;
358:      else
359:        return false;
360:      end if;
361:  end onehot;
362: 
363:  function onehot(in1 : std_logic_vector) return boolean is
364:    begin
365:      if countones(in1) = 1 then
366:        return true;
367:      else
368:        return false;
369:      end if;
370:  end onehot;
371: 
372:  function onehot(in1 : bit_vector) return boolean is
373:    begin
374:      if countones(in1) = 1 then
375:        return true;
376:      else
377:        return false;
378:      end if;
379:  end onehot;
380: 
381:  --
382:  -- Implementation for 'onehot0' functions
383:  -- 
384:  function onehot0(in1 : std_ulogic_vector) return boolean is
385:    variable count : integer := 0;
386:    begin
387:      for i in in1'range loop
388:        if in1(i) = '1' then
389:          count := count + 1;
390:        end if;
391:      end loop;
392:      return ((count = 1) or (count = 0));
393:  end onehot0;
394: 
395:  function onehot0(in1 : std_logic_vector) return boolean is
396:    variable count : integer := 0;
397:    begin
398:      for i in in1'range loop
399:        if in1(i) = '1' then
400:          count := count + 1;
401:        end if;
402:      end loop;
403:      return ((count = 1) or (count = 0));
404:  end onehot0;
405: 
406:  function onehot0(in1 : bit_vector) return boolean is
407:    variable count : integer := 0;
408:    begin
409:      for i in in1'range loop
410:        if in1(i) = '1' then
411:          count := count + 1;
412:        end if;
413:      end loop;
414:      return ((count = 1) or (count = 0));
415:  end onehot0;
416: 
417:  --
418:  -- Implementation for 'countones' functions
419:  -- 
420:  function countones(in1 : std_ulogic_vector) return integer is
421:    variable count : integer := 0;
422:    begin
423:      for i in in1'range loop
424:        if in1(i) = '1' then
425:          count := count + 1;
426:        end if;
427:      end loop;
428:      return count;
429:  end countones;
430: 
431:  function countones(in1 : std_logic_vector) return integer is
432:    variable count : integer := 0;
433:    begin
434:      for i in in1'range loop
435:        if in1(i) = '1' then
436:          count := count + 1;
437:        end if;
438:      end loop;
439:      return count;
440:  end countones;
441: 
442:  function countones(in1 : bit_vector) return integer is
443:    variable count : integer := 0;
444:    begin
445:      for i in in1'range loop
446:        if in1(i) = '1' then
447:          count := count + 1;
448:        end if;
449:      end loop;
450:      return count;
451:  end countones;
452: 
453: -- pragma synthesis_on
454: end cds_assertion_stubs;

CHILD_SCOPES(@IEEE.std_logic_arith)= 200: package body std_logic_arith is
 201: 
 202:     function max(L, R: INTEGER) return INTEGER is
 203:     begin
 204: 	if L > R then
 205: 	    return L;
 206: 	else
 207: 	    return R;
 208: 	end if;
 209:     end;
 210: 
 211: 
 212:     function min(L, R: INTEGER) return INTEGER is
 213:     begin
 214: 	if L < R then
 215: 	    return L;
 216: 	else
 217: 	    return R;
 218: 	end if;
 219:     end;
 220: 
 221:     -- synopsys synthesis_off
 222:     type tbl_type is array (STD_ULOGIC) of STD_ULOGIC;
 223:     constant tbl_BINARY : tbl_type :=
 224: 	('X', 'X', '0', '1', 'X', 'X', '0', '1', 'X');
 225:     -- synopsys synthesis_on
 226: 
 227:     -- synopsys synthesis_off
 228:     type tbl_mvl9_boolean is array (STD_ULOGIC) of boolean;
 229:     constant IS_X : tbl_mvl9_boolean :=
 230:         (true, true, false, false, true, true, false, false, true);
 231:     -- synopsys synthesis_on
 232: 
 233: 
 234: 
 235:     function MAKE_BINARY(A : STD_ULOGIC) return STD_ULOGIC is
 236: 	-- synopsys built_in SYN_FEED_THRU
 237:     begin
 238: 	-- synopsys synthesis_off
 239: 	    if (IS_X(A)) then
 240: 		assert false 
 241: 		report "There is an 'U'|'X'|'W'|'Z'|'-' in an arithmetic operand, the result will be 'X'(es)."
 242: 		severity warning;
 243: 	        return ('X');
 244: 	    end if;
 245: 	    return tbl_BINARY(A);
 246: 	-- synopsys synthesis_on
 247:     end;
 248: 
 249:     function MAKE_BINARY(A : UNSIGNED) return UNSIGNED is
 250: 	-- synopsys built_in SYN_FEED_THRU
 251: 	variable one_bit : STD_ULOGIC;
 252: 	variable result : UNSIGNED (A'range);
 253:     begin
 254: 	-- synopsys synthesis_off
 255: 	    for i in A'range loop
 256: 	        if (IS_X(A(i))) then
 257: 		    assert false 
 258: 		    report "There is an 'U'|'X'|'W'|'Z'|'-' in an arithmetic operand, the result will be 'X'(es)."
 259: 		    severity warning;
 260: 		    result := (others => 'X');
 261: 	            return result;
 262: 	        end if;
 263: 		result(i) := tbl_BINARY(A(i));
 264: 	    end loop;
 265: 	    return result;
 266: 	-- synopsys synthesis_on
 267:     end;
 268: 
 269:     function MAKE_BINARY(A : UNSIGNED) return SIGNED is
 270: 	-- synopsys built_in SYN_FEED_THRU
 271: 	variable one_bit : STD_ULOGIC;
 272: 	variable result : SIGNED (A'range);
 273:     begin
 274: 	-- synopsys synthesis_off
 275: 	    for i in A'range loop
 276: 	        if (IS_X(A(i))) then
 277: 		    assert false 
 278: 		    report "There is an 'U'|'X'|'W'|'Z'|'-' in an arithmetic operand, the result will be 'X'(es)."
 279: 		    severity warning;
 280: 		    result := (others => 'X');
 281: 	            return result;
 282: 	        end if;
 283: 		result(i) := tbl_BINARY(A(i));
 284: 	    end loop;
 285: 	    return result;
 286: 	-- synopsys synthesis_on
 287:     end;
 288: 
 289:     function MAKE_BINARY(A : SIGNED) return UNSIGNED is
 290: 	-- synopsys built_in SYN_FEED_THRU
 291: 	variable one_bit : STD_ULOGIC;
 292: 	variable result : UNSIGNED (A'range);
 293:     begin
 294: 	-- synopsys synthesis_off
 295: 	    for i in A'range loop
 296: 	        if (IS_X(A(i))) then
 297: 		    assert false 
 298: 		    report "There is an 'U'|'X'|'W'|'Z'|'-' in an arithmetic operand, the result will be 'X'(es)."
 299: 		    severity warning;
 300: 		    result := (others => 'X');
 301: 	            return result;
 302: 	        end if;
 303: 		result(i) := tbl_BINARY(A(i));
 304: 	    end loop;
 305: 	    return result;
 306: 	-- synopsys synthesis_on
 307:     end;
 308: 
 309:     function MAKE_BINARY(A : SIGNED) return SIGNED is
 310: 	-- synopsys built_in SYN_FEED_THRU
 311: 	variable one_bit : STD_ULOGIC;
 312: 	variable result : SIGNED (A'range);
 313:     begin
 314: 	-- synopsys synthesis_off
 315: 	    for i in A'range loop
 316: 	        if (IS_X(A(i))) then
 317: 		    assert false 
 318: 		    report "There is an 'U'|'X'|'W'|'Z'|'-' in an arithmetic operand, the result will be 'X'(es)."
 319: 		    severity warning;
 320: 		    result := (others => 'X');
 321: 	            return result;
 322: 	        end if;
 323: 		result(i) := tbl_BINARY(A(i));
 324: 	    end loop;
 325: 	    return result;
 326: 	-- synopsys synthesis_on
 327:     end;
 328: 
 329:     function MAKE_BINARY(A : STD_LOGIC_VECTOR) return STD_LOGIC_VECTOR is
 330: 	-- synopsys built_in SYN_FEED_THRU
 331: 	variable one_bit : STD_ULOGIC;
 332: 	variable result : STD_LOGIC_VECTOR (A'range);
 333:     begin
 334: 	-- synopsys synthesis_off
 335: 	    for i in A'range loop
 336: 	        if (IS_X(A(i))) then
 337: 		    assert false 
 338: 		    report "There is an 'U'|'X'|'W'|'Z'|'-' in an arithmetic operand, the result will be 'X'(es)."
 339: 		    severity warning;
 340: 		    result := (others => 'X');
 341: 	            return result;
 342: 	        end if;
 343: 		result(i) := tbl_BINARY(A(i));
 344: 	    end loop;
 345: 	    return result;
 346: 	-- synopsys synthesis_on
 347:     end;
 348: 
 349:     function MAKE_BINARY(A : UNSIGNED) return STD_LOGIC_VECTOR is
 350: 	-- synopsys built_in SYN_FEED_THRU
 351: 	variable one_bit : STD_ULOGIC;
 352: 	variable result : STD_LOGIC_VECTOR (A'range);
 353:     begin
 354: 	-- synopsys synthesis_off
 355: 	    for i in A'range loop
 356: 	        if (IS_X(A(i))) then
 357: 		    assert false 
 358: 		    report "There is an 'U'|'X'|'W'|'Z'|'-' in an arithmetic operand, the result will be 'X'(es)."
 359: 		    severity warning;
 360: 		    result := (others => 'X');
 361: 	            return result;
 362: 	        end if;
 363: 		result(i) := tbl_BINARY(A(i));
 364: 	    end loop;
 365: 	    return result;
 366: 	-- synopsys synthesis_on
 367:     end;
 368: 
 369:     function MAKE_BINARY(A : SIGNED) return STD_LOGIC_VECTOR is
 370: 	-- synopsys built_in SYN_FEED_THRU
 371: 	variable one_bit : STD_ULOGIC;
 372: 	variable result : STD_LOGIC_VECTOR (A'range);
 373:     begin
 374: 	-- synopsys synthesis_off
 375: 	    for i in A'range loop
 376: 	        if (IS_X(A(i))) then
 377: 		    assert false 
 378: 		    report "There is an 'U'|'X'|'W'|'Z'|'-' in an arithmetic operand, the result will be 'X'(es)."
 379: 		    severity warning;
 380: 		    result := (others => 'X');
 381: 	            return result;
 382: 	        end if;
 383: 		result(i) := tbl_BINARY(A(i));
 384: 	    end loop;
 385: 	    return result;
 386: 	-- synopsys synthesis_on
 387:     end;
 388: 
 389: 
 390: 
 391:     -- Type propagation function which returns a signed type with the
 392:     -- size of the left arg.
 393:     function LEFT_SIGNED_ARG(A,B: SIGNED) return SIGNED is
 394:       variable Z: SIGNED (A'left downto 0);
 395:       -- pragma return_port_name Z
 396:     begin
 397:       return(Z);
 398:     end;
 399: 	
 400:     -- Type propagation function which returns an unsigned type with the
 401:     -- size of the left arg.
 402:     function LEFT_UNSIGNED_ARG(A,B: UNSIGNED) return UNSIGNED is
 403:       variable Z: UNSIGNED (A'left downto 0);
 404:       -- pragma return_port_name Z
 405:     begin
 406:       return(Z);
 407:     end;
 408: 	
 409:     -- Type propagation function which returns a signed type with the
 410:     -- size of the result of a signed multiplication
 411:     function MULT_SIGNED_ARG(A,B: SIGNED) return SIGNED is
 412:       variable Z: SIGNED ((A'length+B'length-1) downto 0);
 413:       -- pragma return_port_name Z
 414:     begin
 415:       return(Z);
 416:     end;
 417: 	
 418:     -- Type propagation function which returns an unsigned type with the
 419:     -- size of the result of a unsigned multiplication
 420:     function MULT_UNSIGNED_ARG(A,B: UNSIGNED) return UNSIGNED is
 421:       variable Z: UNSIGNED ((A'length+B'length-1) downto 0);
 422:       -- pragma return_port_name Z
 423:     begin
 424:       return(Z);
 425:     end;
 426: 
 427: 
 428: 
 429:     function mult(A,B: SIGNED) return SIGNED is
 430: 
 431:       variable BA: SIGNED((A'length+B'length-1) downto 0);
 432:       variable PA: SIGNED((A'length+B'length-1) downto 0);
 433:       variable AA: SIGNED(A'length downto 0);
 434:       variable neg: STD_ULOGIC;
 435:       constant one : UNSIGNED(1 downto 0) := "01";
 436:       
 437:       -- pragma map_to_operator MULT_TC_OP
 438:       -- pragma type_function MULT_SIGNED_ARG
 439:       -- pragma return_port_name Z
 440: 
 441:       begin
 442: 	if (A(A'left) = 'X' or B(B'left) = 'X') then
 443:             PA := (others => 'X');
 444:             return(PA);
 445: 	end if;
 446:         PA := (others => '0');
 447:         neg := B(B'left) xor A(A'left);
 448:         BA := CONV_SIGNED(('0' & ABS(B)),(A'length+B'length));
 449:         AA := '0' & ABS(A);
 450:         for i in 0 to A'length-1 loop
 451:           if AA(i) = '1' then
 452:             PA := PA+BA;
 453:           end if;
 454:           BA := SHL(BA,one);
 455:         end loop;
 456:         if (neg= '1') then
 457:           return(-PA);
 458:         else 
 459:           return(PA);
 460:         end if;
 461:       end;
 462: 
 463:     function mult(A,B: UNSIGNED) return UNSIGNED is
 464: 
 465:       variable BA: UNSIGNED((A'length+B'length-1) downto 0);
 466:       variable PA: UNSIGNED((A'length+B'length-1) downto 0);
 467:       constant one : UNSIGNED(1 downto 0) := "01";
 468:       
 469:       -- pragma map_to_operator MULT_UNS_OP
 470:       -- pragma type_function MULT_UNSIGNED_ARG
 471:       -- pragma return_port_name Z
 472: 
 473:       begin
 474: 	if (A(A'left) = 'X' or B(B'left) = 'X') then
 475:             PA := (others => 'X');
 476:             return(PA);
 477: 	end if;
 478:         PA := (others => '0');
 479:         BA := CONV_UNSIGNED(B,(A'length+B'length));
 480:         for i in 0 to A'length-1 loop
 481:           if A(i) = '1' then
 482:             PA := PA+BA;
 483:           end if;
 484:           BA := SHL(BA,one);
 485:         end loop;
 486:         return(PA);
 487:       end;
 488: 
 489:     -- subtract two signed numbers of the same length
 490:     -- both arrays must have range (msb downto 0)
 491:     function minus(A, B: SIGNED) return SIGNED is
 492: 	variable carry: STD_ULOGIC;
 493: 	variable BV: STD_ULOGIC_VECTOR (A'left downto 0);
 494: 	variable sum: SIGNED (A'left downto 0);
 495: 
 496: 	-- pragma map_to_operator SUB_TC_OP
 497: 
 498: 	-- pragma type_function LEFT_SIGNED_ARG
 499:         -- pragma return_port_name Z
 500: 
 501:     begin
 502: 	if (A(A'left) = 'X' or B(B'left) = 'X') then
 503:             sum := (others => 'X');
 504:             return(sum);
 505: 	end if;
 506: 	carry := '1';
 507: 	BV := not STD_ULOGIC_VECTOR(B);
 508: 
 509: 	for i in 0 to A'left loop
 510: 	    sum(i) := A(i) xor BV(i) xor carry;
 511: 	    carry := (A(i) and BV(i)) or
 512: 		    (A(i) and carry) or
 513: 		    (carry and BV(i));
 514: 	end loop;
 515: 	return sum;
 516:     end;
 517: 
 518:     -- add two signed numbers of the same length
 519:     -- both arrays must have range (msb downto 0)
 520:     function plus(A, B: SIGNED) return SIGNED is
 521: 	variable carry: STD_ULOGIC;
 522: 	variable BV, sum: SIGNED (A'left downto 0);
 523: 
 524: 	-- pragma map_to_operator ADD_TC_OP
 525: 	-- pragma type_function LEFT_SIGNED_ARG
 526:         -- pragma return_port_name Z
 527: 
 528:     begin
 529: 	if (A(A'left) = 'X' or B(B'left) = 'X') then
 530:             sum := (others => 'X');
 531:             return(sum);
 532: 	end if;
 533: 	carry := '0';
 534: 	BV := B;
 535: 
 536: 	for i in 0 to A'left loop
 537: 	    sum(i) := A(i) xor BV(i) xor carry;
 538: 	    carry := (A(i) and BV(i)) or
 539: 		    (A(i) and carry) or
 540: 		    (carry and BV(i));
 541: 	end loop;
 542: 	return sum;
 543:     end;
 544: 
 545: 
 546:     -- subtract two unsigned numbers of the same length
 547:     -- both arrays must have range (msb downto 0)
 548:     function unsigned_minus(A, B: UNSIGNED) return UNSIGNED is
 549: 	variable carry: STD_ULOGIC;
 550: 	variable BV: STD_ULOGIC_VECTOR (A'left downto 0);
 551: 	variable sum: UNSIGNED (A'left downto 0);
 552: 
 553: 	-- pragma map_to_operator SUB_UNS_OP
 554: 	-- pragma type_function LEFT_UNSIGNED_ARG
 555:         -- pragma return_port_name Z
 556: 
 557:     begin
 558: 	if (A(A'left) = 'X' or B(B'left) = 'X') then
 559:             sum := (others => 'X');
 560:             return(sum);
 561: 	end if;
 562: 	carry := '1';
 563: 	BV := not STD_ULOGIC_VECTOR(B);
 564: 
 565: 	for i in 0 to A'left loop
 566: 	    sum(i) := A(i) xor BV(i) xor carry;
 567: 	    carry := (A(i) and BV(i)) or
 568: 		    (A(i) and carry) or
 569: 		    (carry and BV(i));
 570: 	end loop;
 571: 	return sum;
 572:     end;
 573: 
 574:     -- add two unsigned numbers of the same length
 575:     -- both arrays must have range (msb downto 0)
 576:     function unsigned_plus(A, B: UNSIGNED) return UNSIGNED is
 577: 	variable carry: STD_ULOGIC;
 578: 	variable BV, sum: UNSIGNED (A'left downto 0);
 579: 
 580: 	-- pragma map_to_operator ADD_UNS_OP
 581: 	-- pragma type_function LEFT_UNSIGNED_ARG
 582:         -- pragma return_port_name Z
 583: 
 584:     begin
 585: 	if (A(A'left) = 'X' or B(B'left) = 'X') then
 586:             sum := (others => 'X');
 587:             return(sum);
 588: 	end if;
 589: 	carry := '0';
 590: 	BV := B;
 591: 
 592: 	for i in 0 to A'left loop
 593: 	    sum(i) := A(i) xor BV(i) xor carry;
 594: 	    carry := (A(i) and BV(i)) or
 595: 		    (A(i) and carry) or
 596: 		    (carry and BV(i));
 597: 	end loop;
 598: 	return sum;
 599:     end;
 600: 
 601: 
 602: 
 603:     function "*"(L: SIGNED; R: SIGNED) return SIGNED is
 604: 	-- pragma label_applies_to mult
 605: 	-- synopsys subpgm_id 296
 606:     begin
 607:           return     mult(CONV_SIGNED(L, L'length),
 608: 		          CONV_SIGNED(R, R'length)); -- pragma label mult 
 609:     end;
 610:       
 611:     function "*"(L: UNSIGNED; R: UNSIGNED) return UNSIGNED is
 612: 	-- pragma label_applies_to mult
 613: 	-- synopsys subpgm_id 295
 614:     begin
 615:           return   mult(CONV_UNSIGNED(L, L'length),
 616:                         CONV_UNSIGNED(R, R'length)); -- pragma label mult 
 617:     end;
 618:         
 619:     function "*"(L: UNSIGNED; R: SIGNED) return SIGNED is
 620: 	-- pragma label_applies_to mult
 621: 	-- synopsys subpgm_id 297
 622:     begin
 623:  	return       mult(CONV_SIGNED(L, L'length+1),
 624: 		          CONV_SIGNED(R, R'length)); -- pragma label mult 
 625:     end;
 626: 
 627:     function "*"(L: SIGNED; R: UNSIGNED) return SIGNED is
 628: 	-- pragma label_applies_to mult
 629: 	-- synopsys subpgm_id 298
 630:     begin
 631: 	return      mult(CONV_SIGNED(L, L'length),
 632: 		         CONV_SIGNED(R, R'length+1)); -- pragma label mult 
 633:     end;
 634: 
 635: 
 636:     function "*"(L: SIGNED; R: SIGNED) return STD_LOGIC_VECTOR is
 637: 	-- pragma label_applies_to mult
 638: 	-- synopsys subpgm_id 301
 639:     begin
 640:           return STD_LOGIC_VECTOR (
 641: 		mult(-- pragma label mult 
 642: 		CONV_SIGNED(L, L'length), CONV_SIGNED(R, R'length))); 
 643:     end;
 644:       
 645:     function "*"(L: UNSIGNED; R: UNSIGNED) return STD_LOGIC_VECTOR is
 646: 	-- pragma label_applies_to mult
 647: 	-- synopsys subpgm_id 300
 648:     begin
 649:           return STD_LOGIC_VECTOR (
 650: 		mult(-- pragma label mult
 651: 		CONV_UNSIGNED(L, L'length), CONV_UNSIGNED(R, R'length))); 
 652:     end;
 653:         
 654:     function "*"(L: UNSIGNED; R: SIGNED) return STD_LOGIC_VECTOR is
 655: 	-- pragma label_applies_to mult
 656: 	-- synopsys subpgm_id 302
 657:     begin
 658:  	return STD_LOGIC_VECTOR (
 659: 		mult(-- pragma label mult
 660: 		CONV_SIGNED(L, L'length+1), CONV_SIGNED(R, R'length))); 
 661:     end;
 662: 
 663:     function "*"(L: SIGNED; R: UNSIGNED) return STD_LOGIC_VECTOR is
 664: 	-- pragma label_applies_to mult
 665: 	-- synopsys subpgm_id 303
 666:     begin
 667: 	return STD_LOGIC_VECTOR (
 668: 		mult(-- pragma label mult
 669: 		CONV_SIGNED(L, L'length), CONV_SIGNED(R, R'length+1))); 
 670:     end;
 671: 
 672: 
 673:     function "+"(L: UNSIGNED; R: UNSIGNED) return UNSIGNED is
 674: 	-- pragma label_applies_to plus
 675: 	-- synopsys subpgm_id 236
 676: 	constant length: INTEGER := max(L'length, R'length);
 677:     begin
 678: 	return unsigned_plus(CONV_UNSIGNED(L, length),
 679: 			     CONV_UNSIGNED(R, length)); -- pragma label plus
 680:     end;
 681: 
 682: 
 683:     function "+"(L: SIGNED; R: SIGNED) return SIGNED is
 684: 	-- pragma label_applies_to plus
 685: 	-- synopsys subpgm_id 237
 686: 	constant length: INTEGER := max(L'length, R'length);
 687:     begin
 688: 	return plus(CONV_SIGNED(L, length),
 689: 		    CONV_SIGNED(R, length)); -- pragma label plus
 690:     end;
 691: 
 692: 
 693:     function "+"(L: UNSIGNED; R: SIGNED) return SIGNED is
 694: 	-- pragma label_applies_to plus
 695: 	-- synopsys subpgm_id 238
 696: 	constant length: INTEGER := max(L'length + 1, R'length);
 697:     begin
 698: 	return plus(CONV_SIGNED(L, length),
 699: 		    CONV_SIGNED(R, length)); -- pragma label plus
 700:     end;
 701: 
 702: 
 703:     function "+"(L: SIGNED; R: UNSIGNED) return SIGNED is
 704: 	-- pragma label_applies_to plus
 705: 	-- synopsys subpgm_id 239
 706: 	constant length: INTEGER := max(L'length, R'length + 1);
 707:     begin
 708: 	return plus(CONV_SIGNED(L, length),
 709: 		    CONV_SIGNED(R, length)); -- pragma label plus
 710:     end;
 711: 
 712: 
 713:     function "+"(L: UNSIGNED; R: INTEGER) return UNSIGNED is
 714: 	-- pragma label_applies_to plus
 715: 	-- synopsys subpgm_id 240
 716: 	constant length: INTEGER := L'length + 1;
 717:     begin
 718: 	return CONV_UNSIGNED(
 719: 		plus( -- pragma label plus
 720: 		CONV_SIGNED(L, length), CONV_SIGNED(R, length)), length-1);
 721:     end;
 722: 
 723: 
 724:     function "+"(L: INTEGER; R: UNSIGNED) return UNSIGNED is
 725: 	-- pragma label_applies_to plus
 726: 	-- synopsys subpgm_id 241
 727: 	constant length: INTEGER := R'length + 1;
 728:     begin
 729: 	return CONV_UNSIGNED(
 730: 		plus( -- pragma label plus
 731: 		CONV_SIGNED(L, length), CONV_SIGNED(R, length)), length-1);
 732:     end;
 733: 
 734: 
 735:     function "+"(L: SIGNED; R: INTEGER) return SIGNED is
 736: 	-- pragma label_applies_to plus
 737: 	-- synopsys subpgm_id 242
 738: 	constant length: INTEGER := L'length;
 739:     begin
 740: 	return plus(CONV_SIGNED(L, length),
 741: 		    CONV_SIGNED(R, length)); -- pragma label plus
 742:     end;
 743: 
 744: 
 745:     function "+"(L: INTEGER; R: SIGNED) return SIGNED is
 746: 	-- pragma label_applies_to plus
 747: 	-- synopsys subpgm_id 243
 748: 	constant length: INTEGER := R'length;
 749:     begin
 750: 	return plus(CONV_SIGNED(L, length),
 751: 		    CONV_SIGNED(R, length)); -- pragma label plus
 752:     end;
 753: 
 754: 
 755:     function "+"(L: UNSIGNED; R: STD_ULOGIC) return UNSIGNED is
 756: 	-- pragma label_applies_to plus
 757: 	-- synopsys subpgm_id 244
 758: 	constant length: INTEGER := L'length;
 759:     begin
 760: 	return unsigned_plus(CONV_UNSIGNED(L, length),
 761: 		     CONV_UNSIGNED(R, length)) ; -- pragma label plus
 762:     end;
 763: 
 764: 
 765:     function "+"(L: STD_ULOGIC; R: UNSIGNED) return UNSIGNED is
 766: 	-- pragma label_applies_to plus
 767: 	-- synopsys subpgm_id 245
 768: 	constant length: INTEGER := R'length;
 769:     begin
 770: 	return unsigned_plus(CONV_UNSIGNED(L, length),
 771: 		     CONV_UNSIGNED(R, length)); -- pragma label plus
 772:     end;
 773: 
 774: 
 775:     function "+"(L: SIGNED; R: STD_ULOGIC) return SIGNED is
 776: 	-- pragma label_applies_to plus
 777: 	-- synopsys subpgm_id 246
 778: 	constant length: INTEGER := L'length;
 779:     begin
 780: 	return plus(CONV_SIGNED(L, length),
 781: 		    CONV_SIGNED(R, length)); -- pragma label plus
 782:     end;
 783: 
 784: 
 785:     function "+"(L: STD_ULOGIC; R: SIGNED) return SIGNED is
 786: 	-- pragma label_applies_to plus
 787: 	-- synopsys subpgm_id 247
 788: 	constant length: INTEGER := R'length;
 789:     begin
 790: 	return plus(CONV_SIGNED(L, length),
 791: 		    CONV_SIGNED(R, length)); -- pragma label plus
 792:     end;
 793: 
 794: 
 795: 
 796:     function "+"(L: UNSIGNED; R: UNSIGNED) return STD_LOGIC_VECTOR is
 797: 	-- pragma label_applies_to plus
 798: 	-- synopsys subpgm_id 260
 799: 	constant length: INTEGER := max(L'length, R'length);
 800:     begin
 801: 	return STD_LOGIC_VECTOR (
 802: 		unsigned_plus(-- pragma label plus
 803: 		CONV_UNSIGNED(L, length), CONV_UNSIGNED(R, length))); 
 804:     end;
 805: 
 806: 
 807:     function "+"(L: SIGNED; R: SIGNED) return STD_LOGIC_VECTOR is
 808: 	-- pragma label_applies_to plus
 809: 	-- synopsys subpgm_id 261
 810: 	constant length: INTEGER := max(L'length, R'length);
 811:     begin
 812: 	return STD_LOGIC_VECTOR (
 813: 		plus(-- pragma label plus
 814: 		CONV_SIGNED(L, length), CONV_SIGNED(R, length))); 
 815:     end;
 816: 
 817: 
 818:     function "+"(L: UNSIGNED; R: SIGNED) return STD_LOGIC_VECTOR is
 819: 	-- pragma label_applies_to plus
 820: 	-- synopsys subpgm_id 262
 821: 	constant length: INTEGER := max(L'length + 1, R'length);
 822:     begin
 823: 	return STD_LOGIC_VECTOR (
 824: 		plus(-- pragma label plus
 825: 		CONV_SIGNED(L, length), CONV_SIGNED(R, length))); 
 826:     end;
 827: 
 828: 
 829:     function "+"(L: SIGNED; R: UNSIGNED) return STD_LOGIC_VECTOR is
 830: 	-- pragma label_applies_to plus
 831: 	-- synopsys subpgm_id 263
 832: 	constant length: INTEGER := max(L'length, R'length + 1);
 833:     begin
 834: 	return STD_LOGIC_VECTOR (
 835: 		plus(-- pragma label plus
 836: 		CONV_SIGNED(L, length), CONV_SIGNED(R, length))); 
 837:     end;
 838: 
 839: 
 840:     function "+"(L: UNSIGNED; R: INTEGER) return STD_LOGIC_VECTOR is
 841: 	-- pragma label_applies_to plus
 842: 	-- synopsys subpgm_id 264
 843: 	constant length: INTEGER := L'length + 1;
 844:     begin
 845: 	return STD_LOGIC_VECTOR (CONV_UNSIGNED(
 846: 		plus( -- pragma label plus
 847: 	        CONV_SIGNED(L, length), CONV_SIGNED(R, length)), length-1));
 848:     end;
 849: 
 850: 
 851:     function "+"(L: INTEGER; R: UNSIGNED) return STD_LOGIC_VECTOR is
 852: 	-- pragma label_applies_to plus
 853: 	-- synopsys subpgm_id 265
 854: 	constant length: INTEGER := R'length + 1;
 855:     begin
 856: 	return STD_LOGIC_VECTOR (CONV_UNSIGNED(
 857: 		plus( -- pragma label plus
 858: 		CONV_SIGNED(L, length), CONV_SIGNED(R, length)), length-1));
 859:     end;
 860: 
 861: 
 862:     function "+"(L: SIGNED; R: INTEGER) return STD_LOGIC_VECTOR is
 863: 	-- pragma label_applies_to plus
 864: 	-- synopsys subpgm_id 266
 865: 	constant length: INTEGER := L'length;
 866:     begin
 867: 	return STD_LOGIC_VECTOR (
 868: 		plus(-- pragma label plus
 869: 		CONV_SIGNED(L, length), CONV_SIGNED(R, length))); 
 870:     end;
 871: 
 872: 
 873:     function "+"(L: INTEGER; R: SIGNED) return STD_LOGIC_VECTOR is
 874: 	-- pragma label_applies_to plus
 875: 	-- synopsys subpgm_id 267
 876: 	constant length: INTEGER := R'length;
 877:     begin
 878: 	return STD_LOGIC_VECTOR (
 879: 		plus(-- pragma label plus
 880: 		CONV_SIGNED(L, length), CONV_SIGNED(R, length))); 
 881:     end;
 882: 
 883: 
 884:     function "+"(L: UNSIGNED; R: STD_ULOGIC) return STD_LOGIC_VECTOR is
 885: 	-- pragma label_applies_to plus
 886: 	-- synopsys subpgm_id 268
 887: 	constant length: INTEGER := L'length;
 888:     begin
 889: 	return STD_LOGIC_VECTOR (
 890: 		unsigned_plus(-- pragma label plus
 891: 		CONV_UNSIGNED(L, length), CONV_UNSIGNED(R, length))) ; 
 892:     end;
 893: 
 894: 
 895:     function "+"(L: STD_ULOGIC; R: UNSIGNED) return STD_LOGIC_VECTOR is
 896: 	-- pragma label_applies_to plus
 897: 	-- synopsys subpgm_id 269
 898: 	constant length: INTEGER := R'length;
 899:     begin
 900: 	return STD_LOGIC_VECTOR (
 901: 		unsigned_plus(-- pragma label plus
 902: 		CONV_UNSIGNED(L, length), CONV_UNSIGNED(R, length))); 
 903:     end;
 904: 
 905: 
 906:     function "+"(L: SIGNED; R: STD_ULOGIC) return STD_LOGIC_VECTOR is
 907: 	-- pragma label_applies_to plus
 908: 	-- synopsys subpgm_id 270
 909: 	constant length: INTEGER := L'length;
 910:     begin
 911: 	return STD_LOGIC_VECTOR (
 912: 		plus(-- pragma label plus
 913: 		CONV_SIGNED(L, length), CONV_SIGNED(R, length))); 
 914:     end;
 915: 
 916: 
 917:     function "+"(L: STD_ULOGIC; R: SIGNED) return STD_LOGIC_VECTOR is
 918: 	-- pragma label_applies_to plus
 919: 	-- synopsys subpgm_id 271
 920: 	constant length: INTEGER := R'length;
 921:     begin
 922: 	return STD_LOGIC_VECTOR (
 923: 		plus(-- pragma label plus
 924: 		CONV_SIGNED(L, length), CONV_SIGNED(R, length))); 
 925:     end;
 926: 
 927: 
 928: 
 929:     function "-"(L: UNSIGNED; R: UNSIGNED) return UNSIGNED is
 930: 	-- pragma label_applies_to minus
 931: 	-- synopsys subpgm_id 248
 932: 	constant length: INTEGER := max(L'length, R'length);
 933:     begin
 934: 	return unsigned_minus(CONV_UNSIGNED(L, length),
 935: 		      	      CONV_UNSIGNED(R, length)); -- pragma label minus
 936:     end;
 937: 
 938: 
 939:     function "-"(L: SIGNED; R: SIGNED) return SIGNED is
 940: 	-- pragma label_applies_to minus
 941: 	-- synopsys subpgm_id 249
 942: 	constant length: INTEGER := max(L'length, R'length);
 943:     begin
 944: 	return minus(CONV_SIGNED(L, length),
 945: 		     CONV_SIGNED(R, length)); -- pragma label minus
 946:     end;
 947: 
 948: 
 949:     function "-"(L: UNSIGNED; R: SIGNED) return SIGNED is
 950: 	-- pragma label_applies_to minus
 951: 	-- synopsys subpgm_id 250
 952: 	constant length: INTEGER := max(L'length + 1, R'length);
 953:     begin
 954: 	return minus(CONV_SIGNED(L, length),
 955: 		     CONV_SIGNED(R, length)); -- pragma label minus
 956:     end;
 957: 
 958: 
 959:     function "-"(L: SIGNED; R: UNSIGNED) return SIGNED is
 960: 	-- pragma label_applies_to minus
 961: 	-- synopsys subpgm_id 251
 962: 	constant length: INTEGER := max(L'length, R'length + 1);
 963:     begin
 964: 	return minus(CONV_SIGNED(L, length),
 965: 		     CONV_SIGNED(R, length)); -- pragma label minus
 966:     end;
 967: 
 968: 
 969:     function "-"(L: UNSIGNED; R: INTEGER) return UNSIGNED is
 970: 	-- pragma label_applies_to minus
 971: 	-- synopsys subpgm_id 252
 972: 	constant length: INTEGER := L'length + 1;
 973:     begin
 974: 	return CONV_UNSIGNED(
 975: 		minus( -- pragma label minus
 976: 		CONV_SIGNED(L, length), CONV_SIGNED(R, length)), length-1);
 977:     end;
 978: 
 979: 
 980:     function "-"(L: INTEGER; R: UNSIGNED) return UNSIGNED is
 981: 	-- pragma label_applies_to minus
 982: 	-- synopsys subpgm_id 253
 983: 	constant length: INTEGER := R'length + 1;
 984:     begin
 985: 	return CONV_UNSIGNED(
 986: 		minus( -- pragma label minus
 987: 		CONV_SIGNED(L, length), CONV_SIGNED(R, length)), length-1);
 988:     end;
 989: 
 990: 
 991:     function "-"(L: SIGNED; R: INTEGER) return SIGNED is
 992: 	-- pragma label_applies_to minus
 993: 	-- synopsys subpgm_id 254
 994: 	constant length: INTEGER := L'length;
 995:     begin
 996: 	return minus(CONV_SIGNED(L, length),
 997: 		     CONV_SIGNED(R, length)); -- pragma label minus
 998:     end;
 999: 
1000: 
1001:     function "-"(L: INTEGER; R: SIGNED) return SIGNED is
1002: 	-- pragma label_applies_to minus
1003: 	-- synopsys subpgm_id 255
1004: 	constant length: INTEGER := R'length;
1005:     begin
1006: 	return minus(CONV_SIGNED(L, length),
1007: 		     CONV_SIGNED(R, length)); -- pragma label minus
1008:     end;
1009: 
1010: 
1011:     function "-"(L: UNSIGNED; R: STD_ULOGIC) return UNSIGNED is
1012: 	-- pragma label_applies_to minus
1013: 	-- synopsys subpgm_id 256
1014: 	constant length: INTEGER := L'length + 1;
1015:     begin
1016: 	return CONV_UNSIGNED(
1017: 		minus( -- pragma label minus
1018: 		CONV_SIGNED(L, length), CONV_SIGNED(R, length)), length-1);
1019:     end;
1020: 
1021: 
1022:     function "-"(L: STD_ULOGIC; R: UNSIGNED) return UNSIGNED is
1023: 	-- pragma label_applies_to minus
1024: 	-- synopsys subpgm_id 257
1025: 	constant length: INTEGER := R'length + 1;
1026:     begin
1027: 	return CONV_UNSIGNED(
1028: 		minus( -- pragma label minus
1029: 		CONV_SIGNED(L, length), CONV_SIGNED(R, length)), length-1);
1030:     end;
1031: 
1032: 
1033:     function "-"(L: SIGNED; R: STD_ULOGIC) return SIGNED is
1034: 	-- pragma label_applies_to minus
1035: 	-- synopsys subpgm_id 258
1036: 	constant length: INTEGER := L'length;
1037:     begin
1038: 	return minus(CONV_SIGNED(L, length),
1039: 		     CONV_SIGNED(R, length)); -- pragma label minus
1040:     end;
1041: 
1042: 
1043:     function "-"(L: STD_ULOGIC; R: SIGNED) return SIGNED is
1044: 	-- pragma label_applies_to minus
1045: 	-- synopsys subpgm_id 259
1046: 	constant length: INTEGER := R'length;
1047:     begin
1048: 	return minus(CONV_SIGNED(L, length),
1049: 		     CONV_SIGNED(R, length)); -- pragma label minus
1050:     end;
1051: 
1052: 
1053: 
1054: 
1055:     function "-"(L: UNSIGNED; R: UNSIGNED) return STD_LOGIC_VECTOR is
1056: 	-- pragma label_applies_to minus
1057: 	-- synopsys subpgm_id 272
1058: 	constant length: INTEGER := max(L'length, R'length);
1059:     begin
1060: 	return STD_LOGIC_VECTOR (
1061: 		unsigned_minus(-- pragma label minus
1062: 		CONV_UNSIGNED(L, length), CONV_UNSIGNED(R, length))); 
1063:     end;
1064: 
1065: 
1066:     function "-"(L: SIGNED; R: SIGNED) return STD_LOGIC_VECTOR is
1067: 	-- pragma label_applies_to minus
1068: 	-- synopsys subpgm_id 273
1069: 	constant length: INTEGER := max(L'length, R'length);
1070:     begin
1071: 	return STD_LOGIC_VECTOR (
1072: 		minus(-- pragma label minus
1073: 		CONV_SIGNED(L, length), CONV_SIGNED(R, length))); 
1074:     end;
1075: 
1076: 
1077:     function "-"(L: UNSIGNED; R: SIGNED) return STD_LOGIC_VECTOR is
1078: 	-- pragma label_applies_to minus
1079: 	-- synopsys subpgm_id 274
1080: 	constant length: INTEGER := max(L'length + 1, R'length);
1081:     begin
1082: 	return STD_LOGIC_VECTOR (
1083: 		minus(-- pragma label minus
1084: 		CONV_SIGNED(L, length), CONV_SIGNED(R, length))); 
1085:     end;
1086: 
1087: 
1088:     function "-"(L: SIGNED; R: UNSIGNED) return STD_LOGIC_VECTOR is
1089: 	-- pragma label_applies_to minus
1090: 	-- synopsys subpgm_id 275
1091: 	constant length: INTEGER := max(L'length, R'length + 1);
1092:     begin
1093: 	return STD_LOGIC_VECTOR (
1094: 		minus(-- pragma label minus
1095: 		CONV_SIGNED(L, length), CONV_SIGNED(R, length))); 
1096:     end;
1097: 
1098: 
1099:     function "-"(L: UNSIGNED; R: INTEGER) return STD_LOGIC_VECTOR is
1100: 	-- pragma label_applies_to minus
1101: 	-- synopsys subpgm_id 276
1102: 	constant length: INTEGER := L'length + 1;
1103:     begin
1104: 	return STD_LOGIC_VECTOR (CONV_UNSIGNED(
1105: 		minus( -- pragma label minus
1106: 		CONV_SIGNED(L, length), CONV_SIGNED(R, length)), length-1));
1107:     end;
1108: 
1109: 
1110:     function "-"(L: INTEGER; R: UNSIGNED) return STD_LOGIC_VECTOR is
1111: 	-- pragma label_applies_to minus
1112: 	-- synopsys subpgm_id 277
1113: 	constant length: INTEGER := R'length + 1;
1114:     begin
1115: 	return STD_LOGIC_VECTOR (CONV_UNSIGNED(
1116: 		minus( -- pragma label minus
1117: 		CONV_SIGNED(L, length), CONV_SIGNED(R, length)), length-1));
1118:     end;
1119: 
1120: 
1121:     function "-"(L: SIGNED; R: INTEGER) return STD_LOGIC_VECTOR is
1122: 	-- pragma label_applies_to minus
1123: 	-- synopsys subpgm_id 278
1124: 	constant length: INTEGER := L'length;
1125:     begin
1126: 	return STD_LOGIC_VECTOR (
1127: 		minus(-- pragma label minus
1128: 		CONV_SIGNED(L, length), CONV_SIGNED(R, length))); 
1129:     end;
1130: 
1131: 
1132:     function "-"(L: INTEGER; R: SIGNED) return STD_LOGIC_VECTOR is
1133: 	-- pragma label_applies_to minus
1134: 	-- synopsys subpgm_id 279
1135: 	constant length: INTEGER := R'length;
1136:     begin
1137: 	return STD_LOGIC_VECTOR (
1138: 		minus(-- pragma label minus
1139: 		CONV_SIGNED(L, length), CONV_SIGNED(R, length))); 
1140:     end;
1141: 
1142: 
1143:     function "-"(L: UNSIGNED; R: STD_ULOGIC) return STD_LOGIC_VECTOR is
1144: 	-- pragma label_applies_to minus
1145: 	-- synopsys subpgm_id 280
1146: 	constant length: INTEGER := L'length + 1;
1147:     begin
1148: 	return STD_LOGIC_VECTOR (CONV_UNSIGNED(
1149: 		minus( -- pragma label minus
1150: 		CONV_SIGNED(L, length), CONV_SIGNED(R, length)), length-1));
1151:     end;
1152: 
1153: 
1154:     function "-"(L: STD_ULOGIC; R: UNSIGNED) return STD_LOGIC_VECTOR is
1155: 	-- pragma label_applies_to minus
1156: 	-- synopsys subpgm_id 281
1157: 	constant length: INTEGER := R'length + 1;
1158:     begin
1159: 	return STD_LOGIC_VECTOR (CONV_UNSIGNED(
1160: 		minus( -- pragma label minus
1161: 		CONV_SIGNED(L, length), CONV_SIGNED(R, length)), length-1));
1162:     end;
1163: 
1164: 
1165:     function "-"(L: SIGNED; R: STD_ULOGIC) return STD_LOGIC_VECTOR is
1166: 	-- pragma label_applies_to minus
1167: 	-- synopsys subpgm_id 282
1168: 	constant length: INTEGER := L'length;
1169:     begin
1170: 	return STD_LOGIC_VECTOR (
1171: 		minus(-- pragma label minus
1172: 		CONV_SIGNED(L, length), CONV_SIGNED(R, length))); 
1173:     end;
1174: 
1175: 
1176:     function "-"(L: STD_ULOGIC; R: SIGNED) return STD_LOGIC_VECTOR is
1177: 	-- pragma label_applies_to minus
1178: 	-- synopsys subpgm_id 283
1179: 	constant length: INTEGER := R'length;
1180:     begin
1181: 	return STD_LOGIC_VECTOR (
1182: 		minus(-- pragma label minus
1183: 		CONV_SIGNED(L, length), CONV_SIGNED(R, length))); 
1184:     end;
1185: 
1186: 
1187: 
1188: 
1189:     function "+"(L: UNSIGNED) return UNSIGNED is
1190: 	-- synopsys subpgm_id 284
1191:     begin
1192: 	return L;
1193:     end;
1194: 
1195: 
1196:     function "+"(L: SIGNED) return SIGNED is
1197: 	-- synopsys subpgm_id 285
1198:     begin
1199: 	return L;
1200:     end;
1201: 
1202: 
1203:     function "-"(L: SIGNED) return SIGNED is
1204: 	-- pragma label_applies_to minus
1205: 	-- synopsys subpgm_id 286
1206:     begin
1207: 	return 0 - L; -- pragma label minus
1208:     end;
1209: 
1210: 
1211:     function "ABS"(L: SIGNED) return SIGNED is
1212: 	-- synopsys subpgm_id 287
1213:     begin
1214: 	if (L(L'left) = '0' or L(L'left) = 'L') then
1215: 	    return L;
1216: 	else
1217: 	    return 0 - L;
1218: 	end if;
1219:     end;
1220: 
1221: 
1222:     function "+"(L: UNSIGNED) return STD_LOGIC_VECTOR is
1223: 	-- synopsys subpgm_id 289
1224:     begin
1225: 	return STD_LOGIC_VECTOR (L);
1226:     end;
1227: 
1228: 
1229:     function "+"(L: SIGNED) return STD_LOGIC_VECTOR is
1230: 	-- synopsys subpgm_id 290
1231:     begin
1232: 	return STD_LOGIC_VECTOR (L);
1233:     end;
1234: 
1235: 
1236:     function "-"(L: SIGNED) return STD_LOGIC_VECTOR is
1237: 	-- pragma label_applies_to minus
1238: 	-- synopsys subpgm_id 292
1239: 	variable tmp: SIGNED(L'length-1 downto 0);
1240:     begin
1241: 	tmp := 0 - L;  -- pragma label minus
1242: 	return STD_LOGIC_VECTOR (tmp); 
1243:     end;
1244: 
1245: 
1246:     function "ABS"(L: SIGNED) return STD_LOGIC_VECTOR is
1247: 	-- synopsys subpgm_id 294
1248: 	variable tmp: SIGNED(L'length-1 downto 0);
1249:     begin
1250: 	if (L(L'left) = '0' or L(L'left) = 'L') then
1251: 	    return STD_LOGIC_VECTOR (L);
1252: 	else
1253: 	    tmp := 0 - L;
1254: 	    return STD_LOGIC_VECTOR (tmp);
1255: 	end if;
1256:     end;
1257: 
1258: 
1259:     -- Type propagation function which returns the type BOOLEAN
1260:     function UNSIGNED_RETURN_BOOLEAN(A,B: UNSIGNED) return BOOLEAN is
1261:       variable Z: BOOLEAN;
1262:       -- pragma return_port_name Z
1263:     begin
1264:       return(Z);
1265:     end;
1266: 	
1267:     -- Type propagation function which returns the type BOOLEAN
1268:     function SIGNED_RETURN_BOOLEAN(A,B: SIGNED) return BOOLEAN is
1269:       variable Z: BOOLEAN;
1270:       -- pragma return_port_name Z
1271:     begin
1272:       return(Z);
1273:     end;
1274: 	
1275: 
1276:     -- compare two signed numbers of the same length
1277:     -- both arrays must have range (msb downto 0)
1278:     function is_less(A, B: SIGNED) return BOOLEAN is
1279: 	constant sign: INTEGER := A'left;
1280: 	variable a_is_0, b_is_1, result : boolean;
1281: 
1282: 	-- pragma map_to_operator LT_TC_OP
1283: 	-- pragma type_function SIGNED_RETURN_BOOLEAN
1284:         -- pragma return_port_name Z
1285: 
1286:     begin
1287: 	if A(sign) /= B(sign) then
1288: 	    result := A(sign) = '1';
1289: 	else
1290: 	    result := FALSE;
1291: 	    for i in 0 to sign-1 loop
1292: 		a_is_0 := A(i) = '0';
1293: 		b_is_1 := B(i) = '1';
1294: 		result := (a_is_0 and b_is_1) or
1295: 			  (a_is_0 and result) or
1296: 			  (b_is_1 and result);
1297: 	    end loop;
1298: 	end if;
1299: 	return result;
1300:     end;
1301: 
1302: 
1303:     -- compare two signed numbers of the same length
1304:     -- both arrays must have range (msb downto 0)
1305:     function is_less_or_equal(A, B: SIGNED) return BOOLEAN is
1306: 	constant sign: INTEGER := A'left;
1307: 	variable a_is_0, b_is_1, result : boolean;
1308: 
1309: 	-- pragma map_to_operator LEQ_TC_OP
1310: 	-- pragma type_function SIGNED_RETURN_BOOLEAN
1311:         -- pragma return_port_name Z
1312: 
1313:     begin
1314: 	if A(sign) /= B(sign) then
1315: 	    result := A(sign) = '1';
1316: 	else
1317: 	    result := TRUE;
1318: 	    for i in 0 to sign-1 loop
1319: 		a_is_0 := A(i) = '0';
1320: 		b_is_1 := B(i) = '1';
1321: 		result := (a_is_0 and b_is_1) or
1322: 			  (a_is_0 and result) or
1323: 			  (b_is_1 and result);
1324: 	    end loop;
1325: 	end if;
1326: 	return result;
1327:     end;
1328: 
1329: 
1330: 
1331:     -- compare two unsigned numbers of the same length
1332:     -- both arrays must have range (msb downto 0)
1333:     function unsigned_is_less(A, B: UNSIGNED) return BOOLEAN is
1334: 	constant sign: INTEGER := A'left;
1335: 	variable a_is_0, b_is_1, result : boolean;
1336: 
1337: 	-- pragma map_to_operator LT_UNS_OP
1338: 	-- pragma type_function UNSIGNED_RETURN_BOOLEAN
1339:         -- pragma return_port_name Z
1340: 
1341:     begin
1342: 	result := FALSE;
1343: 	for i in 0 to sign loop
1344: 	    a_is_0 := A(i) = '0';
1345: 	    b_is_1 := B(i) = '1';
1346: 	    result := (a_is_0 and b_is_1) or
1347: 		      (a_is_0 and result) or
1348: 		      (b_is_1 and result);
1349: 	end loop;
1350: 	return result;
1351:     end;
1352: 
1353: 
1354:     -- compare two unsigned numbers of the same length
1355:     -- both arrays must have range (msb downto 0)
1356:     function unsigned_is_less_or_equal(A, B: UNSIGNED) return BOOLEAN is
1357: 	constant sign: INTEGER := A'left;
1358: 	variable a_is_0, b_is_1, result : boolean;
1359: 
1360: 	-- pragma map_to_operator LEQ_UNS_OP
1361: 	-- pragma type_function UNSIGNED_RETURN_BOOLEAN
1362:         -- pragma return_port_name Z
1363: 
1364:     begin
1365: 	result := TRUE;
1366: 	for i in 0 to sign loop
1367: 	    a_is_0 := A(i) = '0';
1368: 	    b_is_1 := B(i) = '1';
1369: 	    result := (a_is_0 and b_is_1) or
1370: 		      (a_is_0 and result) or
1371: 		      (b_is_1 and result);
1372: 	end loop;
1373: 	return result;
1374:     end;
1375: 
1376: 
1377: 
1378: 
1379:     function "<"(L: UNSIGNED; R: UNSIGNED) return BOOLEAN is
1380: 	-- pragma label_applies_to lt
1381: 	-- synopsys subpgm_id 305
1382: 	constant length: INTEGER := max(L'length, R'length);
1383:     begin
1384: 	return unsigned_is_less(CONV_UNSIGNED(L, length),
1385: 				CONV_UNSIGNED(R, length)); -- pragma label lt
1386:     end;
1387: 
1388: 
1389:     function "<"(L: SIGNED; R: SIGNED) return BOOLEAN is
1390: 	-- pragma label_applies_to lt
1391: 	-- synopsys subpgm_id 306
1392: 	constant length: INTEGER := max(L'length, R'length);
1393:     begin
1394: 	return is_less(CONV_SIGNED(L, length),
1395: 			CONV_SIGNED(R, length)); -- pragma label lt
1396:     end;
1397: 
1398: 
1399:     function "<"(L: UNSIGNED; R: SIGNED) return BOOLEAN is
1400: 	-- pragma label_applies_to lt
1401: 	-- synopsys subpgm_id 307
1402: 	constant length: INTEGER := max(L'length + 1, R'length);
1403:     begin
1404: 	return is_less(CONV_SIGNED(L, length),
1405: 			CONV_SIGNED(R, length)); -- pragma label lt
1406:     end;
1407: 
1408: 
1409:     function "<"(L: SIGNED; R: UNSIGNED) return BOOLEAN is
1410: 	-- pragma label_applies_to lt
1411: 	-- synopsys subpgm_id 308
1412: 	constant length: INTEGER := max(L'length, R'length + 1);
1413:     begin
1414: 	return is_less(CONV_SIGNED(L, length),
1415: 			CONV_SIGNED(R, length)); -- pragma label lt
1416:     end;
1417: 
1418: 
1419:     function "<"(L: UNSIGNED; R: INTEGER) return BOOLEAN is
1420: 	-- pragma label_applies_to lt
1421: 	-- synopsys subpgm_id 309
1422: 	constant length: INTEGER := L'length + 1;
1423:     begin
1424: 	return is_less(CONV_SIGNED(L, length),
1425: 			CONV_SIGNED(R, length)); -- pragma label lt
1426:     end;
1427: 
1428: 
1429:     function "<"(L: INTEGER; R: UNSIGNED) return BOOLEAN is
1430: 	-- pragma label_applies_to lt
1431: 	-- synopsys subpgm_id 310
1432: 	constant length: INTEGER := R'length + 1;
1433:     begin
1434: 	return is_less(CONV_SIGNED(L, length),
1435: 			CONV_SIGNED(R, length)); -- pragma label lt
1436:     end;
1437: 
1438: 
1439:     function "<"(L: SIGNED; R: INTEGER) return BOOLEAN is
1440: 	-- pragma label_applies_to lt
1441: 	-- synopsys subpgm_id 311
1442: 	constant length: INTEGER := L'length;
1443:     begin
1444: 	return is_less(CONV_SIGNED(L, length),
1445: 			CONV_SIGNED(R, length)); -- pragma label lt
1446:     end;
1447: 
1448: 
1449:     function "<"(L: INTEGER; R: SIGNED) return BOOLEAN is
1450: 	-- pragma label_applies_to lt
1451: 	-- synopsys subpgm_id 312
1452: 	constant length: INTEGER := R'length;
1453:     begin
1454: 	return is_less(CONV_SIGNED(L, length),
1455: 			CONV_SIGNED(R, length)); -- pragma label lt
1456:     end;
1457: 
1458: 
1459: 
1460: 
1461:     function "<="(L: UNSIGNED; R: UNSIGNED) return BOOLEAN is
1462: 	-- pragma label_applies_to leq
1463: 	-- synopsys subpgm_id 314
1464: 	constant length: INTEGER := max(L'length, R'length);
1465:     begin
1466: 	return unsigned_is_less_or_equal(CONV_UNSIGNED(L, length),
1467: 			     CONV_UNSIGNED(R, length)); -- pragma label leq
1468:     end;
1469: 
1470: 
1471:     function "<="(L: SIGNED; R: SIGNED) return BOOLEAN is
1472: 	-- pragma label_applies_to leq
1473: 	-- synopsys subpgm_id 315
1474: 	constant length: INTEGER := max(L'length, R'length);
1475:     begin
1476: 	return is_less_or_equal(CONV_SIGNED(L, length),
1477: 				CONV_SIGNED(R, length)); -- pragma label leq
1478:     end;
1479: 
1480: 
1481:     function "<="(L: UNSIGNED; R: SIGNED) return BOOLEAN is
1482: 	-- pragma label_applies_to leq
1483: 	-- synopsys subpgm_id 316
1484: 	constant length: INTEGER := max(L'length + 1, R'length);
1485:     begin
1486: 	return is_less_or_equal(CONV_SIGNED(L, length),
1487: 				CONV_SIGNED(R, length)); -- pragma label leq
1488:     end;
1489: 
1490: 
1491:     function "<="(L: SIGNED; R: UNSIGNED) return BOOLEAN is
1492: 	-- pragma label_applies_to leq
1493: 	-- synopsys subpgm_id 317
1494: 	constant length: INTEGER := max(L'length, R'length + 1);
1495:     begin
1496: 	return is_less_or_equal(CONV_SIGNED(L, length),
1497: 				CONV_SIGNED(R, length)); -- pragma label leq
1498:     end;
1499: 
1500: 
1501:     function "<="(L: UNSIGNED; R: INTEGER) return BOOLEAN is
1502: 	-- pragma label_applies_to leq
1503: 	-- synopsys subpgm_id 318
1504: 	constant length: INTEGER := L'length + 1;
1505:     begin
1506: 	return is_less_or_equal(CONV_SIGNED(L, length),
1507: 				CONV_SIGNED(R, length)); -- pragma label leq
1508:     end;
1509: 
1510: 
1511:     function "<="(L: INTEGER; R: UNSIGNED) return BOOLEAN is
1512: 	-- pragma label_applies_to leq
1513: 	-- synopsys subpgm_id 319
1514: 	constant length: INTEGER := R'length + 1;
1515:     begin
1516: 	return is_less_or_equal(CONV_SIGNED(L, length),
1517: 				CONV_SIGNED(R, length)); -- pragma label leq
1518:     end;
1519: 
1520: 
1521:     function "<="(L: SIGNED; R: INTEGER) return BOOLEAN is
1522: 	-- pragma label_applies_to leq
1523: 	-- synopsys subpgm_id 320
1524: 	constant length: INTEGER := L'length;
1525:     begin
1526: 	return is_less_or_equal(CONV_SIGNED(L, length),
1527: 				CONV_SIGNED(R, length)); -- pragma label leq
1528:     end;
1529: 
1530: 
1531:     function "<="(L: INTEGER; R: SIGNED) return BOOLEAN is
1532: 	-- pragma label_applies_to leq
1533: 	-- synopsys subpgm_id 321
1534: 	constant length: INTEGER := R'length;
1535:     begin
1536: 	return is_less_or_equal(CONV_SIGNED(L, length),
1537: 				CONV_SIGNED(R, length)); -- pragma label leq
1538:     end;
1539: 
1540: 
1541: 
1542: 
1543:     function ">"(L: UNSIGNED; R: UNSIGNED) return BOOLEAN is
1544: 	-- pragma label_applies_to gt
1545: 	-- synopsys subpgm_id 323
1546: 	constant length: INTEGER := max(L'length, R'length);
1547:     begin
1548: 	return unsigned_is_less(CONV_UNSIGNED(R, length),
1549: 				CONV_UNSIGNED(L, length)); -- pragma label gt
1550:     end;
1551: 
1552: 
1553:     function ">"(L: SIGNED; R: SIGNED) return BOOLEAN is
1554: 	-- pragma label_applies_to gt
1555: 	-- synopsys subpgm_id 324
1556: 	constant length: INTEGER := max(L'length, R'length);
1557:     begin
1558: 	return is_less(CONV_SIGNED(R, length),
1559: 		       CONV_SIGNED(L, length)); -- pragma label gt
1560:     end;
1561: 
1562: 
1563:     function ">"(L: UNSIGNED; R: SIGNED) return BOOLEAN is
1564: 	-- pragma label_applies_to gt
1565: 	-- synopsys subpgm_id 325
1566: 	constant length: INTEGER := max(L'length + 1, R'length);
1567:     begin
1568: 	return is_less(CONV_SIGNED(R, length),
1569: 		       CONV_SIGNED(L, length)); -- pragma label gt
1570:     end;
1571: 
1572: 
1573:     function ">"(L: SIGNED; R: UNSIGNED) return BOOLEAN is
1574: 	-- pragma label_applies_to gt
1575: 	-- synopsys subpgm_id 326
1576: 	constant length: INTEGER := max(L'length, R'length + 1);
1577:     begin
1578: 	return is_less(CONV_SIGNED(R, length),
1579: 		       CONV_SIGNED(L, length)); -- pragma label gt
1580:     end;
1581: 
1582: 
1583:     function ">"(L: UNSIGNED; R: INTEGER) return BOOLEAN is
1584: 	-- pragma label_applies_to gt
1585: 	-- synopsys subpgm_id 327
1586: 	constant length: INTEGER := L'length + 1;
1587:     begin
1588: 	return is_less(CONV_SIGNED(R, length),
1589: 		       CONV_SIGNED(L, length)); -- pragma label gt
1590:     end;
1591: 
1592: 
1593:     function ">"(L: INTEGER; R: UNSIGNED) return BOOLEAN is
1594: 	-- pragma label_applies_to gt
1595: 	-- synopsys subpgm_id 328
1596: 	constant length: INTEGER := R'length + 1;
1597:     begin
1598: 	return is_less(CONV_SIGNED(R, length),
1599: 		       CONV_SIGNED(L, length)); -- pragma label gt
1600:     end;
1601: 
1602: 
1603:     function ">"(L: SIGNED; R: INTEGER) return BOOLEAN is
1604: 	-- pragma label_applies_to gt
1605: 	-- synopsys subpgm_id 329
1606: 	constant length: INTEGER := L'length;
1607:     begin
1608: 	return is_less(CONV_SIGNED(R, length),
1609: 		       CONV_SIGNED(L, length)); -- pragma label gt
1610:     end;
1611: 
1612: 
1613:     function ">"(L: INTEGER; R: SIGNED) return BOOLEAN is
1614: 	-- pragma label_applies_to gt
1615: 	-- synopsys subpgm_id 330
1616: 	constant length: INTEGER := R'length;
1617:     begin
1618: 	return is_less(CONV_SIGNED(R, length),
1619: 		       CONV_SIGNED(L, length)); -- pragma label gt
1620:     end;
1621: 
1622: 
1623: 
1624: 
1625:     function ">="(L: UNSIGNED; R: UNSIGNED) return BOOLEAN is
1626: 	-- pragma label_applies_to geq
1627: 	-- synopsys subpgm_id 332
1628: 	constant length: INTEGER := max(L'length, R'length);
1629:     begin
1630: 	return unsigned_is_less_or_equal(CONV_UNSIGNED(R, length),
1631: 			CONV_UNSIGNED(L, length)); -- pragma label geq
1632:     end;
1633: 
1634: 
1635:     function ">="(L: SIGNED; R: SIGNED) return BOOLEAN is
1636: 	-- pragma label_applies_to geq
1637: 	-- synopsys subpgm_id 333
1638: 	constant length: INTEGER := max(L'length, R'length);
1639:     begin
1640: 	return is_less_or_equal(CONV_SIGNED(R, length),
1641: 			CONV_SIGNED(L, length)); -- pragma label geq
1642:     end;
1643: 
1644: 
1645:     function ">="(L: UNSIGNED; R: SIGNED) return BOOLEAN is
1646: 	-- pragma label_applies_to geq
1647: 	-- synopsys subpgm_id 334
1648: 	constant length: INTEGER := max(L'length + 1, R'length);
1649:     begin
1650: 	return is_less_or_equal(CONV_SIGNED(R, length),
1651: 			CONV_SIGNED(L, length)); -- pragma label geq
1652:     end;
1653: 
1654: 
1655:     function ">="(L: SIGNED; R: UNSIGNED) return BOOLEAN is
1656: 	-- pragma label_applies_to geq
1657: 	-- synopsys subpgm_id 335
1658: 	constant length: INTEGER := max(L'length, R'length + 1);
1659:     begin
1660: 	return is_less_or_equal(CONV_SIGNED(R, length),
1661: 			CONV_SIGNED(L, length)); -- pragma label geq
1662:     end;
1663: 
1664: 
1665:     function ">="(L: UNSIGNED; R: INTEGER) return BOOLEAN is
1666: 	-- pragma label_applies_to geq
1667: 	-- synopsys subpgm_id 336
1668: 	constant length: INTEGER := L'length + 1;
1669:     begin
1670: 	return is_less_or_equal(CONV_SIGNED(R, length),
1671: 				CONV_SIGNED(L, length)); -- pragma label geq
1672:     end;
1673: 
1674: 
1675:     function ">="(L: INTEGER; R: UNSIGNED) return BOOLEAN is
1676: 	-- pragma label_applies_to geq
1677: 	-- synopsys subpgm_id 337
1678: 	constant length: INTEGER := R'length + 1;
1679:     begin
1680: 	return is_less_or_equal(CONV_SIGNED(R, length),
1681: 				CONV_SIGNED(L, length)); -- pragma label geq
1682:     end;
1683: 
1684: 
1685:     function ">="(L: SIGNED; R: INTEGER) return BOOLEAN is
1686: 	-- pragma label_applies_to geq
1687: 	-- synopsys subpgm_id 338
1688: 	constant length: INTEGER := L'length;
1689:     begin
1690: 	return is_less_or_equal(CONV_SIGNED(R, length),
1691: 				CONV_SIGNED(L, length)); -- pragma label geq
1692:     end;
1693: 
1694: 
1695:     function ">="(L: INTEGER; R: SIGNED) return BOOLEAN is
1696: 	-- pragma label_applies_to geq
1697: 	-- synopsys subpgm_id 339
1698: 	constant length: INTEGER := R'length;
1699:     begin
1700: 	return is_less_or_equal(CONV_SIGNED(R, length),
1701: 				CONV_SIGNED(L, length)); -- pragma label geq
1702:     end;
1703: 
1704: 
1705: 
1706: 
1707:     -- for internal use only.  Assumes SIGNED arguments of equal length.
1708:     function bitwise_eql(L: STD_ULOGIC_VECTOR; R: STD_ULOGIC_VECTOR)
1709: 						return BOOLEAN is
1710: 	-- pragma built_in SYN_EQL
1711:     begin
1712: 	for i in L'range loop
1713: 	    if L(i) /= R(i) then
1714: 		return FALSE;
1715: 	    end if;
1716: 	end loop;
1717: 	return TRUE;
1718:     end;
1719: 
1720:     -- for internal use only.  Assumes SIGNED arguments of equal length.
1721:     function bitwise_neq(L: STD_ULOGIC_VECTOR; R: STD_ULOGIC_VECTOR)
1722: 						return BOOLEAN is
1723: 	-- pragma built_in SYN_NEQ
1724:     begin
1725: 	for i in L'range loop
1726: 	    if L(i) /= R(i) then
1727: 		return TRUE;
1728: 	    end if;
1729: 	end loop;
1730: 	return FALSE;
1731:     end;
1732: 
1733: 
1734:     function "="(L: UNSIGNED; R: UNSIGNED) return BOOLEAN is
1735: 	-- synopsys subpgm_id 341
1736: 	constant length: INTEGER := max(L'length, R'length);
1737:     begin
1738: 	return bitwise_eql( STD_ULOGIC_VECTOR( CONV_UNSIGNED(L, length) ),
1739: 		STD_ULOGIC_VECTOR( CONV_UNSIGNED(R, length) ) );
1740:     end;
1741: 
1742: 
1743:     function "="(L: SIGNED; R: SIGNED) return BOOLEAN is
1744: 	-- synopsys subpgm_id 342
1745: 	constant length: INTEGER := max(L'length, R'length);
1746:     begin
1747: 	return bitwise_eql( STD_ULOGIC_VECTOR( CONV_SIGNED(L, length) ),
1748: 		STD_ULOGIC_VECTOR( CONV_SIGNED(R, length) ) );
1749:     end;
1750: 
1751: 
1752:     function "="(L: UNSIGNED; R: SIGNED) return BOOLEAN is
1753: 	-- synopsys subpgm_id 343
1754: 	constant length: INTEGER := max(L'length + 1, R'length);
1755:     begin
1756: 	return bitwise_eql( STD_ULOGIC_VECTOR( CONV_SIGNED(L, length) ),
1757: 		STD_ULOGIC_VECTOR( CONV_SIGNED(R, length) ) );
1758:     end;
1759: 
1760: 
1761:     function "="(L: SIGNED; R: UNSIGNED) return BOOLEAN is
1762: 	-- synopsys subpgm_id 344
1763: 	constant length: INTEGER := max(L'length, R'length + 1);
1764:     begin
1765: 	return bitwise_eql( STD_ULOGIC_VECTOR( CONV_SIGNED(L, length) ),
1766: 		STD_ULOGIC_VECTOR( CONV_SIGNED(R, length) ) );
1767:     end;
1768: 
1769: 
1770:     function "="(L: UNSIGNED; R: INTEGER) return BOOLEAN is
1771: 	-- synopsys subpgm_id 345
1772: 	constant length: INTEGER := L'length + 1;
1773:     begin
1774: 	return bitwise_eql( STD_ULOGIC_VECTOR( CONV_SIGNED(L, length) ),
1775: 		STD_ULOGIC_VECTOR( CONV_SIGNED(R, length) ) );
1776:     end;
1777: 
1778: 
1779:     function "="(L: INTEGER; R: UNSIGNED) return BOOLEAN is
1780: 	-- synopsys subpgm_id 346
1781: 	constant length: INTEGER := R'length + 1;
1782:     begin
1783: 	return bitwise_eql( STD_ULOGIC_VECTOR( CONV_SIGNED(L, length) ),
1784: 		STD_ULOGIC_VECTOR( CONV_SIGNED(R, length) ) );
1785:     end;
1786: 
1787: 
1788:     function "="(L: SIGNED; R: INTEGER) return BOOLEAN is
1789: 	-- synopsys subpgm_id 347
1790: 	constant length: INTEGER := L'length;
1791:     begin
1792: 	return bitwise_eql( STD_ULOGIC_VECTOR( CONV_SIGNED(L, length) ),
1793: 		STD_ULOGIC_VECTOR( CONV_SIGNED(R, length) ) );
1794:     end;
1795: 
1796: 
1797:     function "="(L: INTEGER; R: SIGNED) return BOOLEAN is
1798: 	-- synopsys subpgm_id 348
1799: 	constant length: INTEGER := R'length;
1800:     begin
1801: 	return bitwise_eql( STD_ULOGIC_VECTOR( CONV_SIGNED(L, length) ),
1802: 		STD_ULOGIC_VECTOR( CONV_SIGNED(R, length) ) );
1803:     end;
1804: 
1805: 
1806: 
1807: 
1808:     function "/="(L: UNSIGNED; R: UNSIGNED) return BOOLEAN is
1809: 	-- synopsys subpgm_id 350
1810: 	constant length: INTEGER := max(L'length, R'length);
1811:     begin
1812: 	return bitwise_neq( STD_ULOGIC_VECTOR( CONV_UNSIGNED(L, length) ),
1813: 		STD_ULOGIC_VECTOR( CONV_UNSIGNED(R, length) ) );
1814:     end;
1815: 
1816: 
1817:     function "/="(L: SIGNED; R: SIGNED) return BOOLEAN is
1818: 	-- synopsys subpgm_id 351
1819: 	constant length: INTEGER := max(L'length, R'length);
1820:     begin
1821: 	return bitwise_neq( STD_ULOGIC_VECTOR( CONV_SIGNED(L, length) ),
1822: 		STD_ULOGIC_VECTOR( CONV_SIGNED(R, length) ) );
1823:     end;
1824: 
1825: 
1826:     function "/="(L: UNSIGNED; R: SIGNED) return BOOLEAN is
1827: 	-- synopsys subpgm_id 352
1828: 	constant length: INTEGER := max(L'length + 1, R'length);
1829:     begin
1830: 	return bitwise_neq( STD_ULOGIC_VECTOR( CONV_SIGNED(L, length) ),
1831: 		STD_ULOGIC_VECTOR( CONV_SIGNED(R, length) ) );
1832:     end;
1833: 
1834: 
1835:     function "/="(L: SIGNED; R: UNSIGNED) return BOOLEAN is
1836: 	-- synopsys subpgm_id 353
1837: 	constant length: INTEGER := max(L'length, R'length + 1);
1838:     begin
1839: 	return bitwise_neq( STD_ULOGIC_VECTOR( CONV_SIGNED(L, length) ),
1840: 		STD_ULOGIC_VECTOR( CONV_SIGNED(R, length) ) );
1841:     end;
1842: 
1843: 
1844:     function "/="(L: UNSIGNED; R: INTEGER) return BOOLEAN is
1845: 	-- synopsys subpgm_id 354
1846: 	constant length: INTEGER := L'length + 1;
1847:     begin
1848: 	return bitwise_neq( STD_ULOGIC_VECTOR( CONV_SIGNED(L, length) ),
1849: 		STD_ULOGIC_VECTOR( CONV_SIGNED(R, length) ) );
1850:     end;
1851: 
1852: 
1853:     function "/="(L: INTEGER; R: UNSIGNED) return BOOLEAN is
1854: 	-- synopsys subpgm_id 355
1855: 	constant length: INTEGER := R'length + 1;
1856:     begin
1857: 	return bitwise_neq( STD_ULOGIC_VECTOR( CONV_SIGNED(L, length) ),
1858: 		STD_ULOGIC_VECTOR( CONV_SIGNED(R, length) ) );
1859:     end;
1860: 
1861: 
1862:     function "/="(L: SIGNED; R: INTEGER) return BOOLEAN is
1863: 	-- synopsys subpgm_id 356
1864: 	constant length: INTEGER := L'length;
1865:     begin
1866: 	return bitwise_neq( STD_ULOGIC_VECTOR( CONV_SIGNED(L, length) ),
1867: 		STD_ULOGIC_VECTOR( CONV_SIGNED(R, length) ) );
1868:     end;
1869: 
1870: 
1871:     function "/="(L: INTEGER; R: SIGNED) return BOOLEAN is
1872: 	-- synopsys subpgm_id 357
1873: 	constant length: INTEGER := R'length;
1874:     begin
1875: 	return bitwise_neq( STD_ULOGIC_VECTOR( CONV_SIGNED(L, length) ),
1876: 		STD_ULOGIC_VECTOR( CONV_SIGNED(R, length) ) );
1877:     end;
1878: 
1879: 
1880: 
1881:     function SHL(ARG: UNSIGNED; COUNT: UNSIGNED) return UNSIGNED is
1882: 	-- synopsys subpgm_id 358
1883: 	constant control_msb: INTEGER := COUNT'length - 1;
1884: 	variable control: UNSIGNED (control_msb downto 0);
1885: 	constant result_msb: INTEGER := ARG'length-1;
1886: 	subtype rtype is UNSIGNED (result_msb downto 0);
1887: 	variable result, temp: rtype;
1888:     begin
1889: 	control := MAKE_BINARY(COUNT);
1890: 	-- synopsys synthesis_off
1891: 	if (control(0) = 'X') then
1892: 	    result := rtype'(others => 'X');
1893: 	    return result;
1894: 	end if;
1895: 	-- synopsys synthesis_on
1896: 	result := ARG;
1897: 	for i in 0 to control_msb loop
1898: 	    if control(i) = '1' then
1899: 		temp := rtype'(others => '0');
1900: 		if 2**i <= result_msb then
1901: 		    temp(result_msb downto 2**i) := 
1902: 				    result(result_msb - 2**i downto 0);
1903: 		end if;
1904: 		result := temp;
1905: 	    end if;
1906: 	end loop;
1907: 	return result;
1908:     end;
1909: 
1910:     function SHL(ARG: SIGNED; COUNT: UNSIGNED) return SIGNED is
1911: 	-- synopsys subpgm_id 359
1912: 	constant control_msb: INTEGER := COUNT'length - 1;
1913: 	variable control: UNSIGNED (control_msb downto 0);
1914: 	constant result_msb: INTEGER := ARG'length-1;
1915: 	subtype rtype is SIGNED (result_msb downto 0);
1916: 	variable result, temp: rtype;
1917:     begin
1918: 	control := MAKE_BINARY(COUNT);
1919: 	-- synopsys synthesis_off
1920: 	if (control(0) = 'X') then
1921: 	    result := rtype'(others => 'X');
1922: 	    return result;
1923: 	end if;
1924: 	-- synopsys synthesis_on
1925: 	result := ARG;
1926: 	for i in 0 to control_msb loop
1927: 	    if control(i) = '1' then
1928: 		temp := rtype'(others => '0');
1929: 		if 2**i <= result_msb then
1930: 		    temp(result_msb downto 2**i) := 
1931: 				    result(result_msb - 2**i downto 0);
1932: 		end if;
1933: 		result := temp;
1934: 	    end if;
1935: 	end loop;
1936: 	return result;
1937:     end;
1938: 
1939: 
1940:     function SHR(ARG: UNSIGNED; COUNT: UNSIGNED) return UNSIGNED is
1941: 	-- synopsys subpgm_id 360
1942: 	constant control_msb: INTEGER := COUNT'length - 1;
1943: 	variable control: UNSIGNED (control_msb downto 0);
1944: 	constant result_msb: INTEGER := ARG'length-1;
1945: 	subtype rtype is UNSIGNED (result_msb downto 0);
1946: 	variable result, temp: rtype;
1947:     begin
1948: 	control := MAKE_BINARY(COUNT);
1949: 	-- synopsys synthesis_off
1950: 	if (control(0) = 'X') then
1951: 	    result := rtype'(others => 'X');
1952: 	    return result;
1953: 	end if;
1954: 	-- synopsys synthesis_on
1955: 	result := ARG;
1956: 	for i in 0 to control_msb loop
1957: 	    if control(i) = '1' then
1958: 		temp := rtype'(others => '0');
1959: 		if 2**i <= result_msb then
1960: 		    temp(result_msb - 2**i downto 0) := 
1961: 					result(result_msb downto 2**i);
1962: 		end if;
1963: 		result := temp;
1964: 	    end if;
1965: 	end loop;
1966: 	return result;
1967:     end;
1968: 
1969:     function SHR(ARG: SIGNED; COUNT: UNSIGNED) return SIGNED is
1970: 	-- synopsys subpgm_id 361
1971: 	constant control_msb: INTEGER := COUNT'length - 1;
1972: 	variable control: UNSIGNED (control_msb downto 0);
1973: 	constant result_msb: INTEGER := ARG'length-1;
1974: 	subtype rtype is SIGNED (result_msb downto 0);
1975: 	variable result, temp: rtype;
1976: 	variable sign_bit: STD_ULOGIC;
1977:     begin
1978: 	control := MAKE_BINARY(COUNT);
1979: 	-- synopsys synthesis_off
1980: 	if (control(0) = 'X') then
1981: 	    result := rtype'(others => 'X');
1982: 	    return result;
1983: 	end if;
1984: 	-- synopsys synthesis_on
1985: 	result := ARG;
1986: 	sign_bit := ARG(ARG'left);
1987: 	for i in 0 to control_msb loop
1988: 	    if control(i) = '1' then
1989: 		temp := rtype'(others => sign_bit);
1990: 		if 2**i <= result_msb then
1991: 		    temp(result_msb - 2**i downto 0) := 
1992: 					result(result_msb downto 2**i);
1993: 		end if;
1994: 		result := temp;
1995: 	    end if;
1996: 	end loop;
1997: 	return result;
1998:     end;
1999: 
2000: 
2001: 
2002: 
2003:     function CONV_INTEGER(ARG: INTEGER) return INTEGER is
2004: 	-- synopsys subpgm_id 365
2005:     begin
2006: 	return ARG;
2007:     end;
2008: 
2009:     function CONV_INTEGER(ARG: UNSIGNED) return INTEGER is
2010: 	variable result: INTEGER;
2011: 	variable tmp: STD_ULOGIC;
2012: 	-- synopsys built_in SYN_UNSIGNED_TO_INTEGER
2013: 	-- synopsys subpgm_id 366
2014:     begin
2015: 	-- synopsys synthesis_off
2016: 	assert ARG'length <= 31
2017: 	    report "ARG is too large in CONV_INTEGER"
2018: 	    severity FAILURE;
2019: 	result := 0;
2020: 	for i in ARG'range loop
2021: 	    result := result * 2;
2022: 	    tmp := tbl_BINARY(ARG(i));
2023: 	    if tmp = '1' then
2024: 		result := result + 1;
2025: 	    elsif tmp = 'X' then
2026: 		assert false 
2027: 		report "There is an 'U'|'X'|'W'|'Z'|'-' in an arithmetic operand, the result will be 'X'(es)."
2028: 		severity warning;
2029: 		assert false
2030: 		report "CONV_INTEGER: There is an 'U'|'X'|'W'|'Z'|'-' in an arithmetic operand, and it has been converted to 0."
2031: 		severity WARNING;
2032: 		return 0;
2033: 	    end if;
2034: 	end loop;
2035: 	return result;
2036: 	-- synopsys synthesis_on
2037:     end;
2038: 
2039: 
2040:     function CONV_INTEGER(ARG: SIGNED) return INTEGER is
2041: 	variable result: INTEGER;
2042: 	variable tmp: STD_ULOGIC;
2043: 	-- synopsys built_in SYN_SIGNED_TO_INTEGER
2044: 	-- synopsys subpgm_id 367
2045:     begin
2046: 	-- synopsys synthesis_off
2047: 	assert ARG'length <= 32
2048: 	    report "ARG is too large in CONV_INTEGER"
2049: 	    severity FAILURE;
2050: 	result := 0;
2051: 	for i in ARG'range loop
2052: 	    if i /= ARG'left then
2053: 		result := result * 2;
2054: 	        tmp := tbl_BINARY(ARG(i));
2055: 	        if tmp = '1' then
2056: 		    result := result + 1;
2057: 	        elsif tmp = 'X' then
2058: 		    assert false 
2059: 		    report "There is an 'U'|'X'|'W'|'Z'|'-' in an arithmetic operand, the result will be 'X'(es)."
2060: 		    severity warning;
2061: 		    assert false
2062: 		    report "CONV_INTEGER: There is an 'U'|'X'|'W'|'Z'|'-' in an arithmetic operand, and it has been converted to 0."
2063: 		    severity WARNING;
2064: 		    return 0;
2065: 	        end if;
2066: 	    end if;
2067: 	end loop;
2068: 	tmp := MAKE_BINARY(ARG(ARG'left));
2069: 	if tmp = '1' then
2070: 	    if ARG'length = 32 then
2071: 		result := (result - 2**30) - 2**30;
2072: 	    else
2073: 		result := result - (2 ** (ARG'length-1));
2074: 	    end if;
2075: 	end if;
2076: 	return result;
2077: 	-- synopsys synthesis_on
2078:     end;
2079: 
2080: 
2081:     function CONV_INTEGER(ARG: STD_ULOGIC) return SMALL_INT is
2082: 	variable tmp: STD_ULOGIC;
2083: 	-- synopsys built_in SYN_FEED_THRU
2084: 	-- synopsys subpgm_id 370
2085:     begin
2086: 	-- synopsys synthesis_off
2087: 	tmp := tbl_BINARY(ARG);
2088: 	if tmp = '1' then
2089: 	    return 1;
2090: 	elsif tmp = 'X' then
2091: 	    assert false
2092: 	    report "CONV_INTEGER: There is an 'U'|'X'|'W'|'Z'|'-' in an arithmetic operand, and it has been converted to 0."
2093: 	    severity WARNING;
2094: 	    return 0;
2095: 	else
2096: 	    return 0;
2097: 	end if;
2098: 	-- synopsys synthesis_on
2099:     end;
2100: 
2101: 
2102:     -- convert an integer to a unsigned STD_ULOGIC_VECTOR
2103:     function CONV_UNSIGNED(ARG: INTEGER; SIZE: INTEGER) return UNSIGNED is
2104: 	variable result: UNSIGNED(SIZE-1 downto 0);
2105: 	variable temp: integer;
2106: 	-- synopsys built_in SYN_INTEGER_TO_UNSIGNED
2107: 	-- synopsys subpgm_id 371
2108:     begin
2109: 	-- synopsys synthesis_off
2110: 	temp := ARG;
2111: 	for i in 0 to SIZE-1 loop
2112: 	    if (temp mod 2) = 1 then
2113: 		result(i) := '1';
2114: 	    else 
2115: 		result(i) := '0';
2116: 	    end if;
2117: 	    if temp > 0 then
2118: 		temp := temp / 2;
2119: 	    else
2120: 		temp := (temp - 1) / 2; -- simulate ASR
2121: 	    end if;
2122: 	end loop;
2123: 	return result;
2124: 	-- synopsys synthesis_on
2125:     end;
2126: 
2127: 
2128:     function CONV_UNSIGNED(ARG: UNSIGNED; SIZE: INTEGER) return UNSIGNED is
2129: 	constant msb: INTEGER := min(ARG'length, SIZE) - 1;
2130: 	subtype rtype is UNSIGNED (SIZE-1 downto 0);
2131: 	variable new_bounds: UNSIGNED (ARG'length-1 downto 0);
2132: 	variable result: rtype;
2133: 	-- synopsys built_in SYN_ZERO_EXTEND
2134: 	-- synopsys subpgm_id 372
2135:     begin
2136: 	-- synopsys synthesis_off
2137: 	new_bounds := MAKE_BINARY(ARG);
2138: 	if (new_bounds(0) = 'X') then
2139: 	    result := rtype'(others => 'X');
2140: 	    return result;
2141: 	end if;
2142: 	result := rtype'(others => '0');
2143: 	result(msb downto 0) := new_bounds(msb downto 0);
2144: 	return result;
2145: 	-- synopsys synthesis_on
2146:     end;
2147: 
2148: 
2149:     function CONV_UNSIGNED(ARG: SIGNED; SIZE: INTEGER) return UNSIGNED is
2150: 	constant msb: INTEGER := min(ARG'length, SIZE) - 1;
2151: 	subtype rtype is UNSIGNED (SIZE-1 downto 0);
2152: 	variable new_bounds: UNSIGNED (ARG'length-1 downto 0);
2153: 	variable result: rtype;
2154: 	-- synopsys built_in SYN_SIGN_EXTEND
2155: 	-- synopsys subpgm_id 373
2156:     begin
2157: 	-- synopsys synthesis_off
2158: 	new_bounds := MAKE_BINARY(ARG);
2159: 	if (new_bounds(0) = 'X') then
2160: 	    result := rtype'(others => 'X');
2161: 	    return result;
2162: 	end if;
2163: 	result := rtype'(others => new_bounds(new_bounds'left));
2164: 	result(msb downto 0) := new_bounds(msb downto 0);
2165: 	return result;
2166: 	-- synopsys synthesis_on
2167:     end;
2168: 
2169: 
2170:     function CONV_UNSIGNED(ARG: STD_ULOGIC; SIZE: INTEGER) return UNSIGNED is
2171: 	subtype rtype is UNSIGNED (SIZE-1 downto 0);
2172: 	variable result: rtype;
2173: 	-- synopsys built_in SYN_ZERO_EXTEND
2174: 	-- synopsys subpgm_id 375
2175:     begin
2176: 	-- synopsys synthesis_off
2177: 	result := rtype'(others => '0');
2178: 	result(0) := MAKE_BINARY(ARG);
2179: 	if (result(0) = 'X') then
2180: 	    result := rtype'(others => 'X');
2181: 	end if;
2182: 	return result;
2183: 	-- synopsys synthesis_on
2184:     end;
2185: 
2186: 
2187:     -- convert an integer to a 2's complement STD_ULOGIC_VECTOR
2188:     function CONV_SIGNED(ARG: INTEGER; SIZE: INTEGER) return SIGNED is
2189: 	variable result: SIGNED (SIZE-1 downto 0);
2190: 	variable temp: integer;
2191: 	-- synopsys built_in SYN_INTEGER_TO_SIGNED
2192: 	-- synopsys subpgm_id 376
2193:     begin
2194: 	-- synopsys synthesis_off
2195: 	temp := ARG;
2196: 	for i in 0 to SIZE-1 loop
2197: 	    if (temp mod 2) = 1 then
2198: 		result(i) := '1';
2199: 	    else 
2200: 		result(i) := '0';
2201: 	    end if;
2202: 	    if temp > 0 then
2203: 		temp := temp / 2;
2204: 	    elsif (temp > integer'low) then
2205: 		temp := (temp - 1) / 2; -- simulate ASR
2206: 	    else
2207: 		temp := temp / 2; -- simulate ASR
2208: 	    end if;
2209: 	end loop;
2210: 	return result;
2211: 	-- synopsys synthesis_on
2212:     end;
2213: 
2214: 
2215:     function CONV_SIGNED(ARG: UNSIGNED; SIZE: INTEGER) return SIGNED is
2216: 	constant msb: INTEGER := min(ARG'length, SIZE) - 1;
2217: 	subtype rtype is SIGNED (SIZE-1 downto 0);
2218: 	variable new_bounds : SIGNED (ARG'length-1 downto 0);
2219: 	variable result: rtype;
2220: 	-- synopsys built_in SYN_ZERO_EXTEND
2221: 	-- synopsys subpgm_id 377
2222:     begin
2223: 	-- synopsys synthesis_off
2224: 	new_bounds := MAKE_BINARY(ARG);
2225: 	if (new_bounds(0) = 'X') then
2226: 	    result := rtype'(others => 'X');
2227: 	    return result;
2228: 	end if;
2229: 	result := rtype'(others => '0');
2230: 	result(msb downto 0) := new_bounds(msb downto 0);
2231: 	return result;
2232: 	-- synopsys synthesis_on
2233:     end;
2234: 
2235:     function CONV_SIGNED(ARG: SIGNED; SIZE: INTEGER) return SIGNED is
2236: 	constant msb: INTEGER := min(ARG'length, SIZE) - 1;
2237: 	subtype rtype is SIGNED (SIZE-1 downto 0);
2238: 	variable new_bounds : SIGNED (ARG'length-1 downto 0);
2239: 	variable result: rtype;
2240: 	-- synopsys built_in SYN_SIGN_EXTEND
2241: 	-- synopsys subpgm_id 378
2242:     begin
2243: 	-- synopsys synthesis_off
2244: 	new_bounds := MAKE_BINARY(ARG);
2245: 	if (new_bounds(0) = 'X') then
2246: 	    result := rtype'(others => 'X');
2247: 	    return result;
2248: 	end if;
2249: 	result := rtype'(others => new_bounds(new_bounds'left));
2250: 	result(msb downto 0) := new_bounds(msb downto 0);
2251: 	return result;
2252: 	-- synopsys synthesis_on
2253:     end;
2254: 
2255: 
2256:     function CONV_SIGNED(ARG: STD_ULOGIC; SIZE: INTEGER) return SIGNED is
2257: 	subtype rtype is SIGNED (SIZE-1 downto 0);
2258: 	variable result: rtype;
2259: 	-- synopsys built_in SYN_ZERO_EXTEND
2260: 	-- synopsys subpgm_id 380
2261:     begin
2262: 	-- synopsys synthesis_off
2263: 	result := rtype'(others => '0');
2264: 	result(0) := MAKE_BINARY(ARG);
2265: 	if (result(0) = 'X') then
2266: 	    result := rtype'(others => 'X');
2267: 	end if;
2268: 	return result;
2269: 	-- synopsys synthesis_on
2270:     end;
2271: 
2272: 
2273:     -- convert an integer to an STD_LOGIC_VECTOR
2274:     function CONV_STD_LOGIC_VECTOR(ARG: INTEGER; SIZE: INTEGER) return
2275: STD_LOGIC_VECTOR is
2276: 	variable result: STD_LOGIC_VECTOR (SIZE-1 downto 0);
2277: 	variable temp: integer;
2278: 	-- synopsys built_in SYN_INTEGER_TO_SIGNED
2279: 	-- synopsys subpgm_id 381
2280:     begin
2281: 	-- synopsys synthesis_off
2282: 	temp := ARG;
2283: 	for i in 0 to SIZE-1 loop
2284: 	    if (temp mod 2) = 1 then
2285: 		result(i) := '1';
2286: 	    else 
2287: 		result(i) := '0';
2288: 	    end if;
2289: 	    if temp > 0 then
2290: 		temp := temp / 2;
2291: 	    elsif (temp > integer'low) then
2292: 		temp := (temp - 1) / 2; -- simulate ASR
2293: 	    else
2294: 		temp := temp / 2; -- simulate ASR
2295: 	    end if;
2296: 	end loop;
2297: 	return result;
2298: 	-- synopsys synthesis_on
2299:     end;
2300: 
2301: 
2302:     function CONV_STD_LOGIC_VECTOR(ARG: UNSIGNED; SIZE: INTEGER) return
2303: STD_LOGIC_VECTOR is
2304: 	constant msb: INTEGER := min(ARG'length, SIZE) - 1;
2305: 	subtype rtype is STD_LOGIC_VECTOR (SIZE-1 downto 0);
2306: 	variable new_bounds : STD_LOGIC_VECTOR (ARG'length-1 downto 0);
2307: 	variable result: rtype;
2308: 	-- synopsys built_in SYN_ZERO_EXTEND
2309: 	-- synopsys subpgm_id 382
2310:     begin
2311: 	-- synopsys synthesis_off
2312: 	new_bounds := MAKE_BINARY(ARG);
2313: 	if (new_bounds(0) = 'X') then
2314: 	    result := rtype'(others => 'X');
2315: 	    return result;
2316: 	end if;
2317: 	result := rtype'(others => '0');
2318: 	result(msb downto 0) := new_bounds(msb downto 0);
2319: 	return result;
2320: 	-- synopsys synthesis_on
2321:     end;
2322: 
2323:     function CONV_STD_LOGIC_VECTOR(ARG: SIGNED; SIZE: INTEGER) return
2324: STD_LOGIC_VECTOR is
2325: 	constant msb: INTEGER := min(ARG'length, SIZE) - 1;
2326: 	subtype rtype is STD_LOGIC_VECTOR (SIZE-1 downto 0);
2327: 	variable new_bounds : STD_LOGIC_VECTOR (ARG'length-1 downto 0);
2328: 	variable result: rtype;
2329: 	-- synopsys built_in SYN_SIGN_EXTEND
2330: 	-- synopsys subpgm_id 383
2331:     begin
2332: 	-- synopsys synthesis_off
2333: 	new_bounds := MAKE_BINARY(ARG);
2334: 	if (new_bounds(0) = 'X') then
2335: 	    result := rtype'(others => 'X');
2336: 	    return result;
2337: 	end if;
2338: 	result := rtype'(others => new_bounds(new_bounds'left));
2339: 	result(msb downto 0) := new_bounds(msb downto 0);
2340: 	return result;
2341: 	-- synopsys synthesis_on
2342:     end;
2343: 
2344: 
2345:     function CONV_STD_LOGIC_VECTOR(ARG: STD_ULOGIC; SIZE: INTEGER) return
2346: STD_LOGIC_VECTOR is
2347: 	subtype rtype is STD_LOGIC_VECTOR (SIZE-1 downto 0);
2348: 	variable result: rtype;
2349: 	-- synopsys built_in SYN_ZERO_EXTEND
2350: 	-- synopsys subpgm_id 384
2351:     begin
2352: 	-- synopsys synthesis_off
2353: 	result := rtype'(others => '0');
2354: 	result(0) := MAKE_BINARY(ARG);
2355: 	if (result(0) = 'X') then
2356: 	    result := rtype'(others => 'X');
2357: 	end if;
2358: 	return result;
2359: 	-- synopsys synthesis_on
2360:     end;
2361: 
2362:     function EXT(ARG: STD_LOGIC_VECTOR; SIZE: INTEGER) 
2363: 						return STD_LOGIC_VECTOR is
2364: 	constant msb: INTEGER := min(ARG'length, SIZE) - 1;
2365: 	subtype rtype is STD_LOGIC_VECTOR (SIZE-1 downto 0);
2366: 	variable new_bounds: STD_LOGIC_VECTOR (ARG'length-1 downto 0);
2367: 	variable result: rtype;
2368: 	-- synopsys built_in SYN_ZERO_EXTEND
2369: 	-- synopsys subpgm_id 385
2370:     begin
2371: 	-- synopsys synthesis_off
2372: 	new_bounds := MAKE_BINARY(ARG);
2373: 	if (new_bounds(0) = 'X') then
2374: 	    result := rtype'(others => 'X');
2375: 	    return result;
2376: 	end if;
2377: 	result := rtype'(others => '0');
2378: 	result(msb downto 0) := new_bounds(msb downto 0);
2379: 	return result;
2380: 	-- synopsys synthesis_on
2381:     end;
2382: 
2383: 
2384:     function SXT(ARG: STD_LOGIC_VECTOR; SIZE: INTEGER) return
2385: STD_LOGIC_VECTOR is
2386: 	constant msb: INTEGER := min(ARG'length, SIZE) - 1;
2387: 	subtype rtype is STD_LOGIC_VECTOR (SIZE-1 downto 0);
2388: 	variable new_bounds : STD_LOGIC_VECTOR (ARG'length-1 downto 0);
2389: 	variable result: rtype;
2390: 	-- synopsys built_in SYN_SIGN_EXTEND
2391: 	-- synopsys subpgm_id 386
2392:     begin
2393: 	-- synopsys synthesis_off
2394: 	new_bounds := MAKE_BINARY(ARG);
2395: 	if (new_bounds(0) = 'X') then
2396: 	    result := rtype'(others => 'X');
2397: 	    return result;
2398: 	end if;
2399: 	result := rtype'(others => new_bounds(new_bounds'left));
2400: 	result(msb downto 0) := new_bounds(msb downto 0);
2401: 	return result;
2402: 	-- synopsys synthesis_on
2403:     end;
2404: 
2405: 
2406: end std_logic_arith;

CHILD_SCOPES(@IEEE.NUMERIC_STD)= 859: package body NUMERIC_STD is
 860: 
 861:   -- null range array constants
 862: 
 863:   constant NAU: UNSIGNED(0 downto 1) := (others => '0');
 864:   constant NAS: SIGNED(0 downto 1) := (others => '0');
 865: 
 866:   -- implementation controls
 867: 
 868:   constant NO_WARNING: BOOLEAN := FALSE; -- default to emit warnings
 869: 
 870:   --=========================Local Subprograms =================================
 871: 
 872:   function MAX (LEFT, RIGHT: INTEGER) return INTEGER is
 873:   begin
 874:     if LEFT > RIGHT then return LEFT;
 875:     else return RIGHT;
 876:     end if;
 877:   end MAX;
 878: 
 879:   function MIN (LEFT, RIGHT: INTEGER) return INTEGER is
 880:   begin
 881:     if LEFT < RIGHT then return LEFT;
 882:     else return RIGHT;
 883:     end if;
 884:   end MIN;
 885: 
 886:   function SIGNED_NUM_BITS (ARG: INTEGER) return NATURAL is
 887:     variable NBITS: NATURAL;
 888:     variable N: NATURAL;
 889:   begin
 890:     if ARG >= 0 then
 891:       N := ARG;
 892:     else
 893:       N := -(ARG+1);
 894:     end if;
 895:     NBITS := 1;
 896:     while N > 0 loop
 897:       NBITS := NBITS+1;
 898:       N := N / 2;
 899:     end loop;
 900:     return NBITS;
 901:   end SIGNED_NUM_BITS;
 902: 
 903:   function UNSIGNED_NUM_BITS (ARG: NATURAL) return NATURAL is
 904:     variable NBITS: NATURAL;
 905:     variable N: NATURAL;
 906:   begin
 907:     N := ARG;
 908:     NBITS := 1;
 909:     while N > 1 loop
 910:       NBITS := NBITS+1;
 911:       N := N / 2;
 912:     end loop;
 913:     return NBITS;
 914:   end UNSIGNED_NUM_BITS;
 915: 
 916:   ------------------------------------------------------------------------
 917: 
 918:   -- this internal function computes the addition of two UNSIGNED
 919:   -- with input CARRY
 920:   -- * the two arguments are of the same length
 921: 
 922:   function ADD_UNSIGNED (L, R: UNSIGNED; C: STD_LOGIC) return UNSIGNED is
 923:     constant L_LEFT: INTEGER := L'LENGTH-1;
 924:     alias XL: UNSIGNED(L_LEFT downto 0) is L;
 925:     alias XR: UNSIGNED(L_LEFT downto 0) is R;
 926:     variable RESULT: UNSIGNED(L_LEFT downto 0);
 927:     variable CBIT: STD_LOGIC := C;
 928:   begin
 929:     for I in 0 to L_LEFT loop
 930:       RESULT(I) := CBIT xor XL(I) xor XR(I);
 931:       CBIT := (CBIT and XL(I)) or (CBIT and XR(I)) or (XL(I) and XR(I));
 932:     end loop;
 933:     return RESULT;
 934:   end ADD_UNSIGNED;
 935: 
 936:   -- this internal function computes the addition of two SIGNED
 937:   -- with input CARRY
 938:   -- * the two arguments are of the same length
 939: 
 940:   function ADD_SIGNED (L, R: SIGNED; C: STD_LOGIC) return SIGNED is
 941:     constant L_LEFT: INTEGER := L'LENGTH-1;
 942:     alias XL: SIGNED(L_LEFT downto 0) is L;
 943:     alias XR: SIGNED(L_LEFT downto 0) is R;
 944:     variable RESULT: SIGNED(L_LEFT downto 0);
 945:     variable CBIT: STD_LOGIC := C;
 946:   begin
 947:     for I in 0 to L_LEFT loop
 948:       RESULT(I) := CBIT xor XL(I) xor XR(I);
 949:       CBIT := (CBIT and XL(I)) or (CBIT and XR(I)) or (XL(I) and XR(I));
 950:     end loop;
 951:     return RESULT;
 952:   end ADD_SIGNED;
 953: 
 954:   -----------------------------------------------------------------------------
 955: 
 956:   -- this internal procedure computes UNSIGNED division
 957:   -- giving the quotient and remainder.
 958:   procedure DIVMOD (NUM, XDENOM: UNSIGNED; XQUOT, XREMAIN: out UNSIGNED) is
 959:     variable TEMP: UNSIGNED(NUM'LENGTH downto 0);
 960:     variable QUOT: UNSIGNED(MAX(NUM'LENGTH, XDENOM'LENGTH)-1 downto 0);
 961:     alias DENOM: UNSIGNED(XDENOM'LENGTH-1 downto 0) is XDENOM;
 962:     variable TOPBIT: INTEGER;
 963:   begin
 964:     TEMP := "0"&NUM;
 965:     QUOT := (others => '0');
 966:     TOPBIT := -1;
 967:     for J in DENOM'RANGE loop
 968:       if DENOM(J)='1' then
 969:         TOPBIT := J;
 970:         exit;
 971:       end if;
 972:     end loop;
 973:     assert TOPBIT >= 0 report "DIV, MOD, or REM by zero" severity ERROR;
 974: 
 975:     for J in NUM'LENGTH-(TOPBIT+1) downto 0 loop
 976:       if TEMP(TOPBIT+J+1 downto J) >= "0"&DENOM(TOPBIT downto 0) then
 977:         TEMP(TOPBIT+J+1 downto J) := (TEMP(TOPBIT+J+1 downto J))
 978:             -("0"&DENOM(TOPBIT downto 0));
 979:         QUOT(J) := '1';
 980:       end if;
 981:       assert TEMP(TOPBIT+J+1)='0'
 982:           report "internal error in the division algorithm"
 983:           severity ERROR;
 984:     end loop;
 985:     XQUOT := RESIZE(QUOT, XQUOT'LENGTH);
 986:     XREMAIN := RESIZE(TEMP, XREMAIN'LENGTH);
 987:   end DIVMOD;
 988: 
 989:   -----------------Local Subprograms - shift/rotate ops-------------------------
 990: 
 991:   function XSLL (ARG: STD_LOGIC_VECTOR; COUNT: NATURAL) return STD_LOGIC_VECTOR
 992:       is
 993:     constant ARG_L: INTEGER := ARG'LENGTH-1;
 994:     alias XARG: STD_LOGIC_VECTOR(ARG_L downto 0) is ARG;
 995:     variable RESULT: STD_LOGIC_VECTOR(ARG_L downto 0) := (others => '0');
 996:   begin
 997:     if COUNT <= ARG_L then
 998:       RESULT(ARG_L downto COUNT) := XARG(ARG_L-COUNT downto 0);
 999:     end if;
1000:     return RESULT;
1001:   end XSLL;
1002: 
1003:   function XSRL (ARG: STD_LOGIC_VECTOR; COUNT: NATURAL) return STD_LOGIC_VECTOR
1004:       is
1005:     constant ARG_L: INTEGER := ARG'LENGTH-1;
1006:     alias XARG: STD_LOGIC_VECTOR(ARG_L downto 0) is ARG;
1007:     variable RESULT: STD_LOGIC_VECTOR(ARG_L downto 0) := (others => '0');
1008:   begin
1009:     if COUNT <= ARG_L then
1010:       RESULT(ARG_L-COUNT downto 0) := XARG(ARG_L downto COUNT);
1011:     end if;
1012:     return RESULT;
1013:   end XSRL;
1014: 
1015:   function XSRA (ARG: STD_LOGIC_VECTOR; COUNT: NATURAL) return STD_LOGIC_VECTOR
1016:       is
1017:     constant ARG_L: INTEGER := ARG'LENGTH-1;
1018:     alias XARG: STD_LOGIC_VECTOR(ARG_L downto 0) is ARG;
1019:     variable RESULT: STD_LOGIC_VECTOR(ARG_L downto 0);
1020:     variable XCOUNT: NATURAL := COUNT;
1021:   begin
1022:     if ((ARG'LENGTH <= 1) or (XCOUNT = 0)) then return ARG;
1023:     else
1024:       if (XCOUNT > ARG_L) then XCOUNT := ARG_L;
1025:       end if;
1026:       RESULT(ARG_L-XCOUNT downto 0) := XARG(ARG_L downto XCOUNT);
1027:       RESULT(ARG_L downto (ARG_L - XCOUNT + 1)) := (others => XARG(ARG_L));
1028:     end if;
1029:     return RESULT;
1030:   end XSRA;
1031: 
1032:   function XROL (ARG: STD_LOGIC_VECTOR; COUNT: NATURAL) return STD_LOGIC_VECTOR
1033:       is
1034:     constant ARG_L: INTEGER := ARG'LENGTH-1;
1035:     alias XARG: STD_LOGIC_VECTOR(ARG_L downto 0) is ARG;
1036:     variable RESULT: STD_LOGIC_VECTOR(ARG_L downto 0) := XARG;
1037:     variable COUNTM: INTEGER;
1038:   begin
1039:     COUNTM := COUNT mod (ARG_L + 1);
1040:     if COUNTM /= 0 then
1041:       RESULT(ARG_L downto COUNTM) := XARG(ARG_L-COUNTM downto 0);
1042:       RESULT(COUNTM-1 downto 0) := XARG(ARG_L downto ARG_L-COUNTM+1);
1043:     end if;
1044:     return RESULT;
1045:   end XROL;
1046: 
1047:   function XROR (ARG: STD_LOGIC_VECTOR; COUNT: NATURAL) return STD_LOGIC_VECTOR
1048:       is
1049:     constant ARG_L: INTEGER := ARG'LENGTH-1;
1050:     alias XARG: STD_LOGIC_VECTOR(ARG_L downto 0) is ARG;
1051:     variable RESULT: STD_LOGIC_VECTOR(ARG_L downto 0) := XARG;
1052:     variable COUNTM: INTEGER;
1053:   begin
1054:     COUNTM := COUNT mod (ARG_L + 1);
1055:     if COUNTM /= 0 then
1056:       RESULT(ARG_L-COUNTM downto 0) := XARG(ARG_L downto COUNTM);
1057:       RESULT(ARG_L downto ARG_L-COUNTM+1) := XARG(COUNTM-1 downto 0);
1058:     end if;
1059:     return RESULT;
1060:   end XROR;
1061: 
1062:   -----------------Local Subprograms - Relational ops---------------------------
1063: 
1064:   --
1065:   -- General "=" for UNSIGNED vectors, same length
1066:   --
1067:   function UNSIGNED_EQUAL (L, R: UNSIGNED) return BOOLEAN is
1068:   begin
1069:     return STD_LOGIC_VECTOR(L) = STD_LOGIC_VECTOR(R);
1070:   end UNSIGNED_EQUAL;
1071: 
1072:   --
1073:   -- General "=" for SIGNED vectors, same length
1074:   --
1075:   function SIGNED_EQUAL (L, R: SIGNED) return BOOLEAN is
1076:   begin
1077:     return STD_LOGIC_VECTOR(L) = STD_LOGIC_VECTOR(R);
1078:   end SIGNED_EQUAL;
1079: 
1080:   --
1081:   -- General "<" for UNSIGNED vectors, same length
1082:   --
1083:   function UNSIGNED_LESS (L, R: UNSIGNED) return BOOLEAN is
1084:   begin
1085:     return STD_LOGIC_VECTOR(L) < STD_LOGIC_VECTOR(R);
1086:   end UNSIGNED_LESS;
1087: 
1088:   --
1089:   -- General "<" function for SIGNED vectors, same length
1090:   --
1091:   function SIGNED_LESS (L, R: SIGNED) return BOOLEAN is
1092:     variable INTERN_L: SIGNED(0 to L'LENGTH-1);
1093:     variable INTERN_R: SIGNED(0 to R'LENGTH-1);
1094:   begin
1095:     INTERN_L := L;
1096:     INTERN_R := R;
1097:     INTERN_L(0) := not INTERN_L(0);
1098:     INTERN_R(0) := not INTERN_R(0);
1099:     return STD_LOGIC_VECTOR(INTERN_L) < STD_LOGIC_VECTOR(INTERN_R);
1100:   end SIGNED_LESS;
1101: 
1102:   --
1103:   -- General "<=" function for UNSIGNED vectors, same length
1104:   --
1105:   function UNSIGNED_LESS_OR_EQUAL (L, R: UNSIGNED) return BOOLEAN is
1106:   begin
1107:     return STD_LOGIC_VECTOR(L) <= STD_LOGIC_VECTOR(R);
1108:   end UNSIGNED_LESS_OR_EQUAL;
1109: 
1110:   --
1111:   -- General "<=" function for SIGNED vectors, same length
1112:   --
1113:   function SIGNED_LESS_OR_EQUAL (L, R: SIGNED) return BOOLEAN is
1114:     -- Need aliases to assure index direction
1115:     variable INTERN_L: SIGNED(0 to L'LENGTH-1);
1116:     variable INTERN_R: SIGNED(0 to R'LENGTH-1);
1117:   begin
1118:     INTERN_L := L;
1119:     INTERN_R := R;
1120:     INTERN_L(0) := not INTERN_L(0);
1121:     INTERN_R(0) := not INTERN_R(0);
1122:     return STD_LOGIC_VECTOR(INTERN_L) <= STD_LOGIC_VECTOR(INTERN_R);
1123:   end SIGNED_LESS_OR_EQUAL;
1124: 
1125:   --=========================Exported Functions ==========================
1126: 
1127:   -- Id: A.1
1128:   function "abs" (ARG: SIGNED) return SIGNED is
1129:     constant ARG_LEFT: INTEGER := ARG'LENGTH-1;
1130:     alias XARG: SIGNED(ARG_LEFT downto 0) is ARG;
1131:     variable RESULT: SIGNED(ARG_LEFT downto 0);
1132:   begin
1133:     if ARG'LENGTH < 1 then return NAS;
1134:     end if;
1135:     RESULT := TO_01(XARG, 'X');
1136:     if (RESULT(RESULT'LEFT)='X') then return RESULT;
1137:     end if;
1138:     if RESULT(RESULT'LEFT) = '1' then
1139:       RESULT := -RESULT;
1140:     end if;
1141:     return RESULT;
1142:   end "abs";
1143: 
1144:   -- Id: A.2
1145:   function "-" (ARG: SIGNED) return SIGNED is
1146:     constant ARG_LEFT: INTEGER := ARG'LENGTH-1;
1147:     alias XARG: SIGNED(ARG_LEFT downto 0) is ARG;
1148:     variable RESULT, XARG01 : SIGNED(ARG_LEFT downto 0);
1149:     variable CBIT: STD_LOGIC := '1';
1150:   begin
1151:     if ARG'LENGTH < 1 then return NAS;
1152:     end if;
1153:     XARG01 := TO_01(ARG, 'X');
1154:     if (XARG01(XARG01'LEFT)='X') then return XARG01;
1155:     end if;
1156:     for I in 0 to RESULT'LEFT loop
1157:       RESULT(I) := not(XARG01(I)) xor CBIT;
1158:       CBIT := CBIT and not(XARG01(I));
1159:     end loop;
1160:     return RESULT;
1161:   end "-";
1162: 
1163:   --============================================================================
1164: 
1165:   -- Id: A.3
1166:   function "+" (L, R: UNSIGNED) return UNSIGNED is
1167:     constant SIZE: NATURAL := MAX(L'LENGTH, R'LENGTH);
1168:     variable L01 : UNSIGNED(SIZE-1 downto 0);
1169:     variable R01 : UNSIGNED(SIZE-1 downto 0);
1170:   begin
1171:     if ((L'LENGTH < 1) or (R'LENGTH < 1)) then return NAU;
1172:     end if;
1173:     L01 := TO_01(RESIZE(L, SIZE), 'X');
1174:     if (L01(L01'LEFT)='X') then return L01;
1175:     end if;
1176:     R01 := TO_01(RESIZE(R, SIZE), 'X');
1177:     if (R01(R01'LEFT)='X') then return R01;
1178:     end if;
1179:     return ADD_UNSIGNED(L01, R01, '0');
1180:   end "+";
1181: 
1182:   -- Id: A.4
1183:   function "+" (L, R: SIGNED) return SIGNED is
1184:     constant SIZE: NATURAL := MAX(L'LENGTH, R'LENGTH);
1185:     variable L01 : SIGNED(SIZE-1 downto 0);
1186:     variable R01 : SIGNED(SIZE-1 downto 0);
1187:   begin
1188:     if ((L'LENGTH < 1) or (R'LENGTH < 1)) then return NAS;
1189:     end if;
1190:     L01 := TO_01(RESIZE(L, SIZE), 'X');
1191:     if (L01(L01'LEFT)='X') then return L01;
1192:     end if;
1193:     R01 := TO_01(RESIZE(R, SIZE), 'X');
1194:     if (R01(R01'LEFT)='X') then return R01;
1195:     end if;
1196:     return ADD_SIGNED(L01, R01, '0');
1197:   end "+";
1198: 
1199:   -- Id: A.5
1200:   function "+" (L: UNSIGNED; R: NATURAL) return UNSIGNED is
1201:   begin
1202:     return L + TO_UNSIGNED(R, L'LENGTH);
1203:   end "+";
1204: 
1205:   -- Id: A.6
1206:   function "+" (L: NATURAL; R: UNSIGNED) return UNSIGNED is
1207:   begin
1208:     return TO_UNSIGNED(L, R'LENGTH) + R;
1209:   end "+";
1210: 
1211:   -- Id: A.7
1212:   function "+" (L: SIGNED; R: INTEGER) return SIGNED is
1213:   begin
1214:     return L + TO_SIGNED(R, L'LENGTH);
1215:   end "+";
1216: 
1217:   -- Id: A.8
1218:   function "+" (L: INTEGER; R: SIGNED) return SIGNED is
1219:   begin
1220:     return TO_SIGNED(L, R'LENGTH) + R;
1221:   end "+";
1222: 
1223:   --============================================================================
1224: 
1225:   -- Id: A.9
1226:   function "-" (L, R: UNSIGNED) return UNSIGNED is
1227:     constant SIZE: NATURAL := MAX(L'LENGTH, R'LENGTH);
1228:     variable L01 : UNSIGNED(SIZE-1 downto 0);
1229:     variable R01 : UNSIGNED(SIZE-1 downto 0);
1230:   begin
1231:     if ((L'LENGTH < 1) or (R'LENGTH < 1)) then return NAU;
1232:     end if;
1233:     L01 := TO_01(RESIZE(L, SIZE), 'X');
1234:     if (L01(L01'LEFT)='X') then return L01;
1235:     end if;
1236:     R01 := TO_01(RESIZE(R, SIZE), 'X');
1237:     if (R01(R01'LEFT)='X') then return R01;
1238:     end if;
1239:     return ADD_UNSIGNED(L01, not(R01), '1');
1240:   end "-";
1241: 
1242:   -- Id: A.10
1243:   function "-" (L, R: SIGNED) return SIGNED is
1244:     constant SIZE: NATURAL := MAX(L'LENGTH, R'LENGTH);
1245:     variable L01 : SIGNED(SIZE-1 downto 0);
1246:     variable R01 : SIGNED(SIZE-1 downto 0);
1247:   begin
1248:     if ((L'LENGTH < 1) or (R'LENGTH < 1)) then return NAS;
1249:     end if;
1250:     L01 := TO_01(RESIZE(L, SIZE), 'X');
1251:     if (L01(L01'LEFT)='X') then return L01;
1252:     end if;
1253:     R01 := TO_01(RESIZE(R, SIZE), 'X');
1254:     if (R01(R01'LEFT)='X') then return R01;
1255:     end if;
1256:     return ADD_SIGNED(L01, not(R01), '1');
1257:   end "-";
1258: 
1259:   -- Id: A.11
1260:   function "-" (L: UNSIGNED; R: NATURAL) return UNSIGNED is
1261:   begin
1262:     return L - TO_UNSIGNED(R, L'LENGTH);
1263:   end "-";
1264: 
1265:   -- Id: A.12
1266:   function "-" (L: NATURAL; R: UNSIGNED) return UNSIGNED is
1267:   begin
1268:     return TO_UNSIGNED(L, R'LENGTH) - R;
1269:   end "-";
1270: 
1271:   -- Id: A.13
1272:   function "-" (L: SIGNED; R: INTEGER) return SIGNED is
1273:   begin
1274:     return L - TO_SIGNED(R, L'LENGTH);
1275:   end "-";
1276: 
1277:   -- Id: A.14
1278:   function "-" (L: INTEGER; R: SIGNED) return SIGNED is
1279:   begin
1280:     return TO_SIGNED(L, R'LENGTH) - R;
1281:   end "-";
1282: 
1283:   --============================================================================
1284: 
1285:   -- Id: A.15
1286:   function "*" (L, R: UNSIGNED) return UNSIGNED is
1287:     constant L_LEFT: INTEGER := L'LENGTH-1;
1288:     constant R_LEFT: INTEGER := R'LENGTH-1;
1289:     alias XXL: UNSIGNED(L_LEFT downto 0) is L;
1290:     alias XXR: UNSIGNED(R_LEFT downto 0) is R;
1291:     variable XL: UNSIGNED(L_LEFT downto 0);
1292:     variable XR: UNSIGNED(R_LEFT downto 0);
1293:     variable RESULT: UNSIGNED((L'LENGTH+R'LENGTH-1) downto 0) :=
1294:         (others => '0');
1295:     variable ADVAL: UNSIGNED((L'LENGTH+R'LENGTH-1) downto 0);
1296:   begin
1297:     if ((L'LENGTH < 1) or (R'LENGTH < 1)) then return NAU;
1298:     end if;
1299:     XL := TO_01(XXL, 'X');
1300:     XR := TO_01(XXR, 'X');
1301:     if ((XL(XL'LEFT)='X') or (XR(XR'LEFT)='X')) then
1302:       RESULT := (others => 'X');
1303:       return RESULT;
1304:     end if;
1305:     ADVAL := RESIZE(XR, RESULT'LENGTH);
1306:     for I in 0 to L_LEFT loop
1307:       if XL(I)='1' then RESULT := RESULT + ADVAL;
1308:       end if;
1309:       ADVAL := SHIFT_LEFT(ADVAL, 1);
1310:     end loop;
1311:     return RESULT;
1312:   end "*";
1313: 
1314:   -- Id: A.16
1315:   function "*" (L, R: SIGNED) return SIGNED is
1316:     constant L_LEFT: INTEGER := L'LENGTH-1;
1317:     constant R_LEFT: INTEGER := R'LENGTH-1;
1318:     variable XL: SIGNED(L_LEFT downto 0);
1319:     variable XR: SIGNED(R_LEFT downto 0);
1320:     variable RESULT: SIGNED((L_LEFT+R_LEFT+1) downto 0) := (others => '0');
1321:     variable ADVAL: SIGNED((L_LEFT+R_LEFT+1) downto 0);
1322:   begin
1323:     if ((L_LEFT < 0) or (R_LEFT < 0)) then return NAS;
1324:     end if;
1325:     XL := TO_01(L, 'X');
1326:     XR := TO_01(R, 'X');
1327:     if ((XL(L_LEFT)='X') or (XR(R_LEFT)='X')) then
1328:       RESULT := (others => 'X');
1329:       return RESULT;
1330:     end if;
1331:     ADVAL := RESIZE(XR, RESULT'LENGTH);
1332:     for I in 0 to L_LEFT-1 loop
1333:       if XL(I)='1' then RESULT := RESULT + ADVAL;
1334:       end if;
1335:       ADVAL := SHIFT_LEFT(ADVAL, 1);
1336:     end loop;
1337:     if XL(L_LEFT)='1' then
1338:       RESULT := RESULT - ADVAL;
1339:     end if;
1340:     return RESULT;
1341:   end "*";
1342: 
1343:   -- Id: A.17
1344:   function "*" (L: UNSIGNED; R: NATURAL) return UNSIGNED is
1345:   begin
1346:     return L * TO_UNSIGNED(R, L'LENGTH);
1347:   end "*";
1348: 
1349:   -- Id: A.18
1350:   function "*" (L: NATURAL; R: UNSIGNED) return UNSIGNED is
1351:   begin
1352:     return TO_UNSIGNED(L, R'LENGTH) * R;
1353:   end "*";
1354: 
1355:   -- Id: A.19
1356:   function "*" (L: SIGNED; R: INTEGER) return SIGNED is
1357:   begin
1358:     return L * TO_SIGNED(R, L'LENGTH);
1359:   end "*";
1360: 
1361:   -- Id: A.20
1362:   function "*" (L: INTEGER; R: SIGNED) return SIGNED is
1363:   begin
1364:     return TO_SIGNED(L, R'LENGTH) * R;
1365:   end "*";
1366: 
1367:   --============================================================================
1368: 
1369:   -- Id: A.21
1370:   function "/" (L, R: UNSIGNED) return UNSIGNED is
1371:     constant L_LEFT: INTEGER := L'LENGTH-1;
1372:     constant R_LEFT: INTEGER := R'LENGTH-1;
1373:     alias XXL: UNSIGNED(L_LEFT downto 0) is L;
1374:     alias XXR: UNSIGNED(R_LEFT downto 0) is R;
1375:     variable XL: UNSIGNED(L_LEFT downto 0);
1376:     variable XR: UNSIGNED(R_LEFT downto 0);
1377:     variable FQUOT: UNSIGNED(L'LENGTH-1 downto 0);
1378:     variable FREMAIN: UNSIGNED(R'LENGTH-1 downto 0);
1379:   begin
1380:     if ((L'LENGTH < 1) or (R'LENGTH < 1)) then return NAU;
1381:     end if;
1382:     XL := TO_01(XXL, 'X');
1383:     XR := TO_01(XXR, 'X');
1384:     if ((XL(XL'LEFT)='X') or (XR(XR'LEFT)='X')) then
1385:       FQUOT := (others => 'X');
1386:       return FQUOT;
1387:     end if;
1388:     DIVMOD(XL, XR, FQUOT, FREMAIN);
1389:     return FQUOT;
1390:   end "/";
1391: 
1392:   -- Id: A.22
1393:   function "/" (L, R: SIGNED) return SIGNED is
1394:     constant L_LEFT: INTEGER := L'LENGTH-1;
1395:     constant R_LEFT: INTEGER := R'LENGTH-1;
1396:     alias XXL: SIGNED(L_LEFT downto 0) is L;
1397:     alias XXR: SIGNED(R_LEFT downto 0) is R;
1398:     variable XL: SIGNED(L_LEFT downto 0);
1399:     variable XR: SIGNED(R_LEFT downto 0);
1400:     variable FQUOT: UNSIGNED(L'LENGTH-1 downto 0);
1401:     variable FREMAIN: UNSIGNED(R'LENGTH-1 downto 0);
1402:     variable XNUM: UNSIGNED(L'LENGTH-1 downto 0);
1403:     variable XDENOM: UNSIGNED(R'LENGTH-1 downto 0);
1404:     variable QNEG: BOOLEAN := FALSE;
1405:   begin
1406:     if ((L'LENGTH < 1) or (R'LENGTH < 1)) then return NAS;
1407:     end if;
1408:     XL := TO_01(XXL, 'X');
1409:     XR := TO_01(XXR, 'X');
1410:     if ((XL(XL'LEFT)='X') or (XR(XR'LEFT)='X')) then
1411:       FQUOT := (others => 'X');
1412:       return SIGNED(FQUOT);
1413:     end if;
1414:     if XL(XL'LEFT)='1' then
1415:       XNUM := UNSIGNED(-XL);
1416:       QNEG := TRUE;
1417:     else
1418:       XNUM := UNSIGNED(XL);
1419:     end if;
1420:     if XR(XR'LEFT)='1' then
1421:       XDENOM := UNSIGNED(-XR);
1422:       QNEG := not QNEG;
1423:     else
1424:       XDENOM := UNSIGNED(XR);
1425:     end if;
1426:     DIVMOD(XNUM, XDENOM, FQUOT, FREMAIN);
1427:     if QNEG then FQUOT := "0"-FQUOT;
1428:     end if;
1429:     return SIGNED(FQUOT);
1430:   end "/";
1431: 
1432:   -- Id: A.23
1433:   function "/" (L: UNSIGNED; R: NATURAL) return UNSIGNED is
1434:     constant R_LENGTH: NATURAL := MAX(L'LENGTH, UNSIGNED_NUM_BITS(R));
1435:     variable XR, QUOT: UNSIGNED(R_LENGTH-1 downto 0);
1436:   begin
1437:     if (L'LENGTH < 1) then return NAU;
1438:     end if;
1439:     if (R_LENGTH > L'LENGTH) then
1440:       QUOT := (others => '0');
1441:       return RESIZE(QUOT, L'LENGTH);
1442:     end if;
1443:     XR := TO_UNSIGNED(R, R_LENGTH);
1444:     QUOT := RESIZE((L / XR), QUOT'LENGTH);
1445:     return RESIZE(QUOT, L'LENGTH);
1446:   end "/";
1447: 
1448:   -- Id: A.24
1449:   function "/" (L: NATURAL; R: UNSIGNED) return UNSIGNED is
1450:     constant L_LENGTH: NATURAL := MAX(UNSIGNED_NUM_BITS(L), R'LENGTH);
1451:     variable XL, QUOT: UNSIGNED(L_LENGTH-1 downto 0);
1452:   begin
1453:     if (R'LENGTH < 1) then return NAU;
1454:     end if;
1455:     XL := TO_UNSIGNED(L, L_LENGTH);
1456:     QUOT := RESIZE((XL / R), QUOT'LENGTH);
1457:     if L_LENGTH > R'LENGTH and QUOT(0)/='X'
1458:         and QUOT(L_LENGTH-1 downto R'LENGTH)
1459:         /= (L_LENGTH-1 downto R'LENGTH => '0')
1460:         then
1461:       assert NO_WARNING report "NUMERIC_STD.""/"": Quotient Truncated"
1462:           severity WARNING;
1463:     end if;
1464:     return RESIZE(QUOT, R'LENGTH);
1465:   end "/";
1466: 
1467:   -- Id: A.25
1468:   function "/" (L: SIGNED; R: INTEGER) return SIGNED is
1469:     constant R_LENGTH: NATURAL := MAX(L'LENGTH, SIGNED_NUM_BITS(R));
1470:     variable XR, QUOT: SIGNED(R_LENGTH-1 downto 0);
1471:   begin
1472:     if (L'LENGTH < 1) then return NAS;
1473:     end if;
1474:     if (R_LENGTH > L'LENGTH) then
1475:       QUOT := (others => '0');
1476:       return RESIZE(QUOT, L'LENGTH);
1477:     end if;
1478:     XR := TO_SIGNED(R, R_LENGTH);
1479:     QUOT := RESIZE((L / XR), QUOT'LENGTH);
1480:     return RESIZE(QUOT, L'LENGTH);
1481:   end "/";
1482: 
1483:   -- Id: A.26
1484:   function "/" (L: INTEGER; R: SIGNED) return SIGNED is
1485:     constant L_LENGTH: NATURAL := MAX(SIGNED_NUM_BITS(L), R'LENGTH);
1486:     variable XL, QUOT: SIGNED(L_LENGTH-1 downto 0);
1487:   begin
1488:     if (R'LENGTH < 1) then return NAS;
1489:     end if;
1490:     XL := TO_SIGNED(L, L_LENGTH);
1491:     QUOT := RESIZE((XL / R), QUOT'LENGTH);
1492:     if L_LENGTH > R'LENGTH and QUOT(0)/='X'
1493:         and QUOT(L_LENGTH-1 downto R'LENGTH)
1494:         /= (L_LENGTH-1 downto R'LENGTH => QUOT(R'LENGTH-1))
1495:         then
1496:       assert NO_WARNING report "NUMERIC_STD.""/"": Quotient Truncated"
1497:           severity WARNING;
1498:     end if;
1499:     return RESIZE(QUOT, R'LENGTH);
1500:   end "/";
1501: 
1502:   --============================================================================
1503: 
1504:   -- Id: A.27
1505:   function "rem" (L, R: UNSIGNED) return UNSIGNED is
1506:     constant L_LEFT: INTEGER := L'LENGTH-1;
1507:     constant R_LEFT: INTEGER := R'LENGTH-1;
1508:     alias XXL: UNSIGNED(L_LEFT downto 0) is L;
1509:     alias XXR: UNSIGNED(R_LEFT downto 0) is R;
1510:     variable XL: UNSIGNED(L_LEFT downto 0);
1511:     variable XR: UNSIGNED(R_LEFT downto 0);
1512:     variable FQUOT: UNSIGNED(L'LENGTH-1 downto 0);
1513:     variable FREMAIN: UNSIGNED(R'LENGTH-1 downto 0);
1514:   begin
1515:     if ((L'LENGTH < 1) or (R'LENGTH < 1)) then return NAU;
1516:     end if;
1517:     XL := TO_01(XXL, 'X');
1518:     XR := TO_01(XXR, 'X');
1519:     if ((XL(XL'LEFT)='X') or (XR(XR'LEFT)='X')) then
1520:       FREMAIN := (others => 'X');
1521:       return FREMAIN;
1522:     end if;
1523:     DIVMOD(XL, XR, FQUOT, FREMAIN);
1524:     return FREMAIN;
1525:   end "rem";
1526: 
1527:   -- Id: A.28
1528:   function "rem" (L, R: SIGNED) return SIGNED is
1529:     constant L_LEFT: INTEGER := L'LENGTH-1;
1530:     constant R_LEFT: INTEGER := R'LENGTH-1;
1531:     alias XXL: SIGNED(L_LEFT downto 0) is L;
1532:     alias XXR: SIGNED(R_LEFT downto 0) is R;
1533:     variable FQUOT: UNSIGNED(L'LENGTH-1 downto 0);
1534:     variable FREMAIN: UNSIGNED(R'LENGTH-1 downto 0);
1535:     variable XNUM: UNSIGNED(L'LENGTH-1 downto 0);
1536:     variable XDENOM: UNSIGNED(R'LENGTH-1 downto 0);
1537:     variable RNEG: BOOLEAN := FALSE;
1538:   begin
1539:     if ((L'LENGTH < 1) or (R'LENGTH < 1)) then return NAS;
1540:     end if;
1541:     XNUM := UNSIGNED(TO_01(XXL, 'X'));
1542:     XDENOM := UNSIGNED(TO_01(XXR, 'X'));
1543:     if ((XNUM(XNUM'LEFT)='X') or (XDENOM(XDENOM'LEFT)='X')) then
1544:       FREMAIN := (others => 'X');
1545:       return SIGNED(FREMAIN);
1546:     end if;
1547:     if XNUM(XNUM'LEFT)='1' then
1548:       XNUM := UNSIGNED(-SIGNED(XNUM));
1549:       RNEG := TRUE;
1550:     else
1551:       XNUM := UNSIGNED(XNUM);
1552:     end if;
1553:     if XDENOM(XDENOM'LEFT)='1' then
1554:       XDENOM := UNSIGNED(-SIGNED(XDENOM));
1555:     else
1556:       XDENOM := UNSIGNED(XDENOM);
1557:     end if;
1558:     DIVMOD(XNUM, XDENOM, FQUOT, FREMAIN);
1559:     if RNEG then
1560:       FREMAIN := "0"-FREMAIN;
1561:     end if;
1562:     return SIGNED(FREMAIN);
1563:   end "rem";
1564: 
1565:   -- Id: A.29
1566:   function "rem" (L: UNSIGNED; R: NATURAL) return UNSIGNED is
1567:     constant R_LENGTH: NATURAL := MAX(L'LENGTH, UNSIGNED_NUM_BITS(R));
1568:     variable XR, XREM: UNSIGNED(R_LENGTH-1 downto 0);
1569:   begin
1570:     if (L'LENGTH < 1) then return NAU;
1571:     end if;
1572:     XR := TO_UNSIGNED(R, R_LENGTH);
1573:     XREM := L rem XR;
1574:     if R_LENGTH > L'LENGTH and XREM(0)/='X'
1575:         and XREM(R_LENGTH-1 downto L'LENGTH)
1576:         /= (R_LENGTH-1 downto L'LENGTH => '0')
1577:         then
1578:       assert NO_WARNING report "NUMERIC_STD.""rem"": Remainder Truncated"
1579:           severity WARNING;
1580:     end if;
1581:     return RESIZE(XREM, L'LENGTH);
1582:   end "rem";
1583: 
1584:   -- Id: A.30
1585:   function "rem" (L: NATURAL; R: UNSIGNED) return UNSIGNED is
1586:     constant L_LENGTH: NATURAL := MAX(UNSIGNED_NUM_BITS(L), R'LENGTH);
1587:     variable XL, XREM: UNSIGNED(L_LENGTH-1 downto 0);
1588:   begin
1589:     XL := TO_UNSIGNED(L, L_LENGTH);
1590:     XREM := XL rem R;
1591:     if L_LENGTH > R'LENGTH and XREM(0)/='X'
1592:         and XREM(L_LENGTH-1 downto R'LENGTH)
1593:         /= (L_LENGTH-1 downto R'LENGTH => '0')
1594:         then
1595:       assert NO_WARNING report "NUMERIC_STD.""rem"": Remainder Truncated"
1596:           severity WARNING;
1597:     end if;
1598:     return RESIZE(XREM, R'LENGTH);
1599:   end "rem";
1600: 
1601:   -- Id: A.31
1602:   function "rem" (L: SIGNED; R: INTEGER) return SIGNED is
1603:     constant R_LENGTH: NATURAL := MAX(L'LENGTH, SIGNED_NUM_BITS(R));
1604:     variable XR, XREM: SIGNED(R_LENGTH-1 downto 0);
1605:   begin
1606:     if (L'LENGTH < 1) then return NAS;
1607:     end if;
1608:     XR := TO_SIGNED(R, R_LENGTH);
1609:     XREM := RESIZE((L rem XR), XREM'LENGTH);
1610:     if R_LENGTH > L'LENGTH and XREM(0)/='X'
1611:         and XREM(R_LENGTH-1 downto L'LENGTH)
1612:         /= (R_LENGTH-1 downto L'LENGTH => XREM(L'LENGTH-1))
1613:         then
1614:       assert NO_WARNING report "NUMERIC_STD.""rem"": Remainder Truncated"
1615:           severity WARNING;
1616:     end if;
1617:     return RESIZE(XREM, L'LENGTH);
1618:   end "rem";
1619: 
1620:   -- Id: A.32
1621:   function "rem" (L: INTEGER; R: SIGNED) return SIGNED is
1622:     constant L_LENGTH: NATURAL := MAX(SIGNED_NUM_BITS(L), R'LENGTH);
1623:     variable XL, XREM: SIGNED(L_LENGTH-1 downto 0);
1624:   begin
1625:     if (R'LENGTH < 1) then return NAS;
1626:     end if;
1627:     XL := TO_SIGNED(L, L_LENGTH);
1628:     XREM := RESIZE((XL rem R), XREM'LENGTH);
1629:     if L_LENGTH > R'LENGTH and XREM(0)/='X'
1630:         and XREM(L_LENGTH-1 downto R'LENGTH)
1631:         /= (L_LENGTH-1 downto R'LENGTH => XREM(R'LENGTH-1))
1632:         then
1633:       assert NO_WARNING report "NUMERIC_STD.""rem"": Remainder Truncated"
1634:           severity WARNING;
1635:     end if;
1636:     return RESIZE(XREM, R'LENGTH);
1637:   end "rem";
1638: 
1639:   --============================================================================
1640: 
1641:   -- Id: A.33
1642:   function "mod" (L, R: UNSIGNED) return UNSIGNED is
1643:     constant L_LEFT: INTEGER := L'LENGTH-1;
1644:     constant R_LEFT: INTEGER := R'LENGTH-1;
1645:     alias XXL: UNSIGNED(L_LEFT downto 0) is L;
1646:     alias XXR: UNSIGNED(R_LEFT downto 0) is R;
1647:     variable XL: UNSIGNED(L_LEFT downto 0);
1648:     variable XR: UNSIGNED(R_LEFT downto 0);
1649:     variable FQUOT: UNSIGNED(L'LENGTH-1 downto 0);
1650:     variable FREMAIN: UNSIGNED(R'LENGTH-1 downto 0);
1651:   begin
1652:     if ((L'LENGTH < 1) or (R'LENGTH < 1)) then return NAU;
1653:     end if;
1654:     XL := TO_01(XXL, 'X');
1655:     XR := TO_01(XXR, 'X');
1656:     if ((XL(XL'LEFT)='X') or (XR(XR'LEFT)='X')) then
1657:       FREMAIN := (others => 'X');
1658:       return FREMAIN;
1659:     end if;
1660:     DIVMOD(XL, XR, FQUOT, FREMAIN);
1661:     return FREMAIN;
1662:   end "mod";
1663: 
1664:   -- Id: A.34
1665:   function "mod" (L, R: SIGNED) return SIGNED is
1666:     constant L_LEFT: INTEGER := L'LENGTH-1;
1667:     constant R_LEFT: INTEGER := R'LENGTH-1;
1668:     alias XXL: SIGNED(L_LEFT downto 0) is L;
1669:     alias XXR: SIGNED(R_LEFT downto 0) is R;
1670:     variable XL: SIGNED(L_LEFT downto 0);
1671:     variable XR: SIGNED(R_LEFT downto 0);
1672:     variable FQUOT: UNSIGNED(L'LENGTH-1 downto 0);
1673:     variable FREMAIN: UNSIGNED(R'LENGTH-1 downto 0);
1674:     variable XNUM: UNSIGNED(L'LENGTH-1 downto 0);
1675:     variable XDENOM: UNSIGNED(R'LENGTH-1 downto 0);
1676:     variable RNEG: BOOLEAN := FALSE;
1677:   begin
1678:     if ((L'LENGTH < 1) or (R'LENGTH < 1)) then return NAS;
1679:     end if;
1680:     XL := TO_01(XXL, 'X');
1681:     XR := TO_01(XXR, 'X');
1682:     if ((XL(XL'LEFT)='X') or (XR(XR'LEFT)='X')) then
1683:       FREMAIN := (others => 'X');
1684:       return SIGNED(FREMAIN);
1685:     end if;
1686:     if XL(XL'LEFT)='1' then
1687:       XNUM := UNSIGNED(-XL);
1688:     else
1689:       XNUM := UNSIGNED(XL);
1690:     end if;
1691:     if XR(XR'LEFT)='1' then
1692:       XDENOM := UNSIGNED(-XR);
1693:       RNEG := TRUE;
1694:     else
1695:       XDENOM := UNSIGNED(XR);
1696:     end if;
1697:     DIVMOD(XNUM, XDENOM, FQUOT, FREMAIN);
1698:     if RNEG and L(L'LEFT)='1' then
1699:       FREMAIN := "0"-FREMAIN;
1700:     elsif RNEG and FREMAIN/="0" then
1701:       FREMAIN := FREMAIN-XDENOM;
1702:     elsif L(L'LEFT)='1' and FREMAIN/="0" then
1703:       FREMAIN := XDENOM-FREMAIN;
1704:     end if;
1705:     return SIGNED(FREMAIN);
1706:   end "mod";
1707: 
1708:   -- Id: A.35
1709:   function "mod" (L: UNSIGNED; R: NATURAL) return UNSIGNED is
1710:     constant R_LENGTH: NATURAL := MAX(L'LENGTH, UNSIGNED_NUM_BITS(R));
1711:     variable XR, XREM: UNSIGNED(R_LENGTH-1 downto 0);
1712:   begin
1713:     if (L'LENGTH < 1) then return NAU;
1714:     end if;
1715:     XR := TO_UNSIGNED(R, R_LENGTH);
1716:     XREM := RESIZE((L mod XR), XREM'LENGTH);
1717:     if R_LENGTH > L'LENGTH and XREM(0)/='X'
1718:         and XREM(R_LENGTH-1 downto L'LENGTH)
1719:         /= (R_LENGTH-1 downto L'LENGTH => '0')
1720:         then
1721:       assert NO_WARNING report "NUMERIC_STD.""mod"": Modulus Truncated"
1722:           severity WARNING;
1723:     end if;
1724:     return RESIZE(XREM, L'LENGTH);
1725:   end "mod";
1726: 
1727:   -- Id: A.36
1728:   function "mod" (L: NATURAL; R: UNSIGNED) return UNSIGNED is
1729:     constant L_LENGTH: NATURAL := MAX(UNSIGNED_NUM_BITS(L), R'LENGTH);
1730:     variable XL, XREM: UNSIGNED(L_LENGTH-1 downto 0);
1731:   begin
1732:     if (R'LENGTH < 1) then return NAU;
1733:     end if;
1734:     XL := TO_UNSIGNED(L, L_LENGTH);
1735:     XREM := RESIZE((XL mod R), XREM'LENGTH);
1736:     if L_LENGTH > R'LENGTH and XREM(0)/='X'
1737:         and XREM(L_LENGTH-1 downto R'LENGTH)
1738:         /= (L_LENGTH-1 downto R'LENGTH => '0')
1739:         then
1740:       assert NO_WARNING report "NUMERIC_STD.""mod"": Modulus Truncated"
1741:           severity WARNING;
1742:     end if;
1743:     return RESIZE(XREM, R'LENGTH);
1744:   end "mod";
1745: 
1746:   -- Id: A.37
1747:   function "mod" (L: SIGNED; R: INTEGER) return SIGNED is
1748:     constant R_LENGTH: NATURAL := MAX(L'LENGTH, SIGNED_NUM_BITS(R));
1749:     variable XR, XREM: SIGNED(R_LENGTH-1 downto 0);
1750:   begin
1751:     if (L'LENGTH < 1) then return NAS;
1752:     end if;
1753:     XR := TO_SIGNED(R, R_LENGTH);
1754:     XREM := RESIZE((L mod XR), XREM'LENGTH);
1755:     if R_LENGTH > L'LENGTH and XREM(0)/='X'
1756:         and XREM(R_LENGTH-1 downto L'LENGTH)
1757:         /= (R_LENGTH-1 downto L'LENGTH => XREM(L'LENGTH-1))
1758:         then
1759:       assert NO_WARNING report "NUMERIC_STD.""mod"": Modulus Truncated"
1760:           severity WARNING;
1761:     end if;
1762:     return RESIZE(XREM, L'LENGTH);
1763:   end "mod";
1764: 
1765:   -- Id: A.38
1766:   function "mod" (L: INTEGER; R: SIGNED) return SIGNED is
1767:     constant L_LENGTH: NATURAL := MAX(SIGNED_NUM_BITS(L), R'LENGTH);
1768:     variable XL, XREM: SIGNED(L_LENGTH-1 downto 0);
1769:   begin
1770:     if (R'LENGTH < 1) then return NAS;
1771:     end if;
1772:     XL := TO_SIGNED(L, L_LENGTH);
1773:     XREM := RESIZE((XL mod R), XREM'LENGTH);
1774:     if L_LENGTH > R'LENGTH and XREM(0)/='X'
1775:         and XREM(L_LENGTH-1 downto R'LENGTH)
1776:         /= (L_LENGTH-1 downto R'LENGTH => XREM(R'LENGTH-1))
1777:         then
1778:       assert NO_WARNING report "NUMERIC_STD.""mod"": Modulus Truncated"
1779:           severity WARNING;
1780:     end if;
1781:     return RESIZE(XREM, R'LENGTH);
1782:   end "mod";
1783: 
1784:   --============================================================================
1785: 
1786:   -- Id: C.1
1787:   function ">" (L, R: UNSIGNED) return BOOLEAN is
1788:     constant L_LEFT: INTEGER := L'LENGTH-1;
1789:     constant R_LEFT: INTEGER := R'LENGTH-1;
1790:     alias XL: UNSIGNED(L_LEFT downto 0) is L;
1791:     alias XR: UNSIGNED(R_LEFT downto 0) is R;
1792:     constant SIZE: NATURAL := MAX(L'LENGTH, R'LENGTH);
1793:     variable L01 : UNSIGNED(L_LEFT downto 0);
1794:     variable R01 : UNSIGNED(R_LEFT downto 0);
1795:   begin
1796:     if ((L'LENGTH < 1) or (R'LENGTH < 1)) then
1797:       assert NO_WARNING
1798:           report "NUMERIC_STD."">"": null argument detected, returning FALSE"
1799:           severity WARNING;
1800:       return FALSE;
1801:     end if;
1802:     L01 := TO_01(XL, 'X');
1803:     R01 := TO_01(XR, 'X');
1804:     if ((L01(L01'LEFT)='X') or (R01(R01'LEFT)='X')) then
1805:       assert NO_WARNING
1806:           report "NUMERIC_STD."">"": metavalue detected, returning FALSE"
1807:           severity WARNING;
1808:       return FALSE;
1809:     end if;
1810:     return not UNSIGNED_LESS_OR_EQUAL(RESIZE(L01, SIZE), RESIZE(R01, SIZE));
1811:   end ">";
1812: 
1813:   -- Id: C.2
1814:   function ">" (L, R: SIGNED) return BOOLEAN is
1815:     constant L_LEFT: INTEGER := L'LENGTH-1;
1816:     constant R_LEFT: INTEGER := R'LENGTH-1;
1817:     alias XL: SIGNED(L_LEFT downto 0) is L;
1818:     alias XR: SIGNED(R_LEFT downto 0) is R;
1819:     constant SIZE: NATURAL := MAX(L'LENGTH, R'LENGTH);
1820:     variable L01 : SIGNED(L_LEFT downto 0);
1821:     variable R01 : SIGNED(R_LEFT downto 0);
1822:   begin
1823:     if ((L'LENGTH < 1) or (R'LENGTH < 1)) then
1824:       assert NO_WARNING
1825:           report "NUMERIC_STD."">"": null argument detected, returning FALSE"
1826:           severity WARNING;
1827:       return FALSE;
1828:     end if;
1829:     L01 := TO_01(XL, 'X');
1830:     R01 := TO_01(XR, 'X');
1831:     if ((L01(L01'LEFT)='X') or (R01(R01'LEFT)='X')) then
1832:       assert NO_WARNING
1833:           report "NUMERIC_STD."">"": metavalue detected, returning FALSE"
1834:           severity WARNING;
1835:       return FALSE;
1836:     end if;
1837:     return not SIGNED_LESS_OR_EQUAL(RESIZE(L01, SIZE), RESIZE(R01, SIZE));
1838:   end ">";
1839: 
1840:   -- Id: C.3
1841:   function ">" (L: NATURAL; R: UNSIGNED) return BOOLEAN is
1842:     constant R_LEFT: INTEGER := R'LENGTH-1;
1843:     alias XR: UNSIGNED(R_LEFT downto 0) is R;
1844:     variable R01 : UNSIGNED(R_LEFT downto 0);
1845:   begin
1846:     if (R'LENGTH < 1) then
1847:       assert NO_WARNING
1848:           report "NUMERIC_STD."">"": null argument detected, returning FALSE"
1849:           severity WARNING;
1850:       return FALSE;
1851:     end if;
1852:     R01 := TO_01(XR, 'X');
1853:     if (R01(R01'LEFT)='X') then
1854:       assert NO_WARNING
1855:           report "NUMERIC_STD."">"": metavalue detected, returning FALSE"
1856:           severity WARNING;
1857:       return FALSE;
1858:     end if;
1859:     if UNSIGNED_NUM_BITS(L) > R'LENGTH then return TRUE;
1860:     end if;
1861:     return not UNSIGNED_LESS_OR_EQUAL(TO_UNSIGNED(L, R01'LENGTH), R01);
1862:   end ">";
1863: 
1864:   -- Id: C.4
1865:   function ">" (L: INTEGER; R: SIGNED) return BOOLEAN is
1866:     constant R_LEFT: INTEGER := R'LENGTH-1;
1867:     alias XR: SIGNED(R_LEFT downto 0) is R;
1868:     variable R01 : SIGNED(R_LEFT downto 0);
1869:   begin
1870:     if (R'LENGTH < 1) then
1871:       assert NO_WARNING
1872:           report "NUMERIC_STD."">"": null argument detected, returning FALSE"
1873:           severity WARNING;
1874:       return FALSE;
1875:     end if;
1876:     R01 := TO_01(XR, 'X');
1877:     if (R01(R01'LEFT)='X') then
1878:       assert NO_WARNING
1879:           report "NUMERIC_STD."">"": metavalue detected, returning FALSE"
1880:           severity WARNING;
1881:       return FALSE;
1882:     end if;
1883:     if SIGNED_NUM_BITS(L) > R'LENGTH then return L > 0;
1884:     end if;
1885:     return not SIGNED_LESS_OR_EQUAL(TO_SIGNED(L, R01'LENGTH), R01);
1886:   end ">";
1887: 
1888:   -- Id: C.5
1889:   function ">" (L: UNSIGNED; R: NATURAL) return BOOLEAN is
1890:     constant L_LEFT: INTEGER := L'LENGTH-1;
1891:     alias XL: UNSIGNED(L_LEFT downto 0) is L;
1892:     variable L01 : UNSIGNED(L_LEFT downto 0);
1893:   begin
1894:     if (L'LENGTH < 1) then
1895:       assert NO_WARNING
1896:           report "NUMERIC_STD."">"": null argument detected, returning FALSE"
1897:           severity WARNING;
1898:       return FALSE;
1899:     end if;
1900:     L01 := TO_01(XL, 'X');
1901:     if (L01(L01'LEFT)='X') then
1902:       assert NO_WARNING
1903:           report "NUMERIC_STD."">"": metavalue detected, returning FALSE"
1904:           severity WARNING;
1905:       return FALSE;
1906:     end if;
1907:     if UNSIGNED_NUM_BITS(R) > L'LENGTH then return FALSE;
1908:     end if;
1909:     return not UNSIGNED_LESS_OR_EQUAL(L01, TO_UNSIGNED(R, L01'LENGTH));
1910:   end ">";
1911: 
1912:   -- Id: C.6
1913:   function ">" (L: SIGNED; R: INTEGER) return BOOLEAN is
1914:     constant L_LEFT: INTEGER := L'LENGTH-1;
1915:     alias XL: SIGNED(L_LEFT downto 0) is L;
1916:     variable L01 : SIGNED(L_LEFT downto 0);
1917:   begin
1918:     if (L'LENGTH < 1) then
1919:       assert NO_WARNING
1920:           report "NUMERIC_STD."">"": null argument detected, returning FALSE"
1921:           severity WARNING;
1922:       return FALSE;
1923:     end if;
1924:     L01 := TO_01(XL, 'X');
1925:     if (L01(L01'LEFT)='X') then
1926:       assert NO_WARNING
1927:           report "NUMERIC_STD."">"": metavalue detected, returning FALSE"
1928:           severity WARNING;
1929:       return FALSE;
1930:     end if;
1931:     if SIGNED_NUM_BITS(R) > L'LENGTH then return 0 > R;
1932:     end if;
1933:     return not SIGNED_LESS_OR_EQUAL(L01, TO_SIGNED(R, L01'LENGTH));
1934:   end ">";
1935: 
1936:   --============================================================================
1937: 
1938:   -- Id: C.7
1939:   function "<" (L, R: UNSIGNED) return BOOLEAN is
1940:     constant L_LEFT: INTEGER := L'LENGTH-1;
1941:     constant R_LEFT: INTEGER := R'LENGTH-1;
1942:     alias XL: UNSIGNED(L_LEFT downto 0) is L;
1943:     alias XR: UNSIGNED(R_LEFT downto 0) is R;
1944:     constant SIZE: NATURAL := MAX(L'LENGTH, R'LENGTH);
1945:     variable L01 : UNSIGNED(L_LEFT downto 0);
1946:     variable R01 : UNSIGNED(R_LEFT downto 0);
1947:   begin
1948:     if ((L'LENGTH < 1) or (R'LENGTH < 1)) then
1949:       assert NO_WARNING
1950:           report "NUMERIC_STD.""<"": null argument detected, returning FALSE"
1951:           severity WARNING;
1952:       return FALSE;
1953:     end if;
1954:     L01 := TO_01(XL, 'X');
1955:     R01 := TO_01(XR, 'X');
1956:     if ((L01(L01'LEFT)='X') or (R01(R01'LEFT)='X')) then
1957:       assert NO_WARNING
1958:           report "NUMERIC_STD.""<"": metavalue detected, returning FALSE"
1959:           severity WARNING;
1960:       return FALSE;
1961:     end if;
1962:     return UNSIGNED_LESS(RESIZE(L01, SIZE), RESIZE(R01, SIZE));
1963:   end "<";
1964: 
1965:   -- Id: C.8
1966:   function "<" (L, R: SIGNED) return BOOLEAN is
1967:     constant L_LEFT: INTEGER := L'LENGTH-1;
1968:     constant R_LEFT: INTEGER := R'LENGTH-1;
1969:     alias XL: SIGNED(L_LEFT downto 0) is L;
1970:     alias XR: SIGNED(R_LEFT downto 0) is R;
1971:     constant SIZE: NATURAL := MAX(L'LENGTH, R'LENGTH);
1972:     variable L01 : SIGNED(L_LEFT downto 0);
1973:     variable R01 : SIGNED(R_LEFT downto 0);
1974:   begin
1975:     if ((L'LENGTH < 1) or (R'LENGTH < 1)) then
1976:       assert NO_WARNING
1977:           report "NUMERIC_STD.""<"": null argument detected, returning FALSE"
1978:           severity WARNING;
1979:       return FALSE;
1980:     end if;
1981:     L01 := TO_01(XL, 'X');
1982:     R01 := TO_01(XR, 'X');
1983:     if ((L01(L01'LEFT)='X') or (R01(R01'LEFT)='X')) then
1984:       assert NO_WARNING
1985:           report "NUMERIC_STD.""<"": metavalue detected, returning FALSE"
1986:           severity WARNING;
1987:       return FALSE;
1988:     end if;
1989:     return SIGNED_LESS(RESIZE(L01, SIZE), RESIZE(R01, SIZE));
1990:   end "<";
1991: 
1992:   -- Id: C.9
1993:   function "<" (L: NATURAL; R: UNSIGNED) return BOOLEAN is
1994:     constant R_LEFT: INTEGER := R'LENGTH-1;
1995:     alias XR: UNSIGNED(R_LEFT downto 0) is R;
1996:     variable R01 : UNSIGNED(R_LEFT downto 0);
1997:   begin
1998:     if (R'LENGTH < 1) then
1999:       assert NO_WARNING
2000:           report "NUMERIC_STD.""<"": null argument detected, returning FALSE"
2001:           severity WARNING;
2002:       return FALSE;
2003:     end if;
2004:     R01 := TO_01(XR, 'X');
2005:     if (R01(R01'LEFT)='X') then
2006:       assert NO_WARNING
2007:           report "NUMERIC_STD.""<"": metavalue detected, returning FALSE"
2008:           severity WARNING;
2009:       return FALSE;
2010:     end if;
2011:     if UNSIGNED_NUM_BITS(L) > R'LENGTH then return L < 0;
2012:     end if;
2013:     return UNSIGNED_LESS(TO_UNSIGNED(L, R01'LENGTH), R01);
2014:   end "<";
2015: 
2016:   -- Id: C.10
2017:   function "<" (L: INTEGER; R: SIGNED) return BOOLEAN is
2018:     constant R_LEFT: INTEGER := R'LENGTH-1;
2019:     alias XR: SIGNED(R_LEFT downto 0) is R;
2020:     variable R01 : SIGNED(R_LEFT downto 0);
2021:   begin
2022:     if (R'LENGTH < 1) then
2023:       assert NO_WARNING
2024:           report "NUMERIC_STD.""<"": null argument detected, returning FALSE"
2025:           severity WARNING;
2026:       return FALSE;
2027:     end if;
2028:     R01 := TO_01(XR, 'X');
2029:     if (R01(R01'LEFT)='X') then
2030:       assert NO_WARNING
2031:           report "NUMERIC_STD.""<"": metavalue detected, returning FALSE"
2032:           severity WARNING;
2033:       return FALSE;
2034:     end if;
2035:     if SIGNED_NUM_BITS(L) > R'LENGTH then return L < 0;
2036:     end if;
2037:     return SIGNED_LESS(TO_SIGNED(L, R01'LENGTH), R01);
2038:   end "<";
2039: 
2040:   -- Id: C.11
2041:   function "<" (L: UNSIGNED; R: NATURAL) return BOOLEAN is
2042:     constant L_LEFT: INTEGER := L'LENGTH-1;
2043:     alias XL: UNSIGNED(L_LEFT downto 0) is L;
2044:     variable L01 : UNSIGNED(L_LEFT downto 0);
2045:   begin
2046:     if (L'LENGTH < 1) then
2047:       assert NO_WARNING
2048:           report "NUMERIC_STD.""<"": null argument detected, returning FALSE"
2049:           severity WARNING;
2050:       return FALSE;
2051:     end if;
2052:     L01 := TO_01(XL, 'X');
2053:     if (L01(L01'LEFT)='X') then
2054:       assert NO_WARNING
2055:           report "NUMERIC_STD.""<"": metavalue detected, returning FALSE"
2056:           severity WARNING;
2057:       return FALSE;
2058:     end if;
2059:     if UNSIGNED_NUM_BITS(R) > L'LENGTH then return 0 < R;
2060:     end if;
2061:     return UNSIGNED_LESS(L01, TO_UNSIGNED(R, L01'LENGTH));
2062:   end "<";
2063: 
2064:   -- Id: C.12
2065:   function "<" (L: SIGNED; R: INTEGER) return BOOLEAN is
2066:     constant L_LEFT: INTEGER := L'LENGTH-1;
2067:     alias XL: SIGNED(L_LEFT downto 0) is L;
2068:     variable L01 : SIGNED(L_LEFT downto 0);
2069:   begin
2070:     if (L'LENGTH < 1) then
2071:       assert NO_WARNING
2072:           report "NUMERIC_STD.""<"": null argument detected, returning FALSE"
2073:           severity WARNING;
2074:       return FALSE;
2075:     end if;
2076:     L01 := TO_01(XL, 'X');
2077:     if (L01(L01'LEFT)='X') then
2078:       assert NO_WARNING
2079:           report "NUMERIC_STD.""<"": metavalue detected, returning FALSE"
2080:           severity WARNING;
2081:       return FALSE;
2082:     end if;
2083:     if SIGNED_NUM_BITS(R) > L'LENGTH then return 0 < R;
2084:     end if;
2085:     return SIGNED_LESS(L01, TO_SIGNED(R, L01'LENGTH));
2086:   end "<";
2087: 
2088:   --============================================================================
2089: 
2090:   -- Id: C.13
2091:   function "<=" (L, R: UNSIGNED) return BOOLEAN is
2092:     constant L_LEFT: INTEGER := L'LENGTH-1;
2093:     constant R_LEFT: INTEGER := R'LENGTH-1;
2094:     alias XL: UNSIGNED(L_LEFT downto 0) is L;
2095:     alias XR: UNSIGNED(R_LEFT downto 0) is R;
2096:     constant SIZE: NATURAL := MAX(L'LENGTH, R'LENGTH);
2097:     variable L01 : UNSIGNED(L_LEFT downto 0);
2098:     variable R01 : UNSIGNED(R_LEFT downto 0);
2099:   begin
2100:     if ((L'LENGTH < 1) or (R'LENGTH < 1)) then
2101:       assert NO_WARNING
2102:           report "NUMERIC_STD.""<="": null argument detected, returning FALSE"
2103:           severity WARNING;
2104:       return FALSE;
2105:     end if;
2106:     L01 := TO_01(XL, 'X');
2107:     R01 := TO_01(XR, 'X');
2108:     if ((L01(L01'LEFT)='X') or (R01(R01'LEFT)='X')) then
2109:       assert NO_WARNING
2110:           report "NUMERIC_STD.""<="": metavalue detected, returning FALSE"
2111:           severity WARNING;
2112:       return FALSE;
2113:     end if;
2114:     return UNSIGNED_LESS_OR_EQUAL(RESIZE(L01, SIZE), RESIZE(R01, SIZE));
2115:   end "<=";
2116: 
2117:   -- Id: C.14
2118:   function "<=" (L, R: SIGNED) return BOOLEAN is
2119:     constant L_LEFT: INTEGER := L'LENGTH-1;
2120:     constant R_LEFT: INTEGER := R'LENGTH-1;
2121:     alias XL: SIGNED(L_LEFT downto 0) is L;
2122:     alias XR: SIGNED(R_LEFT downto 0) is R;
2123:     constant SIZE: NATURAL := MAX(L'LENGTH, R'LENGTH);
2124:     variable L01 : SIGNED(L_LEFT downto 0);
2125:     variable R01 : SIGNED(R_LEFT downto 0);
2126:   begin
2127:     if ((L'LENGTH < 1) or (R'LENGTH < 1)) then
2128:       assert NO_WARNING
2129:           report "NUMERIC_STD.""<="": null argument detected, returning FALSE"
2130:           severity WARNING;
2131:       return FALSE;
2132:     end if;
2133:     L01 := TO_01(XL, 'X');
2134:     R01 := TO_01(XR, 'X');
2135:     if ((L01(L01'LEFT)='X') or (R01(R01'LEFT)='X')) then
2136:       assert NO_WARNING
2137:           report "NUMERIC_STD.""<="": metavalue detected, returning FALSE"
2138:           severity WARNING;
2139:       return FALSE;
2140:     end if;
2141:     return SIGNED_LESS_OR_EQUAL(RESIZE(L01, SIZE), RESIZE(R01, SIZE));
2142:   end "<=";
2143: 
2144:   -- Id: C.15
2145:   function "<=" (L: NATURAL; R: UNSIGNED) return BOOLEAN is
2146:     constant R_LEFT: INTEGER := R'LENGTH-1;
2147:     alias XR: UNSIGNED(R_LEFT downto 0) is R;
2148:     variable R01 : UNSIGNED(R_LEFT downto 0);
2149:   begin
2150:     if (R'LENGTH < 1) then
2151:       assert NO_WARNING
2152:           report "NUMERIC_STD.""<="": null argument detected, returning FALSE"
2153:           severity WARNING;
2154:       return FALSE;
2155:     end if;
2156:     R01 := TO_01(XR, 'X');
2157:     if (R01(R01'LEFT)='X') then
2158:       assert NO_WARNING
2159:           report "NUMERIC_STD.""<="": metavalue detected, returning FALSE"
2160:           severity WARNING;
2161:       return FALSE;
2162:     end if;
2163:     if UNSIGNED_NUM_BITS(L) > R'LENGTH then return L < 0;
2164:     end if;
2165:     return UNSIGNED_LESS_OR_EQUAL(TO_UNSIGNED(L, R01'LENGTH), R01);
2166:   end "<=";
2167: 
2168:   -- Id: C.16
2169:   function "<=" (L: INTEGER; R: SIGNED) return BOOLEAN is
2170:     constant R_LEFT: INTEGER := R'LENGTH-1;
2171:     alias XR: SIGNED(R_LEFT downto 0) is R;
2172:     variable R01 : SIGNED(R_LEFT downto 0);
2173:   begin
2174:     if (R'LENGTH < 1) then
2175:       assert NO_WARNING
2176:           report "NUMERIC_STD.""<="": null argument detected, returning FALSE"
2177:           severity WARNING;
2178:       return FALSE;
2179:     end if;
2180:     R01 := TO_01(XR, 'X');
2181:     if (R01(R01'LEFT)='X') then
2182:       assert NO_WARNING
2183:           report "NUMERIC_STD.""<="": metavalue detected, returning FALSE"
2184:           severity WARNING;
2185:       return FALSE;
2186:     end if;
2187:     if SIGNED_NUM_BITS(L) > R'LENGTH then return L < 0;
2188:     end if;
2189:     return SIGNED_LESS_OR_EQUAL(TO_SIGNED(L, R01'LENGTH), R01);
2190:   end "<=";
2191: 
2192:   -- Id: C.17
2193:   function "<=" (L: UNSIGNED; R: NATURAL) return BOOLEAN is
2194:     constant L_LEFT: INTEGER := L'LENGTH-1;
2195:     alias XL: UNSIGNED(L_LEFT downto 0) is L;
2196:     variable L01 : UNSIGNED(L_LEFT downto 0);
2197:   begin
2198:     if (L_LEFT < 0) then
2199:       assert NO_WARNING
2200:           report "NUMERIC_STD.""<="": null argument detected, returning FALSE"
2201:           severity WARNING;
2202:       return FALSE;
2203:     end if;
2204:     L01 := TO_01(XL, 'X');
2205:     if (L01(L01'LEFT)='X') then
2206:       assert NO_WARNING
2207:           report "NUMERIC_STD.""<="": metavalue detected, returning FALSE"
2208:           severity WARNING;
2209:       return FALSE;
2210:     end if;
2211:     if UNSIGNED_NUM_BITS(R) > L'LENGTH then return 0 < R;
2212:     end if;
2213:     return UNSIGNED_LESS_OR_EQUAL(L01, TO_UNSIGNED(R, L01'LENGTH));
2214:   end "<=";
2215: 
2216:   -- Id: C.18
2217:   function "<=" (L: SIGNED; R: INTEGER) return BOOLEAN is
2218:     constant L_LEFT: INTEGER := L'LENGTH-1;
2219:     alias XL: SIGNED(L_LEFT downto 0) is L;
2220:     variable L01 : SIGNED(L_LEFT downto 0);
2221:   begin
2222:     if (L_LEFT < 0) then
2223:       assert NO_WARNING
2224:           report "NUMERIC_STD.""<="": null argument detected, returning FALSE"
2225:           severity WARNING;
2226:       return FALSE;
2227:     end if;
2228:     L01 := TO_01(XL, 'X');
2229:     if (L01(L01'LEFT)='X') then
2230:       assert NO_WARNING
2231:           report "NUMERIC_STD.""<="": metavalue detected, returning FALSE"
2232:           severity WARNING;
2233:       return FALSE;
2234:     end if;
2235:     if SIGNED_NUM_BITS(R) > L'LENGTH then return 0 < R;
2236:     end if;
2237:     return SIGNED_LESS_OR_EQUAL(L01, TO_SIGNED(R, L01'LENGTH));
2238:   end "<=";
2239: 
2240:   --============================================================================
2241: 
2242:   -- Id: C.19
2243:   function ">=" (L, R: UNSIGNED) return BOOLEAN is
2244:     constant L_LEFT: INTEGER := L'LENGTH-1;
2245:     constant R_LEFT: INTEGER := R'LENGTH-1;
2246:     alias XL: UNSIGNED(L_LEFT downto 0) is L;
2247:     alias XR: UNSIGNED(R_LEFT downto 0) is R;
2248:     constant SIZE: NATURAL := MAX(L'LENGTH, R'LENGTH);
2249:     variable L01 : UNSIGNED(L_LEFT downto 0);
2250:     variable R01 : UNSIGNED(R_LEFT downto 0);
2251:   begin
2252:     if ((L'LENGTH < 1) or (R'LENGTH < 1)) then
2253:       assert NO_WARNING
2254:           report "NUMERIC_STD."">="": null argument detected, returning FALSE"
2255:           severity WARNING;
2256:       return FALSE;
2257:     end if;
2258:     L01 := TO_01(XL, 'X');
2259:     R01 := TO_01(XR, 'X');
2260:     if ((L01(L01'LEFT)='X') or (R01(R01'LEFT)='X')) then
2261:       assert NO_WARNING
2262:           report "NUMERIC_STD."">="": metavalue detected, returning FALSE"
2263:           severity WARNING;
2264:       return FALSE;
2265:     end if;
2266:     return not UNSIGNED_LESS(RESIZE(L01, SIZE), RESIZE(R01, SIZE));
2267:   end ">=";
2268: 
2269:   -- Id: C.20
2270:   function ">=" (L, R: SIGNED) return BOOLEAN is
2271:     constant L_LEFT: INTEGER := L'LENGTH-1;
2272:     constant R_LEFT: INTEGER := R'LENGTH-1;
2273:     alias XL: SIGNED(L_LEFT downto 0) is L;
2274:     alias XR: SIGNED(R_LEFT downto 0) is R;
2275:     constant SIZE: NATURAL := MAX(L'LENGTH, R'LENGTH);
2276:     variable L01 : SIGNED(L_LEFT downto 0);
2277:     variable R01 : SIGNED(R_LEFT downto 0);
2278:   begin
2279:     if ((L'LENGTH < 1) or (R'LENGTH < 1)) then
2280:       assert NO_WARNING
2281:           report "NUMERIC_STD."">="": null argument detected, returning FALSE"
2282:           severity WARNING;
2283:       return FALSE;
2284:     end if;
2285:     L01 := TO_01(XL, 'X');
2286:     R01 := TO_01(XR, 'X');
2287:     if ((L01(L01'LEFT)='X') or (R01(R01'LEFT)='X')) then
2288:       assert NO_WARNING
2289:           report "NUMERIC_STD."">="": metavalue detected, returning FALSE"
2290:           severity WARNING;
2291:       return FALSE;
2292:     end if;
2293:     return not SIGNED_LESS(RESIZE(L01, SIZE), RESIZE(R01, SIZE));
2294:   end ">=";
2295: 
2296:   -- Id: C.21
2297:   function ">=" (L: NATURAL; R: UNSIGNED) return BOOLEAN is
2298:     constant R_LEFT: INTEGER := R'LENGTH-1;
2299:     alias XR: UNSIGNED(R_LEFT downto 0) is R;
2300:     variable R01 : UNSIGNED(R_LEFT downto 0);
2301:   begin
2302:     if (R'LENGTH < 1) then
2303:       assert NO_WARNING
2304:           report "NUMERIC_STD."">="": null argument detected, returning FALSE"
2305:           severity WARNING;
2306:       return FALSE;
2307:     end if;
2308:     R01 := TO_01(XR, 'X');
2309:     if (R01(R01'LEFT)='X') then
2310:       assert NO_WARNING
2311:           report "NUMERIC_STD."">="": metavalue detected, returning FALSE"
2312:           severity WARNING;
2313:       return FALSE;
2314:     end if;
2315:     if UNSIGNED_NUM_BITS(L) > R'LENGTH then return L > 0;
2316:     end if;
2317:     return not UNSIGNED_LESS(TO_UNSIGNED(L, R01'LENGTH), R01);
2318:   end ">=";
2319: 
2320:   -- Id: C.22
2321:   function ">=" (L: INTEGER; R: SIGNED) return BOOLEAN is
2322:     constant R_LEFT: INTEGER := R'LENGTH-1;
2323:     alias XR: SIGNED(R_LEFT downto 0) is R;
2324:     variable R01 : SIGNED(R_LEFT downto 0);
2325:   begin
2326:     if (R'LENGTH < 1) then
2327:       assert NO_WARNING
2328:           report "NUMERIC_STD."">="": null argument detected, returning FALSE"
2329:           severity WARNING;
2330:       return FALSE;
2331:     end if;
2332:     R01 := TO_01(XR, 'X');
2333:     if (R01(R01'LEFT)='X') then
2334:       assert NO_WARNING
2335:           report "NUMERIC_STD."">="": metavalue detected, returning FALSE"
2336:           severity WARNING;
2337:       return FALSE;
2338:     end if;
2339:     if SIGNED_NUM_BITS(L) > R'LENGTH then return L > 0;
2340:     end if;
2341:     return not SIGNED_LESS(TO_SIGNED(L, R01'LENGTH), R01);
2342:   end ">=";
2343: 
2344:   -- Id: C.23
2345:   function ">=" (L: UNSIGNED; R: NATURAL) return BOOLEAN is
2346:     constant L_LEFT: INTEGER := L'LENGTH-1;
2347:     alias XL: UNSIGNED(L_LEFT downto 0) is L;
2348:     variable L01 : UNSIGNED(L_LEFT downto 0);
2349:   begin
2350:     if (L'LENGTH < 1) then
2351:       assert NO_WARNING
2352:           report "NUMERIC_STD."">="": null argument detected, returning FALSE"
2353:           severity WARNING;
2354:       return FALSE;
2355:     end if;
2356:     L01 := TO_01(XL, 'X');
2357:     if (L01(L01'LEFT)='X') then
2358:       assert NO_WARNING
2359:           report "NUMERIC_STD."">="": metavalue detected, returning FALSE"
2360:           severity WARNING;
2361:       return FALSE;
2362:     end if;
2363:     if UNSIGNED_NUM_BITS(R) > L'LENGTH then return 0 > R;
2364:     end if;
2365:     return not UNSIGNED_LESS(L01, TO_UNSIGNED(R, L01'LENGTH));
2366:   end ">=";
2367: 
2368:   -- Id: C.24
2369:   function ">=" (L: SIGNED; R: INTEGER) return BOOLEAN is
2370:     constant L_LEFT: INTEGER := L'LENGTH-1;
2371:     alias XL: SIGNED(L_LEFT downto 0) is L;
2372:     variable L01 : SIGNED(L_LEFT downto 0);
2373:   begin
2374:     if (L'LENGTH < 1) then
2375:       assert NO_WARNING
2376:           report "NUMERIC_STD."">="": null argument detected, returning FALSE"
2377:           severity WARNING;
2378:       return FALSE;
2379:     end if;
2380:     L01 := TO_01(XL, 'X');
2381:     if (L01(L01'LEFT)='X') then
2382:       assert NO_WARNING
2383:           report "NUMERIC_STD."">="": metavalue detected, returning FALSE"
2384:           severity WARNING;
2385:       return FALSE;
2386:     end if;
2387:     if SIGNED_NUM_BITS(R) > L'LENGTH then return 0 > R;
2388:     end if;
2389:     return not SIGNED_LESS(L01, TO_SIGNED(R, L01'LENGTH));
2390:   end ">=";
2391: 
2392:   --============================================================================
2393: 
2394:   -- Id: C.25
2395:   function "=" (L, R: UNSIGNED) return BOOLEAN is
2396:     constant L_LEFT: INTEGER := L'LENGTH-1;
2397:     constant R_LEFT: INTEGER := R'LENGTH-1;
2398:     alias XL: UNSIGNED(L_LEFT downto 0) is L;
2399:     alias XR: UNSIGNED(R_LEFT downto 0) is R;
2400:     constant SIZE: NATURAL := MAX(L'LENGTH, R'LENGTH);
2401:     variable L01 : UNSIGNED(L_LEFT downto 0);
2402:     variable R01 : UNSIGNED(R_LEFT downto 0);
2403:   begin
2404:     if ((L'LENGTH < 1) or (R'LENGTH < 1)) then
2405:       assert NO_WARNING
2406:           report "NUMERIC_STD.""="": null argument detected, returning FALSE"
2407:           severity WARNING;
2408:       return FALSE;
2409:     end if;
2410:     L01 := TO_01(XL, 'X');
2411:     R01 := TO_01(XR, 'X');
2412:     if ((L01(L01'LEFT)='X') or (R01(R01'LEFT)='X')) then
2413:       assert NO_WARNING
2414:           report "NUMERIC_STD.""="": metavalue detected, returning FALSE"
2415:           severity WARNING;
2416:       return FALSE;
2417:     end if;
2418:     return UNSIGNED_EQUAL(RESIZE(L01, SIZE), RESIZE(R01, SIZE));
2419:   end "=";
2420: 
2421:   -- Id: C.26
2422:   function "=" (L, R: SIGNED) return BOOLEAN is
2423:     constant L_LEFT: INTEGER := L'LENGTH-1;
2424:     constant R_LEFT: INTEGER := R'LENGTH-1;
2425:     alias XL: SIGNED(L_LEFT downto 0) is L;
2426:     alias XR: SIGNED(R_LEFT downto 0) is R;
2427:     constant SIZE: NATURAL := MAX(L'LENGTH, R'LENGTH);
2428:     variable L01 : SIGNED(L_LEFT downto 0);
2429:     variable R01 : SIGNED(R_LEFT downto 0);
2430:   begin
2431:     if ((L'LENGTH < 1) or (R'LENGTH < 1)) then
2432:       assert NO_WARNING
2433:           report "NUMERIC_STD.""="": null argument detected, returning FALSE"
2434:           severity WARNING;
2435:       return FALSE;
2436:     end if;
2437:     L01 := TO_01(XL, 'X');
2438:     R01 := TO_01(XR, 'X');
2439:     if ((L01(L01'LEFT)='X') or (R01(R01'LEFT)='X')) then
2440:       assert NO_WARNING
2441:           report "NUMERIC_STD.""="": metavalue detected, returning FALSE"
2442:           severity WARNING;
2443:       return FALSE;
2444:     end if;
2445:     return SIGNED_EQUAL(RESIZE(L01, SIZE), RESIZE(R01, SIZE));
2446:   end "=";
2447: 
2448:   -- Id: C.27
2449:   function "=" (L: NATURAL; R: UNSIGNED) return BOOLEAN is
2450:     constant R_LEFT: INTEGER := R'LENGTH-1;
2451:     alias XR: UNSIGNED(R_LEFT downto 0) is R;
2452:     variable R01 : UNSIGNED(R_LEFT downto 0);
2453:   begin
2454:     if (R'LENGTH < 1) then
2455:       assert NO_WARNING
2456:           report "NUMERIC_STD.""="": null argument detected, returning FALSE"
2457:           severity WARNING;
2458:       return FALSE;
2459:     end if;
2460:     R01 := TO_01(XR, 'X');
2461:     if (R01(R01'LEFT)='X') then
2462:       assert NO_WARNING
2463:           report "NUMERIC_STD.""="": metavalue detected, returning FALSE"
2464:           severity WARNING;
2465:       return FALSE;
2466:     end if;
2467:     if UNSIGNED_NUM_BITS(L) > R'LENGTH then return FALSE;
2468:     end if;
2469:     return UNSIGNED_EQUAL(TO_UNSIGNED(L, R01'LENGTH), R01);
2470:   end "=";
2471: 
2472:   -- Id: C.28
2473:   function "=" (L: INTEGER; R: SIGNED) return BOOLEAN is
2474:     constant R_LEFT: INTEGER := R'LENGTH-1;
2475:     alias XR: SIGNED(R_LEFT downto 0) is R;
2476:     variable R01 : SIGNED(R_LEFT downto 0);
2477:   begin
2478:     if (R'LENGTH < 1) then
2479:       assert NO_WARNING
2480:           report "NUMERIC_STD.""="": null argument detected, returning FALSE"
2481:           severity WARNING;
2482:       return FALSE;
2483:     end if;
2484:     R01 := TO_01(XR, 'X');
2485:     if (R01(R01'LEFT)='X') then
2486:       assert NO_WARNING
2487:           report "NUMERIC_STD.""="": metavalue detected, returning FALSE"
2488:           severity WARNING;
2489:       return FALSE;
2490:     end if;
2491:     if SIGNED_NUM_BITS(L) > R'LENGTH then return FALSE;
2492:     end if;
2493:     return SIGNED_EQUAL(TO_SIGNED(L, R01'LENGTH), R01);
2494:   end "=";
2495: 
2496:   -- Id: C.29
2497:   function "=" (L: UNSIGNED; R: NATURAL) return BOOLEAN is
2498:     constant L_LEFT: INTEGER := L'LENGTH-1;
2499:     alias XL: UNSIGNED(L_LEFT downto 0) is L;
2500:     variable L01 : UNSIGNED(L_LEFT downto 0);
2501:   begin
2502:     if (L'LENGTH < 1) then
2503:       assert NO_WARNING
2504:           report "NUMERIC_STD.""="": null argument detected, returning FALSE"
2505:           severity WARNING;
2506:       return FALSE;
2507:     end if;
2508:     L01 := TO_01(XL, 'X');
2509:     if (L01(L01'LEFT)='X') then
2510:       assert NO_WARNING
2511:           report "NUMERIC_STD.""="": metavalue detected, returning FALSE"
2512:           severity WARNING;
2513:       return FALSE;
2514:     end if;
2515:     if UNSIGNED_NUM_BITS(R) > L'LENGTH then return FALSE;
2516:     end if;
2517:     return UNSIGNED_EQUAL(L01, TO_UNSIGNED(R, L01'LENGTH));
2518:   end "=";
2519: 
2520:   -- Id: C.30
2521:   function "=" (L: SIGNED; R: INTEGER) return BOOLEAN is
2522:     constant L_LEFT: INTEGER := L'LENGTH-1;
2523:     alias XL: SIGNED(L_LEFT downto 0) is L;
2524:     variable L01 : SIGNED(L_LEFT downto 0);
2525:   begin
2526:     if (L'LENGTH < 1) then
2527:       assert NO_WARNING
2528:           report "NUMERIC_STD.""="": null argument detected, returning FALSE"
2529:           severity WARNING;
2530:       return FALSE;
2531:     end if;
2532:     L01 := TO_01(XL, 'X');
2533:     if (L01(L01'LEFT)='X') then
2534:       assert NO_WARNING
2535:           report "NUMERIC_STD.""="": metavalue detected, returning FALSE"
2536:           severity WARNING;
2537:       return FALSE;
2538:     end if;
2539:     if SIGNED_NUM_BITS(R) > L'LENGTH then return FALSE;
2540:     end if;
2541:     return SIGNED_EQUAL(L01, TO_SIGNED(R, L01'LENGTH));
2542:   end "=";
2543: 
2544:   --============================================================================
2545: 
2546:   -- Id: C.31
2547:   function "/=" (L, R: UNSIGNED) return BOOLEAN is
2548:     constant L_LEFT: INTEGER := L'LENGTH-1;
2549:     constant R_LEFT: INTEGER := R'LENGTH-1;
2550:     alias XL: UNSIGNED(L_LEFT downto 0) is L;
2551:     alias XR: UNSIGNED(R_LEFT downto 0) is R;
2552:     constant SIZE: NATURAL := MAX(L'LENGTH, R'LENGTH);
2553:     variable L01 : UNSIGNED(L_LEFT downto 0);
2554:     variable R01 : UNSIGNED(R_LEFT downto 0);
2555:   begin
2556:     if ((L'LENGTH < 1) or (R'LENGTH < 1)) then
2557:       assert NO_WARNING
2558:           report "NUMERIC_STD.""/="": null argument detected, returning TRUE"
2559:           severity WARNING;
2560:       return TRUE;
2561:     end if;
2562:     L01 := TO_01(XL, 'X');
2563:     R01 := TO_01(XR, 'X');
2564:     if ((L01(L01'LEFT)='X') or (R01(R01'LEFT)='X')) then
2565:       assert NO_WARNING
2566:           report "NUMERIC_STD.""/="": metavalue detected, returning TRUE"
2567:           severity WARNING;
2568:       return TRUE;
2569:     end if;
2570:     return not(UNSIGNED_EQUAL(RESIZE(L01, SIZE), RESIZE(R01, SIZE)));
2571:   end "/=";
2572: 
2573:   -- Id: C.32
2574:   function "/=" (L, R: SIGNED) return BOOLEAN is
2575:     constant L_LEFT: INTEGER := L'LENGTH-1;
2576:     constant R_LEFT: INTEGER := R'LENGTH-1;
2577:     alias XL: SIGNED(L_LEFT downto 0) is L;
2578:     alias XR: SIGNED(R_LEFT downto 0) is R;
2579:     constant SIZE: NATURAL := MAX(L'LENGTH, R'LENGTH);
2580:     variable L01 : SIGNED(L_LEFT downto 0);
2581:     variable R01 : SIGNED(R_LEFT downto 0);
2582:   begin
2583:     if ((L'LENGTH < 1) or (R'LENGTH < 1)) then
2584:       assert NO_WARNING
2585:           report "NUMERIC_STD.""/="": null argument detected, returning TRUE"
2586:           severity WARNING;
2587:       return TRUE;
2588:     end if;
2589:     L01 := TO_01(XL, 'X');
2590:     R01 := TO_01(XR, 'X');
2591:     if ((L01(L01'LEFT)='X') or (R01(R01'LEFT)='X')) then
2592:       assert NO_WARNING
2593:           report "NUMERIC_STD.""/="": metavalue detected, returning TRUE"
2594:           severity WARNING;
2595:       return TRUE;
2596:     end if;
2597:     return not(SIGNED_EQUAL(RESIZE(L01, SIZE), RESIZE(R01, SIZE)));
2598:   end "/=";
2599: 
2600:   -- Id: C.33
2601:   function "/=" (L: NATURAL; R: UNSIGNED) return BOOLEAN is
2602:     constant R_LEFT: INTEGER := R'LENGTH-1;
2603:     alias XR: UNSIGNED(R_LEFT downto 0) is R;
2604:     variable R01 : UNSIGNED(R_LEFT downto 0);
2605:   begin
2606:     if (R'LENGTH < 1) then
2607:       assert NO_WARNING
2608:           report "NUMERIC_STD.""/="": null argument detected, returning TRUE"
2609:           severity WARNING;
2610:       return TRUE;
2611:     end if;
2612:     R01 := TO_01(XR, 'X');
2613:     if (R01(R01'LEFT)='X') then
2614:       assert NO_WARNING
2615:           report "NUMERIC_STD.""/="": metavalue detected, returning TRUE"
2616:           severity WARNING;
2617:       return TRUE;
2618:     end if;
2619:     if UNSIGNED_NUM_BITS(L) > R'LENGTH then return TRUE;
2620:     end if;
2621:     return not(UNSIGNED_EQUAL(TO_UNSIGNED(L, R01'LENGTH), R01));
2622:   end "/=";
2623: 
2624:   -- Id: C.34
2625:   function "/=" (L: INTEGER; R: SIGNED) return BOOLEAN is
2626:     constant R_LEFT: INTEGER := R'LENGTH-1;
2627:     alias XR: SIGNED(R_LEFT downto 0) is R;
2628:     variable R01 : SIGNED(R_LEFT downto 0);
2629:   begin
2630:     if (R'LENGTH < 1) then
2631:       assert NO_WARNING
2632:           report "NUMERIC_STD.""/="": null argument detected, returning TRUE"
2633:           severity WARNING;
2634:       return TRUE;
2635:     end if;
2636:     R01 := TO_01(XR, 'X');
2637:     if (R01(R01'LEFT)='X') then
2638:       assert NO_WARNING
2639:           report "NUMERIC_STD.""/="": metavalue detected, returning TRUE"
2640:           severity WARNING;
2641:       return TRUE;
2642:     end if;
2643:     if SIGNED_NUM_BITS(L) > R'LENGTH then return TRUE;
2644:     end if;
2645:     return not(SIGNED_EQUAL(TO_SIGNED(L, R01'LENGTH), R01));
2646:   end "/=";
2647: 
2648:   -- Id: C.35
2649:   function "/=" (L: UNSIGNED; R: NATURAL) return BOOLEAN is
2650:     constant L_LEFT: INTEGER := L'LENGTH-1;
2651:     alias XL: UNSIGNED(L_LEFT downto 0) is L;
2652:     variable L01 : UNSIGNED(L_LEFT downto 0);
2653:   begin
2654:     if (L'LENGTH < 1) then
2655:       assert NO_WARNING
2656:           report "NUMERIC_STD.""/="": null argument detected, returning TRUE"
2657:           severity WARNING;
2658:       return TRUE;
2659:     end if;
2660:     L01 := TO_01(XL, 'X');
2661:     if (L01(L01'LEFT)='X') then
2662:       assert NO_WARNING
2663:           report "NUMERIC_STD.""/="": metavalue detected, returning TRUE"
2664:           severity WARNING;
2665:       return TRUE;
2666:     end if;
2667:     if UNSIGNED_NUM_BITS(R) > L'LENGTH then return TRUE;
2668:     end if;
2669:     return not(UNSIGNED_EQUAL(L01, TO_UNSIGNED(R, L01'LENGTH)));
2670:   end "/=";
2671: 
2672:   -- Id: C.36
2673:   function "/=" (L: SIGNED; R: INTEGER) return BOOLEAN is
2674:     constant L_LEFT: INTEGER := L'LENGTH-1;
2675:     alias XL: SIGNED(L_LEFT downto 0) is L;
2676:     variable L01 : SIGNED(L_LEFT downto 0);
2677:   begin
2678:     if (L'LENGTH < 1) then
2679:       assert NO_WARNING
2680:           report "NUMERIC_STD.""/="": null argument detected, returning TRUE"
2681:           severity WARNING;
2682:       return TRUE;
2683:     end if;
2684:     L01 := TO_01(XL, 'X');
2685:     if (L01(L01'LEFT)='X') then
2686:       assert NO_WARNING
2687:           report "NUMERIC_STD.""/="": metavalue detected, returning TRUE"
2688:           severity WARNING;
2689:       return TRUE;
2690:     end if;
2691:     if SIGNED_NUM_BITS(R) > L'LENGTH then return TRUE;
2692:     end if;
2693:     return not(SIGNED_EQUAL(L01, TO_SIGNED(R, L01'LENGTH)));
2694:   end "/=";
2695: 
2696:   --============================================================================
2697: 
2698:   -- Id: S.1
2699:   function SHIFT_LEFT (ARG: UNSIGNED; COUNT: NATURAL) return UNSIGNED is
2700:   begin
2701:     if (ARG'LENGTH < 1) then return NAU;
2702:     end if;
2703:     return UNSIGNED(XSLL(STD_LOGIC_VECTOR(ARG), COUNT));
2704:   end SHIFT_LEFT;
2705: 
2706:   -- Id: S.2
2707:   function SHIFT_RIGHT (ARG: UNSIGNED; COUNT: NATURAL) return UNSIGNED is
2708:   begin
2709:     if (ARG'LENGTH < 1) then return NAU;
2710:     end if;
2711:     return UNSIGNED(XSRL(STD_LOGIC_VECTOR(ARG), COUNT));
2712:   end SHIFT_RIGHT;
2713: 
2714:   -- Id: S.3
2715:   function SHIFT_LEFT (ARG: SIGNED; COUNT: NATURAL) return SIGNED is
2716:   begin
2717:     if (ARG'LENGTH < 1) then return NAS;
2718:     end if;
2719:     return SIGNED(XSLL(STD_LOGIC_VECTOR(ARG), COUNT));
2720:   end SHIFT_LEFT;
2721: 
2722:   -- Id: S.4
2723:   function SHIFT_RIGHT (ARG: SIGNED; COUNT: NATURAL) return SIGNED is
2724:   begin
2725:     if (ARG'LENGTH < 1) then return NAS;
2726:     end if;
2727:     return SIGNED(XSRA(STD_LOGIC_VECTOR(ARG), COUNT));
2728:   end SHIFT_RIGHT;
2729: 
2730:   --============================================================================
2731: 
2732:   -- Id: S.5
2733:   function ROTATE_LEFT (ARG: UNSIGNED; COUNT: NATURAL) return UNSIGNED is
2734:   begin
2735:     if (ARG'LENGTH < 1) then return NAU;
2736:     end if;
2737:     return UNSIGNED(XROL(STD_LOGIC_VECTOR(ARG), COUNT));
2738:   end ROTATE_LEFT;
2739: 
2740:   -- Id: S.6
2741:   function ROTATE_RIGHT (ARG: UNSIGNED; COUNT: NATURAL) return UNSIGNED is
2742:   begin
2743:     if (ARG'LENGTH < 1) then return NAU;
2744:     end if;
2745:     return UNSIGNED(XROR(STD_LOGIC_VECTOR(ARG), COUNT));
2746:   end ROTATE_RIGHT;
2747: 
2748: 
2749:   -- Id: S.7
2750:   function ROTATE_LEFT (ARG: SIGNED; COUNT: NATURAL) return SIGNED is
2751:   begin
2752:     if (ARG'LENGTH < 1) then return NAS;
2753:     end if;
2754:     return SIGNED(XROL(STD_LOGIC_VECTOR(ARG), COUNT));
2755:   end ROTATE_LEFT;
2756: 
2757:   -- Id: S.8
2758:   function ROTATE_RIGHT (ARG: SIGNED; COUNT: NATURAL) return SIGNED is
2759:   begin
2760:     if (ARG'LENGTH < 1) then return NAS;
2761:     end if;
2762:     return SIGNED(XROR(STD_LOGIC_VECTOR(ARG), COUNT));
2763:   end ROTATE_RIGHT;
2764: 
2765:   --============================================================================
2766: 
2767:   ------------------------------------------------------------------------------
2768:   -- Note : Function S.9 is not compatible with VHDL 1076-1987. Comment
2769:   -- out the function (declaration and body) for VHDL 1076-1987 compatibility.
2770:   ------------------------------------------------------------------------------
2771:   -- Id: S.9
2772:   function "sll" (ARG: UNSIGNED; COUNT: INTEGER) return UNSIGNED is
2773:   begin
2774:     if (COUNT >= 0) then
2775:       return SHIFT_LEFT(ARG, COUNT);
2776:     else
2777:       return SHIFT_RIGHT(ARG, -COUNT);
2778:     end if;
2779:   end "sll";
2780: 
2781:   ------------------------------------------------------------------------------
2782:   --   Note : Function S.10 is not compatible with VHDL 1076-1987. Comment
2783:   --   out the function (declaration and body) for VHDL 1076-1987 compatibility.
2784:   ------------------------------------------------------------------------------
2785:   -- Id: S.10
2786:   function "sll" (ARG: SIGNED; COUNT: INTEGER) return SIGNED is
2787:   begin
2788:     if (COUNT >= 0) then
2789:       return SHIFT_LEFT(ARG, COUNT);
2790:     else
2791:       return SIGNED(SHIFT_RIGHT(UNSIGNED(ARG), -COUNT));
2792:     end if;
2793:   end "sll";
2794: 
2795:   ------------------------------------------------------------------------------
2796:   --   Note : Function S.11 is not compatible with VHDL 1076-1987. Comment
2797:   --   out the function (declaration and body) for VHDL 1076-1987 compatibility.
2798:   ------------------------------------------------------------------------------
2799:   -- Id: S.11
2800:   function "srl" (ARG: UNSIGNED; COUNT: INTEGER) return UNSIGNED is
2801:   begin
2802:     if (COUNT >= 0) then
2803:       return SHIFT_RIGHT(ARG, COUNT);
2804:     else
2805:       return SHIFT_LEFT(ARG, -COUNT);
2806:     end if;
2807:   end "srl";
2808: 
2809:   ------------------------------------------------------------------------------
2810:   --   Note : Function S.12 is not compatible with VHDL 1076-1987. Comment
2811:   -- out the function (declaration and body) for VHDL 1076-1987 compatibility.
2812:   ------------------------------------------------------------------------------
2813:   -- Id: S.12
2814:   function "srl" (ARG: SIGNED; COUNT: INTEGER) return SIGNED is
2815:   begin
2816:     if (COUNT >= 0) then
2817:       return SIGNED(SHIFT_RIGHT(UNSIGNED(ARG), COUNT));
2818:     else
2819:       return SHIFT_LEFT(ARG, -COUNT);
2820:     end if;
2821:   end "srl";
2822: 
2823:   ------------------------------------------------------------------------------
2824:   -- Note : Function S.13 is not compatible with VHDL 1076-1987. Comment
2825:   --   out the function (declaration and body) for VHDL 1076-1987 compatibility.
2826:   ------------------------------------------------------------------------------
2827:   -- Id: S.13
2828:   function "rol" (ARG: UNSIGNED; COUNT: INTEGER) return UNSIGNED is
2829:   begin
2830:     if (COUNT >= 0) then
2831:       return ROTATE_LEFT(ARG, COUNT);
2832:     else
2833:       return ROTATE_RIGHT(ARG, -COUNT);
2834:     end if;
2835:   end "rol";
2836: 
2837:   ------------------------------------------------------------------------------
2838:   --   Note : Function S.14 is not compatible with VHDL 1076-1987. Comment
2839:   -- out the function (declaration and body) for VHDL 1076-1987 compatibility.
2840:   ------------------------------------------------------------------------------
2841:   -- Id: S.14
2842:   function "rol" (ARG: SIGNED; COUNT: INTEGER) return SIGNED is
2843:   begin
2844:     if (COUNT >= 0) then
2845:       return ROTATE_LEFT(ARG, COUNT);
2846:     else
2847:       return ROTATE_RIGHT(ARG, -COUNT);
2848:     end if;
2849:   end "rol";
2850: 
2851:   ------------------------------------------------------------------------------
2852:   --   Note : Function S.15 is not compatible with VHDL 1076-1987. Comment
2853:   -- out the function (declaration and body) for VHDL 1076-1987 compatibility.
2854:   ------------------------------------------------------------------------------
2855:   -- Id: S.15
2856:   function "ror" (ARG: UNSIGNED; COUNT: INTEGER) return UNSIGNED is
2857:   begin
2858:     if (COUNT >= 0) then
2859:       return ROTATE_RIGHT(ARG, COUNT);
2860:     else
2861:       return ROTATE_LEFT(ARG, -COUNT);
2862:     end if;
2863:   end "ror";
2864: 
2865:   ------------------------------------------------------------------------------
2866:   -- Note : Function S.16 is not compatible with VHDL 1076-1987. Comment
2867:   -- out the function (declaration and body) for VHDL 1076-1987 compatibility.
2868:   ------------------------------------------------------------------------------
2869:   -- Id: S.16
2870:   function "ror" (ARG: SIGNED; COUNT: INTEGER) return SIGNED is
2871:   begin
2872:     if (COUNT >= 0) then
2873:       return ROTATE_RIGHT(ARG, COUNT);
2874:     else
2875:       return ROTATE_LEFT(ARG, -COUNT);
2876:     end if;
2877:   end "ror";
2878: 
2879:   --============================================================================
2880: 
2881:   -- Id: D.1
2882:   function TO_INTEGER (ARG: UNSIGNED) return NATURAL is
2883:     constant ARG_LEFT: INTEGER := ARG'LENGTH-1;
2884:     alias XXARG: UNSIGNED(ARG_LEFT downto 0) is ARG;
2885:     variable XARG: UNSIGNED(ARG_LEFT downto 0);
2886:     variable RESULT: NATURAL := 0;
2887:   begin
2888:     if (ARG'LENGTH < 1) then
2889:       assert NO_WARNING
2890:           report "NUMERIC_STD.TO_INTEGER: null detected, returning 0"
2891:           severity WARNING;
2892:       return 0;
2893:     end if;
2894:     XARG := TO_01(XXARG, 'X');
2895:     if (XARG(XARG'LEFT)='X') then
2896:       assert NO_WARNING
2897:           report "NUMERIC_STD.TO_INTEGER: metavalue detected, returning 0"
2898:           severity WARNING;
2899:       return 0;
2900:     end if;
2901:     for I in XARG'RANGE loop
2902:       RESULT := RESULT+RESULT;
2903:       if XARG(I) = '1' then
2904:         RESULT := RESULT + 1;
2905:       end if;
2906:     end loop;
2907:     return RESULT;
2908:   end TO_INTEGER;
2909: 
2910:   -- Id: D.2
2911:   function TO_INTEGER (ARG: SIGNED) return INTEGER is
2912:     variable XARG: SIGNED(ARG'LENGTH-1 downto 0);
2913:   begin
2914:     if (ARG'LENGTH < 1) then
2915:       assert NO_WARNING
2916:           report "NUMERIC_STD.TO_INTEGER: null detected, returning 0"
2917:           severity WARNING;
2918:       return 0;
2919:     end if;
2920:     XARG := TO_01(ARG, 'X');
2921:     if (XARG(XARG'LEFT)='X') then
2922:       assert NO_WARNING
2923:           report "NUMERIC_STD.TO_INTEGER: metavalue detected, returning 0"
2924:           severity WARNING;
2925:       return 0;
2926:     end if;
2927:     if XARG(XARG'LEFT) = '0' then
2928:       return TO_INTEGER(UNSIGNED(XARG));
2929:     else
2930:       return (- (TO_INTEGER(UNSIGNED(- (XARG + 1)))) -1);
2931:     end if;
2932:   end TO_INTEGER;
2933: 
2934:   -- Id: D.3
2935:   function TO_UNSIGNED (ARG, SIZE: NATURAL) return UNSIGNED is
2936:     variable RESULT: UNSIGNED(SIZE-1 downto 0);
2937:     variable I_VAL: NATURAL := ARG;
2938:   begin
2939:     if (SIZE < 1) then return NAU;
2940:     end if;
2941:     for I in 0 to RESULT'LEFT loop
2942:       if (I_VAL mod 2) = 0 then
2943:         RESULT(I) := '0';
2944:       else RESULT(I) := '1';
2945:       end if;
2946:       I_VAL := I_VAL/2;
2947:     end loop;
2948:     if not(I_VAL =0) then
2949:       assert NO_WARNING
2950:           report "NUMERIC_STD.TO_UNSIGNED: vector truncated"
2951:           severity WARNING;
2952:     end if;
2953:     return RESULT;
2954:   end TO_UNSIGNED;
2955: 
2956:   -- Id: D.4
2957:   function TO_SIGNED (ARG: INTEGER; SIZE: NATURAL) return SIGNED is
2958:     variable RESULT: SIGNED(SIZE-1 downto 0);
2959:     variable B_VAL: STD_LOGIC := '0';
2960:     variable I_VAL: INTEGER := ARG;
2961:   begin
2962:     if (SIZE < 1) then return NAS;
2963:     end if;
2964:     if (ARG < 0) then
2965:       B_VAL := '1';
2966:       I_VAL := -(ARG+1);
2967:     end if;
2968:     for I in 0 to RESULT'LEFT loop
2969:       if (I_VAL mod 2) = 0 then
2970:         RESULT(I) := B_VAL;
2971:       else
2972:         RESULT(I) := not B_VAL;
2973:       end if;
2974:       I_VAL := I_VAL/2;
2975:     end loop;
2976:     if ((I_VAL/=0) or (B_VAL/=RESULT(RESULT'LEFT))) then
2977:       assert NO_WARNING
2978:           report "NUMERIC_STD.TO_SIGNED: vector truncated"
2979:           severity WARNING;
2980:     end if;
2981:     return RESULT;
2982:   end TO_SIGNED;
2983: 
2984:   --============================================================================
2985: 
2986:   -- Id: R.1
2987:   function RESIZE (ARG: SIGNED; NEW_SIZE: NATURAL) return SIGNED is
2988:     alias INVEC: SIGNED(ARG'LENGTH-1 downto 0) is ARG;
2989:     variable RESULT: SIGNED(NEW_SIZE-1 downto 0) := (others => '0');
2990:     constant BOUND: INTEGER := MIN(ARG'LENGTH, RESULT'LENGTH)-2;
2991:   begin
2992:     if (NEW_SIZE < 1) then return NAS;
2993:     end if;
2994:     if (ARG'LENGTH = 0) then return RESULT;
2995:     end if;
2996:     RESULT := (others => ARG(ARG'LEFT));
2997:     if BOUND >= 0 then
2998:       RESULT(BOUND downto 0) := INVEC(BOUND downto 0);
2999:     end if;
3000:     return RESULT;
3001:   end RESIZE;
3002: 
3003:   -- Id: R.2
3004:   function RESIZE (ARG: UNSIGNED; NEW_SIZE: NATURAL) return UNSIGNED is
3005:     constant ARG_LEFT: INTEGER := ARG'LENGTH-1;
3006:     alias XARG: UNSIGNED(ARG_LEFT downto 0) is ARG;
3007:     variable RESULT: UNSIGNED(NEW_SIZE-1 downto 0) := (others => '0');
3008:   begin
3009:     if (NEW_SIZE < 1) then return NAU;
3010:     end if;
3011:     if XARG'LENGTH =0 then return RESULT;
3012:     end if;
3013:     if (RESULT'LENGTH < ARG'LENGTH) then
3014:       RESULT(RESULT'LEFT downto 0) := XARG(RESULT'LEFT downto 0);
3015:     else
3016:       RESULT(RESULT'LEFT downto XARG'LEFT+1) := (others => '0');
3017:       RESULT(XARG'LEFT downto 0) := XARG;
3018:     end if;
3019:     return RESULT;
3020:   end RESIZE;
3021: 
3022:   --============================================================================
3023: 
3024:   -- Id: L.1
3025:   function "not" (L: UNSIGNED) return UNSIGNED is
3026:     variable RESULT: UNSIGNED(L'LENGTH-1 downto 0);
3027:   begin
3028:     RESULT := UNSIGNED(not(STD_LOGIC_VECTOR(L)));
3029:     return RESULT;
3030:   end "not";
3031: 
3032:   -- Id: L.2
3033:   function "and" (L, R: UNSIGNED) return UNSIGNED is
3034:     variable RESULT: UNSIGNED(L'LENGTH-1 downto 0);
3035:   begin
3036:     RESULT := UNSIGNED(STD_LOGIC_VECTOR(L) and STD_LOGIC_VECTOR(R));
3037:     return RESULT;
3038:   end "and";
3039: 
3040:   -- Id: L.3
3041:   function "or" (L, R: UNSIGNED) return UNSIGNED is
3042:     variable RESULT: UNSIGNED(L'LENGTH-1 downto 0);
3043:   begin
3044:     RESULT := UNSIGNED(STD_LOGIC_VECTOR(L) or STD_LOGIC_VECTOR(R));
3045:     return RESULT;
3046:   end "or";
3047: 
3048:   -- Id: L.4
3049:   function "nand" (L, R: UNSIGNED) return UNSIGNED is
3050:     variable RESULT: UNSIGNED(L'LENGTH-1 downto 0);
3051:   begin
3052:     RESULT := UNSIGNED(STD_LOGIC_VECTOR(L) nand STD_LOGIC_VECTOR(R));
3053:     return RESULT;
3054:   end "nand";
3055: 
3056:   -- Id: L.5
3057:   function "nor" (L, R: UNSIGNED) return UNSIGNED is
3058:     variable RESULT: UNSIGNED(L'LENGTH-1 downto 0);
3059:   begin
3060:     RESULT := UNSIGNED(STD_LOGIC_VECTOR(L) nor STD_LOGIC_VECTOR(R));
3061:     return RESULT;
3062:   end "nor";
3063: 
3064:   -- Id: L.6
3065:   function "xor" (L, R: UNSIGNED) return UNSIGNED is
3066:     variable RESULT: UNSIGNED(L'LENGTH-1 downto 0);
3067:   begin
3068:     RESULT := UNSIGNED(STD_LOGIC_VECTOR(L) xor STD_LOGIC_VECTOR(R));
3069:     return RESULT;
3070:   end "xor";
3071: 
3072:   ------------------------------------------------------------------------------
3073:   -- Note : Function L.7 is not compatible with VHDL 1076-1987. Comment
3074:   -- out the function (declaration and body) for VHDL 1076-1987 compatibility.
3075:   ------------------------------------------------------------------------------
3076:   -- Id: L.7
3077:    function "xnor" (L, R: UNSIGNED) return UNSIGNED is
3078:      variable RESULT: UNSIGNED(L'LENGTH-1 downto 0);
3079:    begin
3080:      RESULT := UNSIGNED(STD_LOGIC_VECTOR(L) xnor STD_LOGIC_VECTOR(R));
3081:      return RESULT;
3082:    end "xnor";
3083: 
3084:   -- Id: L.8
3085:   function "not" (L: SIGNED) return SIGNED is
3086:     variable RESULT: SIGNED(L'LENGTH-1 downto 0);
3087:   begin
3088:     RESULT := SIGNED(not(STD_LOGIC_VECTOR(L)));
3089:     return RESULT;
3090:   end "not";
3091: 
3092:   -- Id: L.9
3093:   function "and" (L, R: SIGNED) return SIGNED is
3094:     variable RESULT: SIGNED(L'LENGTH-1 downto 0);
3095:   begin
3096:     RESULT := SIGNED(STD_LOGIC_VECTOR(L) and STD_LOGIC_VECTOR(R));
3097:     return RESULT;
3098:   end "and";
3099: 
3100:   -- Id: L.10
3101:   function "or" (L, R: SIGNED) return SIGNED is
3102:     variable RESULT: SIGNED(L'LENGTH-1 downto 0);
3103:   begin
3104:     RESULT := SIGNED(STD_LOGIC_VECTOR(L) or STD_LOGIC_VECTOR(R));
3105:     return RESULT;
3106:   end "or";
3107: 
3108:   -- Id: L.11
3109:   function "nand" (L, R: SIGNED) return SIGNED is
3110:     variable RESULT: SIGNED(L'LENGTH-1 downto 0);
3111:   begin
3112:     RESULT := SIGNED(STD_LOGIC_VECTOR(L) nand STD_LOGIC_VECTOR(R));
3113:     return RESULT;
3114:   end "nand";
3115: 
3116:   -- Id: L.12
3117:   function "nor" (L, R: SIGNED) return SIGNED is
3118:     variable RESULT: SIGNED(L'LENGTH-1 downto 0);
3119:   begin
3120:     RESULT := SIGNED(STD_LOGIC_VECTOR(L) nor STD_LOGIC_VECTOR(R));
3121:     return RESULT;
3122:   end "nor";
3123: 
3124:   -- Id: L.13
3125:   function "xor" (L, R: SIGNED) return SIGNED is
3126:     variable RESULT: SIGNED(L'LENGTH-1 downto 0);
3127:   begin
3128:     RESULT := SIGNED(STD_LOGIC_VECTOR(L) xor STD_LOGIC_VECTOR(R));
3129:     return RESULT;
3130:   end "xor";
3131: 
3132:   ------------------------------------------------------------------------------
3133:   -- Note : Function L.14 is not compatible with VHDL 1076-1987. Comment
3134:   --   out the function (declaration and body) for VHDL 1076-1987 compatibility.
3135:   ------------------------------------------------------------------------------
3136:   -- Id: L.14
3137:    function "xnor" (L, R: SIGNED) return SIGNED is
3138:      variable RESULT: SIGNED(L'LENGTH-1 downto 0);
3139:    begin
3140:      RESULT := SIGNED(STD_LOGIC_VECTOR(L) xnor STD_LOGIC_VECTOR(R));
3141:      return RESULT;
3142:    end "xnor";
3143: 
3144:   --============================================================================
3145: 
3146:   -- support constants for STD_MATCH:
3147: 
3148:   type BOOLEAN_TABLE is array(STD_ULOGIC, STD_ULOGIC) of BOOLEAN;
3149: 
3150:   constant MATCH_TABLE: BOOLEAN_TABLE := (
3151:       --------------------------------------------------------------------------
3152:       -- U      X      0      1      Z      W      L      H      -
3153:       --------------------------------------------------------------------------
3154:       (FALSE, FALSE, FALSE, FALSE, FALSE, FALSE, FALSE, FALSE,  TRUE), -- | U |
3155:       (FALSE, FALSE, FALSE, FALSE, FALSE, FALSE, FALSE, FALSE,  TRUE), -- | X |
3156:       (FALSE, FALSE,  TRUE, FALSE, FALSE, FALSE,  TRUE, FALSE,  TRUE), -- | 0 |
3157:       (FALSE, FALSE, FALSE,  TRUE, FALSE, FALSE, FALSE,  TRUE,  TRUE), -- | 1 |
3158:       (FALSE, FALSE, FALSE, FALSE, FALSE, FALSE, FALSE, FALSE,  TRUE), -- | Z |
3159:       (FALSE, FALSE, FALSE, FALSE, FALSE, FALSE, FALSE, FALSE,  TRUE), -- | W |
3160:       (FALSE, FALSE,  TRUE, FALSE, FALSE, FALSE,  TRUE, FALSE,  TRUE), -- | L |
3161:       (FALSE, FALSE, FALSE,  TRUE, FALSE, FALSE, FALSE,  TRUE,  TRUE), -- | H |
3162:       ( TRUE,  TRUE,  TRUE,  TRUE,  TRUE,  TRUE,  TRUE,  TRUE,  TRUE)  -- | - |
3163:       );
3164: 
3165:   -- Id: M.1
3166:   function STD_MATCH (L, R: STD_ULOGIC) return BOOLEAN is
3167:     variable VALUE: STD_ULOGIC;
3168:   begin
3169:     return MATCH_TABLE(L, R);
3170:   end STD_MATCH;
3171: 
3172:   -- Id: M.2
3173:   function STD_MATCH (L, R: UNSIGNED) return BOOLEAN is
3174:     alias LV: UNSIGNED(1 to L'LENGTH) is L;
3175:     alias RV: UNSIGNED(1 to R'LENGTH) is R;
3176:   begin
3177:     if ((L'LENGTH < 1) or (R'LENGTH < 1)) then
3178:       assert NO_WARNING
3179:           report "NUMERIC_STD.STD_MATCH: null detected, returning FALSE"
3180:           severity WARNING;
3181:       return FALSE;
3182:     end if;
3183:     if LV'LENGTH /= RV'LENGTH then
3184:       assert NO_WARNING
3185:           report "NUMERIC_STD.STD_MATCH: L'LENGTH /= R'LENGTH, returning FALSE"
3186:           severity WARNING;
3187:       return FALSE;
3188:     else
3189:       for I in LV'LOW to LV'HIGH loop
3190:         if not (MATCH_TABLE(LV(I), RV(I))) then
3191:           return FALSE;
3192:         end if;
3193:       end loop;
3194:       return TRUE;
3195:     end if;
3196:   end STD_MATCH;
3197: 
3198:   -- Id: M.3
3199:   function STD_MATCH (L, R: SIGNED) return BOOLEAN is
3200:     alias LV: SIGNED(1 to L'LENGTH) is L;
3201:     alias RV: SIGNED(1 to R'LENGTH) is R;
3202:   begin
3203:     if ((L'LENGTH < 1) or (R'LENGTH < 1)) then
3204:       assert NO_WARNING
3205:           report "NUMERIC_STD.STD_MATCH: null detected, returning FALSE"
3206:           severity WARNING;
3207:       return FALSE;
3208:     end if;
3209:     if LV'LENGTH /= RV'LENGTH then
3210:       assert NO_WARNING
3211:           report "NUMERIC_STD.STD_MATCH: L'LENGTH /= R'LENGTH, returning FALSE"
3212:           severity WARNING;
3213:       return FALSE;
3214:     else
3215:       for I in LV'LOW to LV'HIGH loop
3216:         if not (MATCH_TABLE(LV(I), RV(I))) then
3217:           return FALSE;
3218:         end if;
3219:       end loop;
3220:       return TRUE;
3221:     end if;
3222:   end STD_MATCH;
3223: 
3224:   -- Id: M.4
3225:   function STD_MATCH (L, R: STD_LOGIC_VECTOR) return BOOLEAN is
3226:     alias LV: STD_LOGIC_VECTOR(1 to L'LENGTH) is L;
3227:     alias RV: STD_LOGIC_VECTOR(1 to R'LENGTH) is R;
3228:   begin
3229:     if ((L'LENGTH < 1) or (R'LENGTH < 1)) then
3230:       assert NO_WARNING
3231:           report "NUMERIC_STD.STD_MATCH: null detected, returning FALSE"
3232:           severity WARNING;
3233:       return FALSE;
3234:     end if;
3235:     if LV'LENGTH /= RV'LENGTH then
3236:       assert NO_WARNING
3237:           report "NUMERIC_STD.STD_MATCH: L'LENGTH /= R'LENGTH, returning FALSE"
3238:           severity WARNING;
3239:       return FALSE;
3240:     else
3241:       for I in LV'LOW to LV'HIGH loop
3242:         if not (MATCH_TABLE(LV(I), RV(I))) then
3243:           return FALSE;
3244:         end if;
3245:       end loop;
3246:       return TRUE;
3247:     end if;
3248:   end STD_MATCH;
3249: 
3250:   -- Id: M.5
3251:   function STD_MATCH (L, R: STD_ULOGIC_VECTOR) return BOOLEAN is
3252:     alias LV: STD_ULOGIC_VECTOR(1 to L'LENGTH) is L;
3253:     alias RV: STD_ULOGIC_VECTOR(1 to R'LENGTH) is R;
3254:   begin
3255:     if ((L'LENGTH < 1) or (R'LENGTH < 1)) then
3256:       assert NO_WARNING
3257:           report "NUMERIC_STD.STD_MATCH: null detected, returning FALSE"
3258:           severity WARNING;
3259:       return FALSE;
3260:     end if;
3261:     if LV'LENGTH /= RV'LENGTH then
3262:       assert NO_WARNING
3263:           report "NUMERIC_STD.STD_MATCH: L'LENGTH /= R'LENGTH, returning FALSE"
3264:           severity WARNING;
3265:       return FALSE;
3266:     else
3267:       for I in LV'LOW to LV'HIGH loop
3268:         if not (MATCH_TABLE(LV(I), RV(I))) then
3269:           return FALSE;
3270:         end if;
3271:       end loop;
3272:       return TRUE;
3273:     end if;
3274:   end STD_MATCH;
3275: 
3276:   --============================================================================
3277: 
3278:   -- function TO_01 is used to convert vectors to the
3279:   --          correct form for exported functions,
3280:   --          and to report if there is an element which
3281:   --          is not in (0, 1, H, L).
3282: 
3283:   -- Id: T.1
3284:   function TO_01 (S: UNSIGNED; XMAP: STD_LOGIC := '0') return UNSIGNED is
3285:     variable RESULT: UNSIGNED(S'LENGTH-1 downto 0);
3286:     variable BAD_ELEMENT: BOOLEAN := FALSE;
3287:     alias XS: UNSIGNED(S'LENGTH-1 downto 0) is S;
3288:   begin
3289:     if (S'LENGTH < 1) then
3290:       assert NO_WARNING
3291:           report "NUMERIC_STD.TO_01: null detected, returning NAU"
3292:           severity WARNING;
3293:       return NAU;
3294:     end if;
3295:     for I in RESULT'RANGE loop
3296:       case XS(I) is
3297:         when '0' | 'L' => RESULT(I) := '0';
3298:         when '1' | 'H' => RESULT(I) := '1';
3299:         when others => BAD_ELEMENT := TRUE;
3300:       end case;
3301:     end loop;
3302:     if BAD_ELEMENT then
3303:       for I in RESULT'RANGE loop
3304:         RESULT(I) := XMAP; -- standard fixup
3305:       end loop;
3306:     end if;
3307:     return RESULT;
3308:   end TO_01;
3309: 
3310:   -- Id: T.2
3311:   function TO_01 (S: SIGNED; XMAP: STD_LOGIC := '0') return SIGNED is
3312:     variable RESULT: SIGNED(S'LENGTH-1 downto 0);
3313:     variable BAD_ELEMENT: BOOLEAN := FALSE;
3314:     alias XS: SIGNED(S'LENGTH-1 downto 0) is S;
3315:   begin
3316:     if (S'LENGTH < 1) then
3317:       assert NO_WARNING
3318:           report "NUMERIC_STD.TO_01: null detected, returning NAS"
3319:           severity WARNING;
3320:       return NAS;
3321:     end if;
3322:     for I in RESULT'RANGE loop
3323:       case XS(I) is
3324:         when '0' | 'L' => RESULT(I) := '0';
3325:         when '1' | 'H' => RESULT(I) := '1';
3326:         when others => BAD_ELEMENT := TRUE;
3327:       end case;
3328:     end loop;
3329:     if BAD_ELEMENT then
3330:       for I in RESULT'RANGE loop
3331:         RESULT(I) := XMAP; -- standard fixup
3332:       end loop;
3333:     end if;
3334:     return RESULT;
3335:   end TO_01;
3336: 
3337:   --============================================================================
3338: 
3339: end NUMERIC_STD;

CHILD_SCOPES(@IEEE.NUMERIC_BIT)= 819: package body NUMERIC_BIT is
 820: 
 821:   -- null range array constants
 822: 
 823:   constant NAU: UNSIGNED(0 downto 1) := (others => '0');
 824:   constant NAS: SIGNED(0 downto 1) := (others => '0');
 825: 
 826:   -- implementation controls
 827: 
 828:   constant NO_WARNING: BOOLEAN := FALSE; -- default to emit warnings
 829: 
 830:   --=========================Local Subprograms =================================
 831: 
 832:   function MAX (LEFT, RIGHT: INTEGER) return INTEGER is
 833:   begin
 834:     if LEFT > RIGHT then return LEFT;
 835:     else return RIGHT;
 836:     end if;
 837:   end MAX;
 838: 
 839:   function MIN (LEFT, RIGHT: INTEGER) return INTEGER is
 840:   begin
 841:     if LEFT < RIGHT then return LEFT;
 842:     else return RIGHT;
 843:     end if;
 844:   end MIN;
 845: 
 846:   function SIGNED_NUM_BITS (ARG: INTEGER) return NATURAL is
 847:     variable NBITS: NATURAL;
 848:     variable N: NATURAL;
 849:   begin
 850:     if ARG >= 0 then
 851:       N := ARG;
 852:     else
 853:       N := -(ARG+1);
 854:     end if;
 855:     NBITS := 1;
 856:     while N > 0 loop
 857:       NBITS := NBITS+1;
 858:       N := N / 2;
 859:     end loop;
 860:     return NBITS;
 861:   end SIGNED_NUM_BITS;
 862: 
 863:   function UNSIGNED_NUM_BITS (ARG: NATURAL) return NATURAL is
 864:     variable NBITS: NATURAL;
 865:     variable N: NATURAL;
 866:   begin
 867:     N := ARG;
 868:     NBITS := 1;
 869:     while N > 1 loop
 870:       NBITS := NBITS+1;
 871:       N := N / 2;
 872:     end loop;
 873:     return NBITS;
 874:   end UNSIGNED_NUM_BITS;
 875: 
 876:   ------------------------------------------------------------------------------
 877:   -- this internal function computes the addition of two UNSIGNED
 878:   -- with input carry
 879:   -- * the two arguments are of the same length
 880: 
 881:   function ADD_UNSIGNED (L, R: UNSIGNED; C: BIT) return UNSIGNED is
 882:     constant L_LEFT: INTEGER := L'LENGTH-1;
 883:     alias XL: UNSIGNED(L_LEFT downto 0) is L;
 884:     alias XR: UNSIGNED(L_LEFT downto 0) is R;
 885:     variable RESULT: UNSIGNED(L_LEFT downto 0);
 886:     variable CBIT: BIT := C;
 887:   begin
 888:     for I in 0 to L_LEFT loop
 889:       RESULT(I) := CBIT xor XL(I) xor XR(I);
 890:       CBIT := (CBIT and XL(I)) or (CBIT and XR(I)) or (XL(I) and XR(I));
 891:     end loop;
 892:     return RESULT;
 893:   end ADD_UNSIGNED;
 894: 
 895:   -- this internal function computes the addition of two SIGNED
 896:   -- with input carry
 897:   -- * the two arguments are of the same length
 898: 
 899:   function ADD_SIGNED (L, R: SIGNED; C: BIT) return SIGNED is
 900:     constant L_LEFT: INTEGER := L'LENGTH-1;
 901:     alias XL: SIGNED(L_LEFT downto 0) is L;
 902:     alias XR: SIGNED(L_LEFT downto 0) is R;
 903:     variable RESULT: SIGNED(L_LEFT downto 0);
 904:     variable CBIT: BIT := C;
 905:   begin
 906:     for I in 0 to L_LEFT loop
 907:       RESULT(I) := CBIT xor XL(I) xor XR(I);
 908:       CBIT := (CBIT and XL(I)) or (CBIT and XR(I)) or (XL(I) and XR(I));
 909:     end loop;
 910:     return RESULT;
 911:   end ADD_SIGNED;
 912: 
 913:   ------------------------------------------------------------------------------
 914: 
 915:   -- this internal procedure computes UNSIGNED division
 916:   -- giving the quotient and remainder.
 917:   procedure DIVMOD (NUM, XDENOM: UNSIGNED; XQUOT, XREMAIN: out UNSIGNED) is
 918:     variable TEMP: UNSIGNED(NUM'LENGTH downto 0);
 919:     variable QUOT: UNSIGNED(MAX(NUM'LENGTH, XDENOM'LENGTH)-1 downto 0);
 920:     alias DENOM: UNSIGNED(XDENOM'LENGTH-1 downto 0) is XDENOM;
 921:     variable TOPBIT: INTEGER;
 922:   begin
 923:     TEMP := "0"&NUM;
 924:     QUOT := (others => '0');
 925:     TOPBIT := -1;
 926:     for J in DENOM'RANGE loop
 927:       if DENOM(J)='1' then
 928:         TOPBIT := J;
 929:         exit;
 930:       end if;
 931:     end loop;
 932:     assert TOPBIT >= 0 report "DIV, MOD, or REM by zero" severity ERROR;
 933: 
 934:     for J in NUM'LENGTH-(TOPBIT+1) downto 0 loop
 935:       if TEMP(TOPBIT+J+1 downto J) >= "0"&DENOM(TOPBIT downto 0) then
 936:         TEMP(TOPBIT+J+1 downto J) := (TEMP(TOPBIT+J+1 downto J))
 937:             -("0"&DENOM(TOPBIT downto 0));
 938:         QUOT(J) := '1';
 939:       end if;
 940:       assert TEMP(TOPBIT+J+1)='0'
 941:           report "internal error in the division algorithm"
 942:           severity ERROR;
 943:     end loop;
 944:     XQUOT := RESIZE(QUOT, XQUOT'LENGTH);
 945:     XREMAIN := RESIZE(TEMP, XREMAIN'LENGTH);
 946:   end DIVMOD;
 947: 
 948:   -----------------Local Subprograms - shift/rotate ops-------------------------
 949: 
 950:   function XSLL (ARG: BIT_VECTOR; COUNT: NATURAL) return BIT_VECTOR is
 951:     constant ARG_L: INTEGER := ARG'LENGTH-1;
 952:     alias XARG: BIT_VECTOR(ARG_L downto 0) is ARG;
 953:     variable RESULT: BIT_VECTOR(ARG_L downto 0) := (others => '0');
 954:   begin
 955:     if COUNT <= ARG_L then
 956:       RESULT(ARG_L downto COUNT) := XARG(ARG_L-COUNT downto 0);
 957:     end if;
 958:     return RESULT;
 959:   end XSLL;
 960: 
 961:   function XSRL (ARG: BIT_VECTOR; COUNT: NATURAL) return BIT_VECTOR is
 962:     constant ARG_L: INTEGER := ARG'LENGTH-1;
 963:     alias XARG: BIT_VECTOR(ARG_L downto 0) is ARG;
 964:     variable RESULT: BIT_VECTOR(ARG_L downto 0) := (others => '0');
 965:   begin
 966:     if COUNT <= ARG_L then
 967:       RESULT(ARG_L-COUNT downto 0) := XARG(ARG_L downto COUNT);
 968:     end if;
 969:     return RESULT;
 970:   end XSRL;
 971: 
 972:   function XSRA (ARG: BIT_VECTOR; COUNT: NATURAL) return BIT_VECTOR is
 973:     constant ARG_L: INTEGER := ARG'LENGTH-1;
 974:     alias XARG: BIT_VECTOR(ARG_L downto 0) is ARG;
 975:     variable RESULT: BIT_VECTOR(ARG_L downto 0);
 976:     variable XCOUNT: NATURAL := COUNT;
 977:   begin
 978:     if ((ARG'LENGTH <= 1) or (XCOUNT = 0)) then return ARG;
 979:     else
 980:       if (XCOUNT > ARG_L) then XCOUNT := ARG_L;
 981:       end if;
 982:       RESULT(ARG_L-XCOUNT downto 0) := XARG(ARG_L downto XCOUNT);
 983:       RESULT(ARG_L downto (ARG_L - XCOUNT + 1)) := (others => XARG(ARG_L));
 984:     end if;
 985:     return RESULT;
 986:   end XSRA;
 987: 
 988:   function XROL (ARG: BIT_VECTOR; COUNT: NATURAL) return BIT_VECTOR is
 989:     constant ARG_L: INTEGER := ARG'LENGTH-1;
 990:     alias XARG: BIT_VECTOR(ARG_L downto 0) is ARG;
 991:     variable RESULT: BIT_VECTOR(ARG_L downto 0) := XARG;
 992:     variable COUNTM: INTEGER;
 993:   begin
 994:     COUNTM := COUNT mod (ARG_L + 1);
 995:     if COUNTM /= 0 then
 996:       RESULT(ARG_L downto COUNTM) := XARG(ARG_L-COUNTM downto 0);
 997:       RESULT(COUNTM-1 downto 0) := XARG(ARG_L downto ARG_L-COUNTM+1);
 998:     end if;
 999:     return RESULT;
1000:   end XROL;
1001: 
1002:   function XROR (ARG: BIT_VECTOR; COUNT: NATURAL) return BIT_VECTOR is
1003:     constant ARG_L: INTEGER := ARG'LENGTH-1;
1004:     alias XARG: BIT_VECTOR(ARG_L downto 0) is ARG;
1005:     variable RESULT: BIT_VECTOR(ARG_L downto 0) := XARG;
1006:     variable COUNTM: INTEGER;
1007:   begin
1008:     COUNTM := COUNT mod (ARG_L + 1);
1009:     if COUNTM /= 0 then
1010:       RESULT(ARG_L-COUNTM downto 0) := XARG(ARG_L downto COUNTM);
1011:       RESULT(ARG_L downto ARG_L-COUNTM+1) := XARG(COUNTM-1 downto 0);
1012:     end if;
1013:     return RESULT;
1014:   end XROR;
1015: 
1016:   ---------------- Local Subprograms - Relational Operators --------------------
1017: 
1018:   -- General "=" for UNSIGNED vectors, same length
1019:   --
1020:   function UNSIGNED_EQUAL (L, R: UNSIGNED) return BOOLEAN is
1021:   begin
1022:     return BIT_VECTOR(L) = BIT_VECTOR(R);
1023:   end UNSIGNED_EQUAL;
1024: 
1025:   --
1026:   -- General "=" for SIGNED vectors, same length
1027:   --
1028:   function SIGNED_EQUAL (L, R: SIGNED) return BOOLEAN is
1029:   begin
1030:     return BIT_VECTOR(L) = BIT_VECTOR(R);
1031:   end SIGNED_EQUAL;
1032: 
1033:   --
1034:   -- General "<" for UNSIGNED vectors, same length
1035:   --
1036:   function UNSIGNED_LESS (L, R: UNSIGNED) return BOOLEAN is
1037:   begin
1038:     return BIT_VECTOR(L) < BIT_VECTOR(R);
1039:   end UNSIGNED_LESS;
1040: 
1041:   --
1042:   -- General "<" function for SIGNED vectors, same length
1043:   --
1044:   function SIGNED_LESS (L, R: SIGNED) return BOOLEAN is
1045:     -- Need aliases to assure index direction
1046:     variable INTERN_L: SIGNED(0 to L'LENGTH-1);
1047:     variable INTERN_R: SIGNED(0 to R'LENGTH-1);
1048:   begin
1049:     INTERN_L := L;
1050:     INTERN_R := R;
1051:     INTERN_L(0) := not INTERN_L(0);
1052:     INTERN_R(0) := not INTERN_R(0);
1053:     return BIT_VECTOR(INTERN_L) < BIT_VECTOR(INTERN_R);
1054:   end SIGNED_LESS;
1055: 
1056:   --
1057:   -- General "<=" function for UNSIGNED vectors, same length
1058:   --
1059:   function UNSIGNED_LESS_OR_EQUAL (L, R: UNSIGNED) return BOOLEAN is
1060:   begin
1061:     return BIT_VECTOR(L) <= BIT_VECTOR(R);
1062:   end UNSIGNED_LESS_OR_EQUAL;
1063: 
1064:   --
1065:   -- General "<=" function for SIGNED vectors, same length
1066:   --
1067:   function SIGNED_LESS_OR_EQUAL (L, R: SIGNED) return BOOLEAN is
1068:     -- Need aliases to assure index direction
1069:     variable INTERN_L: SIGNED(0 to L'LENGTH-1);
1070:     variable INTERN_R: SIGNED(0 to R'LENGTH-1);
1071:   begin
1072:     INTERN_L := L;
1073:     INTERN_R := R;
1074:     INTERN_L(0) := not INTERN_L(0);
1075:     INTERN_R(0) := not INTERN_R(0);
1076:     return BIT_VECTOR(INTERN_L) <= BIT_VECTOR(INTERN_R);
1077:   end SIGNED_LESS_OR_EQUAL;
1078: 
1079:   --====================== Exported Functions ==================================
1080: 
1081:   -- Id: A.1
1082:   function "abs" (ARG: SIGNED) return SIGNED is
1083:     constant ARG_LEFT: INTEGER := ARG'LENGTH-1;
1084:     variable RESULT: SIGNED(ARG_LEFT downto 0);
1085:   begin
1086:     if ARG'LENGTH < 1 then return NAS;
1087:     end if;
1088:     RESULT := ARG;
1089:     if RESULT(RESULT'LEFT) = '1' then
1090:       RESULT := -RESULT;
1091:     end if;
1092:     return RESULT;
1093:   end "abs";
1094: 
1095:   -- Id: A.2
1096:   function "-" (ARG: SIGNED) return SIGNED is
1097:     constant ARG_LEFT: INTEGER := ARG'LENGTH-1;
1098:     alias XARG: SIGNED(ARG_LEFT downto 0) is ARG;
1099:     variable RESULT: SIGNED(ARG_LEFT downto 0);
1100:     variable CBIT: BIT := '1';
1101:   begin
1102:     if ARG'LENGTH < 1 then return NAS;
1103:     end if;
1104:     for I in 0 to RESULT'LEFT loop
1105:       RESULT(I) := not(XARG(I)) xor CBIT;
1106:       CBIT := CBIT and not(XARG(I));
1107:     end loop;
1108:     return RESULT;
1109:   end "-";
1110: 
1111:   --============================================================================
1112: 
1113:   -- Id: A.3
1114:   function "+" (L, R: UNSIGNED) return UNSIGNED is
1115:     constant L_LEFT: INTEGER := L'LENGTH-1;
1116:     constant R_LEFT: INTEGER := R'LENGTH-1;
1117:     constant SIZE: NATURAL := MAX(L'LENGTH, R'LENGTH);
1118:   begin
1119:     if ((L'LENGTH < 1) or (R'LENGTH < 1)) then return NAU;
1120:     end if;
1121:     return ADD_UNSIGNED(RESIZE(L, SIZE), RESIZE(R, SIZE), '0');
1122:   end "+";
1123: 
1124:   -- Id: A.4
1125:   function "+" (L, R: SIGNED) return SIGNED is
1126:     constant L_LEFT: INTEGER := L'LENGTH-1;
1127:     constant R_LEFT: INTEGER := R'LENGTH-1;
1128:     constant SIZE: NATURAL := MAX(L'LENGTH, R'LENGTH);
1129:   begin
1130:     if ((L'LENGTH < 1) or (R'LENGTH < 1)) then return NAS;
1131:     end if;
1132:     return ADD_SIGNED(RESIZE(L, SIZE), RESIZE(R, SIZE), '0');
1133:   end "+";
1134: 
1135:   -- Id: A.5
1136:   function "+" (L: UNSIGNED; R: NATURAL) return UNSIGNED is
1137:   begin
1138:     return L + TO_UNSIGNED(R, L'LENGTH);
1139:   end "+";
1140: 
1141:   -- Id: A.6
1142:   function "+" (L: NATURAL; R: UNSIGNED) return UNSIGNED is
1143:   begin
1144:     return TO_UNSIGNED(L, R'LENGTH) + R;
1145:   end "+";
1146: 
1147:   -- Id: A.7
1148:   function "+" (L: SIGNED; R: INTEGER) return SIGNED is
1149:   begin
1150:     return L + TO_SIGNED(R, L'LENGTH);
1151:   end "+";
1152: 
1153:   -- Id: A.8
1154:   function "+" (L: INTEGER; R: SIGNED) return SIGNED is
1155:   begin
1156:     return TO_SIGNED(L, R'LENGTH) + R;
1157:   end "+";
1158: 
1159:   --============================================================================
1160: 
1161:   -- Id: A.9
1162:   function "-" (L, R: UNSIGNED) return UNSIGNED is
1163:     constant L_LEFT: INTEGER := L'LENGTH-1;
1164:     constant R_LEFT: INTEGER := R'LENGTH-1;
1165:     constant SIZE: NATURAL := MAX(L'LENGTH, R'LENGTH);
1166:   begin
1167:     if ((L'LENGTH < 1) or (R'LENGTH < 1)) then return NAU;
1168:     end if;
1169:     return ADD_UNSIGNED(RESIZE(L, SIZE),
1170:         not(RESIZE(R, SIZE)),
1171:         '1');
1172:   end "-";
1173: 
1174:   -- Id: A.10
1175:   function "-" (L, R: SIGNED) return SIGNED is
1176:     constant L_LEFT: INTEGER := L'LENGTH-1;
1177:     constant R_LEFT: INTEGER := R'LENGTH-1;
1178:     constant SIZE: NATURAL := MAX(L'LENGTH, R'LENGTH);
1179:   begin
1180:     if ((L'LENGTH < 1) or (R'LENGTH < 1)) then return NAS;
1181:     end if;
1182:     return ADD_SIGNED(RESIZE(L, SIZE),
1183:         not(RESIZE(R, SIZE)),
1184:         '1');
1185:   end "-";
1186: 
1187:   -- Id: A.11
1188:   function "-" (L: UNSIGNED; R: NATURAL) return UNSIGNED is
1189:   begin
1190:     return L - TO_UNSIGNED(R, L'LENGTH);
1191:   end "-";
1192: 
1193:   -- Id: A.12
1194:   function "-" (L: NATURAL; R: UNSIGNED) return UNSIGNED is
1195:   begin
1196:     return TO_UNSIGNED(L, R'LENGTH) - R;
1197:   end "-";
1198: 
1199:   -- Id: A.13
1200:   function "-" (L: SIGNED; R: INTEGER) return SIGNED is
1201:   begin
1202:     return L - TO_SIGNED(R, L'LENGTH);
1203:   end "-";
1204: 
1205:   -- Id: A.14
1206:   function "-" (L: INTEGER; R: SIGNED) return SIGNED is
1207:   begin
1208:     return TO_SIGNED(L, R'LENGTH) - R;
1209:   end "-";
1210: 
1211:   --============================================================================
1212: 
1213:   -- Id: A.15
1214:   function "*" (L, R: UNSIGNED) return UNSIGNED is
1215:     constant L_LEFT: INTEGER := L'LENGTH-1;
1216:     constant R_LEFT: INTEGER := R'LENGTH-1;
1217:     alias XL: UNSIGNED(L_LEFT downto 0) is L;
1218:     alias XR: UNSIGNED(R_LEFT downto 0) is R;
1219:     variable RESULT: UNSIGNED((L'LENGTH+R'LENGTH-1) downto 0) := (others => '0');
1220:     variable ADVAL: UNSIGNED((L'LENGTH+R'LENGTH-1) downto 0);
1221:   begin
1222:     if ((L'LENGTH < 1) or (R'LENGTH < 1)) then return NAU;
1223:     end if;
1224:     ADVAL := RESIZE(XR, RESULT'LENGTH);
1225:     for I in 0 to L_LEFT loop
1226:       if XL(I)='1' then RESULT := RESULT + ADVAL;
1227:       end if;
1228:       ADVAL := SHIFT_LEFT(ADVAL, 1);
1229:     end loop;
1230:     return RESULT;
1231:   end "*";
1232: 
1233:   -- Id: A.16
1234:   function "*" (L, R: SIGNED) return SIGNED is
1235:     constant L_LEFT: INTEGER := L'LENGTH-1;
1236:     constant R_LEFT: INTEGER := R'LENGTH-1;
1237:     variable XL: SIGNED(L_LEFT downto 0);
1238:     variable XR: SIGNED(R_LEFT downto 0);
1239:     variable RESULT: SIGNED((L_LEFT+R_LEFT+1) downto 0) := (others => '0');
1240:     variable ADVAL: SIGNED((L_LEFT+R_LEFT+1) downto 0);
1241:   begin
1242:     if ((L_LEFT < 0) or (R_LEFT < 0)) then return NAS;
1243:     end if;
1244:     XL := L;
1245:     XR := R;
1246:     ADVAL := RESIZE(XR, RESULT'LENGTH);
1247:     for I in 0 to L_LEFT-1 loop
1248:       if XL(I)='1' then RESULT := RESULT + ADVAL;
1249:       end if;
1250:       ADVAL := SHIFT_LEFT(ADVAL, 1);
1251:     end loop;
1252:     if XL(L_LEFT)='1' then
1253:       RESULT := RESULT - ADVAL;
1254:     end if;
1255:     return RESULT;
1256:   end "*";
1257: 
1258:   -- Id: A.17
1259:   function "*" (L: UNSIGNED; R: NATURAL) return UNSIGNED is
1260:   begin
1261:     return L * TO_UNSIGNED(R, L'LENGTH);
1262:   end "*";
1263: 
1264:   -- Id: A.18
1265:   function "*" (L: NATURAL; R: UNSIGNED) return UNSIGNED is
1266:   begin
1267:     return TO_UNSIGNED(L, R'LENGTH) * R;
1268:   end "*";
1269: 
1270:   -- Id: A.19
1271:   function "*" (L: SIGNED; R: INTEGER) return SIGNED is
1272:   begin
1273:     return L * TO_SIGNED(R, L'LENGTH);
1274:   end "*";
1275: 
1276:   -- Id: A.20
1277:   function "*" (L: INTEGER; R: SIGNED) return SIGNED is
1278:   begin
1279:     return TO_SIGNED(L, R'LENGTH) * R;
1280:   end "*";
1281: 
1282:   --============================================================================
1283: 
1284:   -- Id: A.21
1285:   function "/" (L, R: UNSIGNED) return UNSIGNED is
1286:     variable FQUOT: UNSIGNED(L'LENGTH-1 downto 0);
1287:     variable FREMAIN: UNSIGNED(R'LENGTH-1 downto 0);
1288:   begin
1289:     if ((L'LENGTH < 1) or (R'LENGTH < 1)) then return NAU;
1290:     end if;
1291:     DIVMOD(L, R, FQUOT, FREMAIN);
1292:     return FQUOT;
1293:   end "/";
1294: 
1295:   -- Id: A.22
1296:   function "/" (L, R: SIGNED) return SIGNED is
1297:     variable FQUOT: UNSIGNED(L'LENGTH-1 downto 0);
1298:     variable FREMAIN: UNSIGNED(R'LENGTH-1 downto 0);
1299:     variable XNUM: UNSIGNED(L'LENGTH-1 downto 0);
1300:     variable XDENOM: UNSIGNED(R'LENGTH-1 downto 0);
1301:     variable QNEG: BOOLEAN := FALSE;
1302:   begin
1303:     if ((L'LENGTH < 1) or (R'LENGTH < 1)) then return NAS;
1304:     end if;
1305:     if L(L'LEFT)='1' then
1306:       XNUM := UNSIGNED(-L);
1307:       QNEG := TRUE;
1308:     else
1309:       XNUM := UNSIGNED(L);
1310:     end if;
1311:     if R(R'LEFT)='1' then
1312:       XDENOM := UNSIGNED(-R);
1313:       QNEG := not QNEG;
1314:     else
1315:       XDENOM := UNSIGNED(R);
1316:     end if;
1317:     DIVMOD(XNUM, XDENOM, FQUOT, FREMAIN);
1318:     if QNEG then FQUOT := "0"-FQUOT;
1319:     end if;
1320:     return SIGNED(FQUOT);
1321:   end "/";
1322: 
1323:   -- Id: A.23
1324:   function "/" (L: UNSIGNED; R: NATURAL) return UNSIGNED is
1325:     constant R_LENGTH: NATURAL := MAX(L'LENGTH, UNSIGNED_NUM_BITS(R));
1326:     variable XR, QUOT: UNSIGNED(R_LENGTH-1 downto 0);
1327:   begin
1328:     if (L'LENGTH < 1) then return NAU;
1329:     end if;
1330:     if (R_LENGTH > L'LENGTH) then
1331:       QUOT := (others => '0');
1332:       return RESIZE(QUOT, L'LENGTH);
1333:     end if;
1334:     XR := TO_UNSIGNED(R, R_LENGTH);
1335:     QUOT := RESIZE((L / XR), QUOT'LENGTH);
1336:     return RESIZE(QUOT, L'LENGTH);
1337:   end "/";
1338: 
1339:   -- Id: A.24
1340:   function "/" (L: NATURAL; R: UNSIGNED) return UNSIGNED is
1341:     constant L_LENGTH: NATURAL := MAX(UNSIGNED_NUM_BITS(L), R'LENGTH);
1342:     variable XL, QUOT: UNSIGNED(L_LENGTH-1 downto 0);
1343:   begin
1344:     if (R'LENGTH < 1) then return NAU;
1345:     end if;
1346:     XL := TO_UNSIGNED(L, L_LENGTH);
1347:     QUOT := RESIZE((XL / R), QUOT'LENGTH);
1348:     if L_LENGTH > R'LENGTH
1349:         and QUOT(L_LENGTH-1 downto R'LENGTH)
1350:         /= (L_LENGTH-1 downto R'LENGTH => '0')
1351:         then
1352:       assert NO_WARNING report "NUMERIC_BIT.""/"": Quotient Truncated"
1353:           severity WARNING;
1354:     end if;
1355:     return RESIZE(QUOT, R'LENGTH);
1356:   end "/";
1357: 
1358:   -- Id: A.25
1359:   function "/" (L: SIGNED; R: INTEGER) return SIGNED is
1360:     constant R_LENGTH: NATURAL := MAX(L'LENGTH, SIGNED_NUM_BITS(R));
1361:     variable XR, QUOT: SIGNED(R_LENGTH-1 downto 0);
1362:   begin
1363:     if (L'LENGTH < 1) then return NAS;
1364:     end if;
1365:     if (R_LENGTH > L'LENGTH) then
1366:       QUOT := (others => '0');
1367:       return RESIZE(QUOT, L'LENGTH);
1368:     end if;
1369:     XR := TO_SIGNED(R, R_LENGTH);
1370:     QUOT := RESIZE((L / XR), QUOT'LENGTH);
1371:     return RESIZE(QUOT, L'LENGTH);
1372:   end "/";
1373: 
1374:   -- Id: A.26
1375:   function "/" (L: INTEGER; R: SIGNED) return SIGNED is
1376:     constant L_LENGTH: NATURAL := MAX(SIGNED_NUM_BITS(L), R'LENGTH);
1377:     variable XL, QUOT: SIGNED(L_LENGTH-1 downto 0);
1378:   begin
1379:     if (R'LENGTH < 1) then return NAS;
1380:     end if;
1381:     XL := TO_SIGNED(L, L_LENGTH);
1382:     QUOT := RESIZE((XL / R), QUOT'LENGTH);
1383:     if L_LENGTH > R'LENGTH and QUOT(L_LENGTH-1 downto R'LENGTH)
1384:         /= (L_LENGTH-1 downto R'LENGTH => QUOT(R'LENGTH-1))
1385:         then
1386:       assert NO_WARNING report "NUMERIC_BIT.""/"": Quotient Truncated"
1387:           severity WARNING;
1388:     end if;
1389:     return RESIZE(QUOT, R'LENGTH);
1390:   end "/";
1391: 
1392:   --============================================================================
1393: 
1394:   -- Id: A.27
1395:   function "rem" (L, R: UNSIGNED) return UNSIGNED is
1396:     variable FQUOT: UNSIGNED(L'LENGTH-1 downto 0);
1397:     variable FREMAIN: UNSIGNED(R'LENGTH-1 downto 0);
1398:   begin
1399:     if ((L'LENGTH < 1) or (R'LENGTH < 1)) then return NAU;
1400:     end if;
1401:     DIVMOD(L, R, FQUOT, FREMAIN);
1402:     return FREMAIN;
1403:   end "rem";
1404: 
1405:   -- Id: A.28
1406:   function "rem" (L, R: SIGNED) return SIGNED is
1407:     variable FQUOT: UNSIGNED(L'LENGTH-1 downto 0);
1408:     variable FREMAIN: UNSIGNED(R'LENGTH-1 downto 0);
1409:     variable XNUM: UNSIGNED(L'LENGTH-1 downto 0);
1410:     variable XDENOM: UNSIGNED(R'LENGTH-1 downto 0);
1411:     variable RNEG: BOOLEAN := FALSE;
1412:   begin
1413:     if ((L'LENGTH < 1) or (R'LENGTH < 1)) then return NAS;
1414:     end if;
1415:     if L(L'LEFT)='1' then
1416:       XNUM := UNSIGNED(-L);
1417:       RNEG := TRUE;
1418:     else
1419:       XNUM := UNSIGNED(L);
1420:     end if;
1421:     if R(R'LEFT)='1' then
1422:       XDENOM := UNSIGNED(-R);
1423:     else
1424:       XDENOM := UNSIGNED(R);
1425:     end if;
1426:     DIVMOD(XNUM, XDENOM, FQUOT, FREMAIN);
1427:     if RNEG then
1428:       FREMAIN := "0"-FREMAIN;
1429:     end if;
1430:     return SIGNED(FREMAIN);
1431:   end "rem";
1432: 
1433:   -- Id: A.29
1434:   function "rem" (L: UNSIGNED; R: NATURAL) return UNSIGNED is
1435:     constant R_LENGTH: NATURAL := MAX(L'LENGTH, UNSIGNED_NUM_BITS(R));
1436:     variable XR, XREM: UNSIGNED(R_LENGTH-1 downto 0);
1437:   begin
1438:     if (L'LENGTH < 1) then return NAU;
1439:     end if;
1440:     XR := TO_UNSIGNED(R, R_LENGTH);
1441:     XREM := RESIZE((L rem XR), XREM'LENGTH);
1442:     if R_LENGTH > L'LENGTH and XREM(R_LENGTH-1 downto L'LENGTH)
1443:         /= (R_LENGTH-1 downto L'LENGTH => '0')
1444:         then
1445:       assert NO_WARNING report "NUMERIC_BIT.""rem"": Remainder Truncated"
1446:           severity WARNING;
1447:     end if;
1448:     return RESIZE(XREM, L'LENGTH);
1449:   end "rem";
1450: 
1451:   -- Id: A.30
1452:   function "rem" (L: NATURAL; R: UNSIGNED) return UNSIGNED is
1453:     constant L_LENGTH: NATURAL := MAX(UNSIGNED_NUM_BITS(L), R'LENGTH);
1454:     variable XL, XREM: UNSIGNED(L_LENGTH-1 downto 0);
1455:   begin
1456:     if (R'LENGTH < 1) then return NAU;
1457:     end if;
1458:     XL := TO_UNSIGNED(L, L_LENGTH);
1459:     XREM := RESIZE((XL rem R), XREM'LENGTH);
1460:     if L_LENGTH > R'LENGTH and XREM(L_LENGTH-1 downto R'LENGTH)
1461:         /= (L_LENGTH-1 downto R'LENGTH => '0')
1462:         then
1463:       assert NO_WARNING report "NUMERIC_BIT.""rem"": Remainder Truncated"
1464:           severity WARNING;
1465:     end if;
1466:     return RESIZE(XREM, R'LENGTH);
1467:   end "rem";
1468: 
1469:   -- Id: A.31
1470:   function "rem" (L: SIGNED; R: INTEGER) return SIGNED is
1471:     constant R_LENGTH: NATURAL := MAX(L'LENGTH, SIGNED_NUM_BITS(R));
1472:     variable XR, XREM: SIGNED(R_LENGTH-1 downto 0);
1473:   begin
1474:     if (L'LENGTH < 1) then return NAS;
1475:     end if;
1476:     XR := TO_SIGNED(R, R_LENGTH);
1477:     XREM := RESIZE((L rem XR), XREM'LENGTH);
1478:     if R_LENGTH > L'LENGTH and XREM(R_LENGTH-1 downto L'LENGTH)
1479:         /= (R_LENGTH-1 downto L'LENGTH => XREM(L'LENGTH-1))
1480:         then
1481:       assert NO_WARNING report "NUMERIC_BIT.""rem"": Remainder Truncated"
1482:           severity WARNING;
1483:     end if;
1484:     return RESIZE(XREM, L'LENGTH);
1485:   end "rem";
1486: 
1487:   -- Id: A.32
1488:   function "rem" (L: INTEGER; R: SIGNED) return SIGNED is
1489:     constant L_LENGTH: NATURAL := MAX(SIGNED_NUM_BITS(L), R'LENGTH);
1490:     variable XL, XREM: SIGNED(L_LENGTH-1 downto 0);
1491:   begin
1492:     if (R'LENGTH < 1) then return NAS;
1493:     end if;
1494:     XL := TO_SIGNED(L, L_LENGTH);
1495:     XREM := RESIZE((XL rem R), XREM'LENGTH);
1496:     if L_LENGTH > R'LENGTH and XREM(L_LENGTH-1 downto R'LENGTH)
1497:         /= (L_LENGTH-1 downto R'LENGTH => XREM(R'LENGTH-1))
1498:         then
1499:       assert NO_WARNING report "NUMERIC_BIT.""rem"": Remainder Truncated"
1500:           severity WARNING;
1501:     end if;
1502:     return RESIZE(XREM, R'LENGTH);
1503:   end "rem";
1504: 
1505:   --============================================================================
1506: 
1507:   -- Id: A.33
1508:   function "mod" (L, R: UNSIGNED) return UNSIGNED is
1509:     variable FQUOT: UNSIGNED(L'LENGTH-1 downto 0);
1510:     variable FREMAIN: UNSIGNED(R'LENGTH-1 downto 0);
1511:   begin
1512:     if ((L'LENGTH < 1) or (R'LENGTH < 1)) then return NAU;
1513:     end if;
1514:     DIVMOD(L, R, FQUOT, FREMAIN);
1515:     return FREMAIN;
1516:   end "mod";
1517: 
1518:   -- Id: A.34
1519:   function "mod" (L, R: SIGNED) return SIGNED is
1520:     variable FQUOT: UNSIGNED(L'LENGTH-1 downto 0);
1521:     variable FREMAIN: UNSIGNED(R'LENGTH-1 downto 0);
1522:     variable XNUM: UNSIGNED(L'LENGTH-1 downto 0);
1523:     variable XDENOM: UNSIGNED(R'LENGTH-1 downto 0);
1524:     variable RNEG: BOOLEAN := FALSE;
1525:   begin
1526:     if ((L'LENGTH < 1) or (R'LENGTH < 1)) then return NAS;
1527:     end if;
1528:     if L(L'LEFT)='1' then
1529:       XNUM := UNSIGNED(-L);
1530:     else
1531:       XNUM := UNSIGNED(L);
1532:     end if;
1533:     if R(R'LEFT)='1' then
1534:       XDENOM := UNSIGNED(-R);
1535:       RNEG := TRUE;
1536:     else
1537:       XDENOM := UNSIGNED(R);
1538:     end if;
1539:     DIVMOD(XNUM, XDENOM, FQUOT, FREMAIN);
1540:     if RNEG and L(L'LEFT)='1' then
1541:       FREMAIN := "0"-FREMAIN;
1542:       elsif RNEG and FREMAIN/="0" then
1543:           FREMAIN := FREMAIN-XDENOM;
1544:       elsif L(L'LEFT)='1' and FREMAIN/="0" then
1545:           FREMAIN := XDENOM-FREMAIN;
1546:     end if;
1547:     return SIGNED(FREMAIN);
1548:   end "mod";
1549: 
1550:   -- Id: A.35
1551:   function "mod" (L: UNSIGNED; R: NATURAL) return UNSIGNED is
1552:     constant R_LENGTH: NATURAL := MAX(L'LENGTH, UNSIGNED_NUM_BITS(R));
1553:     variable XR, XREM: UNSIGNED(R_LENGTH-1 downto 0);
1554:   begin
1555:     if (L'LENGTH < 1) then return NAU;
1556:     end if;
1557:     XR := TO_UNSIGNED(R, R_LENGTH);
1558:     XREM := RESIZE((L mod XR), XREM'LENGTH);
1559:     if R_LENGTH > L'LENGTH and XREM(R_LENGTH-1 downto L'LENGTH)
1560:         /= (R_LENGTH-1 downto L'LENGTH => '0')
1561:         then
1562:       assert NO_WARNING report "NUMERIC_BIT.""mod"": modulus Truncated"
1563:           severity WARNING;
1564:     end if;
1565:     return RESIZE(XREM, L'LENGTH);
1566:   end "mod";
1567: 
1568:   -- Id: A.36
1569:   function "mod" (L: NATURAL; R: UNSIGNED) return UNSIGNED is
1570:     constant L_LENGTH: NATURAL := MAX(UNSIGNED_NUM_BITS(L), R'LENGTH);
1571:     variable XL, XREM: UNSIGNED(L_LENGTH-1 downto 0);
1572:   begin
1573:     if (R'LENGTH < 1) then return NAU;
1574:     end if;
1575:     XL := TO_UNSIGNED(L, L_LENGTH);
1576:     XREM := RESIZE((XL mod R), XREM'LENGTH);
1577:     if L_LENGTH > R'LENGTH and XREM(L_LENGTH-1 downto R'LENGTH)
1578:         /= (L_LENGTH-1 downto R'LENGTH => '0')
1579:         then
1580:       assert NO_WARNING report "NUMERIC_BIT.""mod"": modulus Truncated"
1581:           severity WARNING;
1582:     end if;
1583:     return RESIZE(XREM, R'LENGTH);
1584:   end "mod";
1585: 
1586:   -- Id: A.37
1587:   function "mod" (L: SIGNED; R: INTEGER) return SIGNED is
1588:     constant R_LENGTH: NATURAL := MAX(L'LENGTH, SIGNED_NUM_BITS(R));
1589:     variable XR, XREM: SIGNED(R_LENGTH-1 downto 0);
1590:   begin
1591:     if (L'LENGTH < 1) then return NAS;
1592:     end if;
1593:     XR := TO_SIGNED(R, R_LENGTH);
1594:     XREM := RESIZE((L mod XR), XREM'LENGTH);
1595:     if R_LENGTH > L'LENGTH and XREM(R_LENGTH-1 downto L'LENGTH)
1596:         /= (R_LENGTH-1 downto L'LENGTH => XREM(L'LENGTH-1))
1597:         then
1598:       assert NO_WARNING report "NUMERIC_BIT.""mod"": modulus Truncated"
1599:           severity WARNING;
1600:     end if;
1601:     return RESIZE(XREM, L'LENGTH);
1602:   end "mod";
1603: 
1604:   -- Id: A.38
1605:   function "mod" (L: INTEGER; R: SIGNED) return SIGNED is
1606:     constant L_LENGTH: NATURAL := MAX(SIGNED_NUM_BITS(L), R'LENGTH);
1607:     variable XL, XREM: SIGNED(L_LENGTH-1 downto 0);
1608:   begin
1609:     if (R'LENGTH < 1) then return NAS;
1610:     end if;
1611:     XL := TO_SIGNED(L, L_LENGTH);
1612:     XREM := RESIZE((XL mod R), XREM'LENGTH);
1613:     if L_LENGTH > R'LENGTH and XREM(L_LENGTH-1 downto R'LENGTH)
1614:         /= (L_LENGTH-1 downto R'LENGTH => XREM(R'LENGTH-1))
1615:         then
1616:       assert NO_WARNING report "NUMERIC_BIT.""mod"": modulus Truncated"
1617:           severity WARNING;
1618:     end if;
1619:     return RESIZE(XREM, R'LENGTH);
1620:   end "mod";
1621: 
1622:   --============================================================================
1623: 
1624:   -- Id: C.1
1625:   function ">" (L, R: UNSIGNED) return BOOLEAN is
1626:     variable SIZE: NATURAL := MAX(L'LENGTH, R'LENGTH);
1627:   begin
1628:     if ((L'LENGTH < 1) or (R'LENGTH < 1)) then
1629:       assert NO_WARNING
1630:           report "NUMERIC_BIT."">"": null argument detected, returning FALSE"
1631:           severity WARNING;
1632:       return FALSE;
1633:     end if;
1634:     return not UNSIGNED_LESS_OR_EQUAL(RESIZE(L, SIZE), RESIZE(R, SIZE));
1635:   end ">";
1636: 
1637:   -- Id: C.2
1638:   function ">" (L, R: SIGNED) return BOOLEAN is
1639:     variable SIZE: NATURAL := MAX(L'LENGTH, R'LENGTH);
1640:   begin
1641:     if ((L'LENGTH < 1) or (R'LENGTH < 1)) then
1642:       assert NO_WARNING
1643:           report "NUMERIC_BIT."">"": null argument detected, returning FALSE"
1644:           severity WARNING;
1645:       return FALSE;
1646:     end if;
1647:     return not SIGNED_LESS_OR_EQUAL(RESIZE(L, SIZE), RESIZE(R, SIZE));
1648:   end ">";
1649: 
1650:   -- Id: C.3
1651:   function ">" (L: NATURAL; R: UNSIGNED) return BOOLEAN is
1652:   begin
1653:     if (R'LENGTH < 1) then
1654:       assert NO_WARNING
1655:           report "NUMERIC_BIT."">"": null argument detected, returning FALSE"
1656:           severity WARNING;
1657:       return FALSE;
1658:     end if;
1659:     if UNSIGNED_NUM_BITS(L) > R'LENGTH then return TRUE;
1660:     end if;
1661:     return not UNSIGNED_LESS_OR_EQUAL(TO_UNSIGNED(L, R'LENGTH), R);
1662:   end ">";
1663: 
1664:   -- Id: C.4
1665:   function ">" (L: INTEGER; R: SIGNED) return BOOLEAN is
1666:   begin
1667:     if (R'LENGTH < 1) then
1668:       assert NO_WARNING
1669:           report "NUMERIC_BIT."">"": null argument detected, returning FALSE"
1670:           severity WARNING;
1671:       return FALSE;
1672:     end if;
1673:     if SIGNED_NUM_BITS(L) > R'LENGTH then return L > 0;
1674:     end if;
1675:     return not SIGNED_LESS_OR_EQUAL(TO_SIGNED(L, R'LENGTH), R);
1676:   end ">";
1677: 
1678:   -- Id: C.5
1679:   function ">" (L: UNSIGNED; R: NATURAL) return BOOLEAN is
1680:   begin
1681:     if (L'LENGTH < 1) then
1682:       assert NO_WARNING
1683:           report "NUMERIC_BIT."">"": null argument detected, returning FALSE"
1684:           severity WARNING;
1685:       return FALSE;
1686:     end if;
1687:     if UNSIGNED_NUM_BITS(R) > L'LENGTH then return FALSE;
1688:     end if;
1689:     return not UNSIGNED_LESS_OR_EQUAL(L, TO_UNSIGNED(R, L'LENGTH));
1690:   end ">";
1691: 
1692:   -- Id: C.6
1693:   function ">" (L: SIGNED; R: INTEGER) return BOOLEAN is
1694:   begin
1695:     if (L'LENGTH < 1) then
1696:       assert NO_WARNING
1697:           report "NUMERIC_BIT."">"": null argument detected, returning FALSE"
1698:           severity WARNING;
1699:       return FALSE;
1700:     end if;
1701:     if SIGNED_NUM_BITS(R) > L'LENGTH then return 0 > R;
1702:     end if;
1703:     return not SIGNED_LESS_OR_EQUAL(L, TO_SIGNED(R, L'LENGTH));
1704:   end ">";
1705: 
1706:   --============================================================================
1707: 
1708:   -- Id: C.7
1709:   function "<" (L, R: UNSIGNED) return BOOLEAN is
1710:     variable SIZE: NATURAL := MAX(L'LENGTH, R'LENGTH);
1711:   begin
1712:     if ((L'LENGTH < 1) or (R'LENGTH < 1)) then
1713:       assert NO_WARNING
1714:           report "NUMERIC_BIT.""<"": null argument detected, returning FALSE"
1715:           severity WARNING;
1716:       return FALSE;
1717:     end if;
1718:     return UNSIGNED_LESS(RESIZE(L, SIZE), RESIZE(R, SIZE));
1719:   end "<";
1720: 
1721:   -- Id: C.8
1722:   function "<" (L, R: SIGNED) return BOOLEAN is
1723:     variable SIZE: NATURAL := MAX(L'LENGTH, R'LENGTH);
1724:   begin
1725:     if ((L'LENGTH < 1) or (R'LENGTH < 1)) then
1726:       assert NO_WARNING
1727:           report "NUMERIC_BIT.""<"": null argument detected, returning FALSE"
1728:           severity WARNING;
1729:       return FALSE;
1730:     end if;
1731:     return SIGNED_LESS(RESIZE(L, SIZE), RESIZE(R, SIZE));
1732:   end "<";
1733: 
1734:   -- Id: C.9
1735:   function "<" (L: NATURAL; R: UNSIGNED) return BOOLEAN is
1736:   begin
1737:     if (R'LENGTH < 1) then
1738:       assert NO_WARNING
1739:           report "NUMERIC_BIT.""<"": null argument detected, returning FALSE"
1740:           severity WARNING;
1741:       return FALSE;
1742:     end if;
1743:     if UNSIGNED_NUM_BITS(L) > R'LENGTH then return L < 0;
1744:     end if;
1745:     return UNSIGNED_LESS(TO_UNSIGNED(L, R'LENGTH), R);
1746:   end "<";
1747: 
1748:   -- Id: C.10
1749:   function "<" (L: INTEGER; R: SIGNED) return BOOLEAN is
1750:   begin
1751:     if (R'LENGTH < 1) then
1752:       assert NO_WARNING
1753:           report "NUMERIC_BIT.""<"": null argument detected, returning FALSE"
1754:           severity WARNING;
1755:       return FALSE;
1756:     end if;
1757:     if SIGNED_NUM_BITS(L) > R'LENGTH then return L < 0;
1758:     end if;
1759:     return SIGNED_LESS(TO_SIGNED(L, R'LENGTH), R);
1760:   end "<";
1761: 
1762:   -- Id: C.11
1763:   function "<" (L: UNSIGNED; R: NATURAL) return BOOLEAN is
1764:   begin
1765:     if (L'LENGTH < 1) then
1766:       assert NO_WARNING
1767:           report "NUMERIC_BIT.""<"": null argument detected, returning FALSE"
1768:           severity WARNING;
1769:       return FALSE;
1770:     end if;
1771:     if UNSIGNED_NUM_BITS(R) > L'LENGTH then return 0 < R;
1772:     end if;
1773:     return UNSIGNED_LESS(L, TO_UNSIGNED(R, L'LENGTH));
1774:   end "<";
1775: 
1776:   -- Id: C.12
1777:   function "<" (L: SIGNED; R: INTEGER) return BOOLEAN is
1778:   begin
1779:     if (L'LENGTH < 1) then
1780:       assert NO_WARNING
1781:           report "NUMERIC_BIT.""<"": null argument detected, returning FALSE"
1782:           severity WARNING;
1783:       return FALSE;
1784:     end if;
1785:     if SIGNED_NUM_BITS(R) > L'LENGTH then return 0 < R;
1786:     end if;
1787:     return SIGNED_LESS(L, TO_SIGNED(R, L'LENGTH));
1788:   end "<";
1789: 
1790:   --============================================================================
1791: 
1792:   -- Id: C.13
1793:   function "<=" (L, R: UNSIGNED) return BOOLEAN is
1794:     variable SIZE: NATURAL := MAX(L'LENGTH, R'LENGTH);
1795:   begin
1796:     if ((L'LENGTH < 1) or (R'LENGTH < 1)) then
1797:       assert NO_WARNING
1798:           report "NUMERIC_BIT.""<="": null argument detected, returning FALSE"
1799:           severity WARNING;
1800:       return FALSE;
1801:     end if;
1802:     return UNSIGNED_LESS_OR_EQUAL(RESIZE(L, SIZE), RESIZE(R, SIZE));
1803:   end "<=";
1804: 
1805:   -- Id: C.14
1806:   function "<=" (L, R: SIGNED) return BOOLEAN is
1807:     variable SIZE: NATURAL := MAX(L'LENGTH, R'LENGTH);
1808:   begin
1809:     if ((L'LENGTH < 1) or (R'LENGTH < 1)) then
1810:       assert NO_WARNING
1811:           report "NUMERIC_BIT.""<="": null argument detected, returning FALSE"
1812:           severity WARNING;
1813:       return FALSE;
1814:     end if;
1815:     return SIGNED_LESS_OR_EQUAL(RESIZE(L, SIZE), RESIZE(R, SIZE));
1816:   end "<=";
1817: 
1818:   -- Id: C.15
1819:   function "<=" (L: NATURAL; R: UNSIGNED) return BOOLEAN is
1820:   begin
1821:     if (R'LENGTH < 1) then
1822:       assert NO_WARNING
1823:           report "NUMERIC_BIT.""<="": null argument detected, returning FALSE"
1824:           severity WARNING;
1825:       return FALSE;
1826:     end if;
1827:     if UNSIGNED_NUM_BITS(L) > R'LENGTH then return L < 0;
1828:     end if;
1829:     return UNSIGNED_LESS_OR_EQUAL(TO_UNSIGNED(L, R'LENGTH), R);
1830:   end "<=";
1831: 
1832:   -- Id: C.16
1833:   function "<=" (L: INTEGER; R: SIGNED) return BOOLEAN is
1834:   begin
1835:     if (R'LENGTH < 1) then
1836:       assert NO_WARNING
1837:           report "NUMERIC_BIT.""<="": null argument detected, returning FALSE"
1838:           severity WARNING;
1839:       return FALSE;
1840:     end if;
1841:     if SIGNED_NUM_BITS(L) > R'LENGTH then return L < 0;
1842:     end if;
1843:     return SIGNED_LESS_OR_EQUAL(TO_SIGNED(L, R'LENGTH), R);
1844:   end "<=";
1845: 
1846:   -- Id: C.17
1847:   function "<=" (L: UNSIGNED; R: NATURAL) return BOOLEAN is
1848:   begin
1849:     if (L'LENGTH < 1) then
1850:       assert NO_WARNING
1851:           report "NUMERIC_BIT.""<="": null argument detected, returning FALSE"
1852:           severity WARNING;
1853:       return FALSE;
1854:     end if;
1855:     if UNSIGNED_NUM_BITS(R) > L'LENGTH then return 0 < R;
1856:     end if;
1857:     return UNSIGNED_LESS_OR_EQUAL(L, TO_UNSIGNED(R, L'LENGTH));
1858:   end "<=";
1859: 
1860:   -- Id: C.18
1861:   function "<=" (L: SIGNED; R: INTEGER) return BOOLEAN is
1862:   begin
1863:     if (L'LENGTH < 1) then
1864:       assert NO_WARNING
1865:           report "NUMERIC_BIT.""<="": null argument detected, returning FALSE"
1866:           severity WARNING;
1867:       return FALSE;
1868:     end if;
1869:     if SIGNED_NUM_BITS(R) > L'LENGTH then return 0 < R;
1870:     end if;
1871:     return SIGNED_LESS_OR_EQUAL(L, TO_SIGNED(R, L'LENGTH));
1872:   end "<=";
1873: 
1874:   --============================================================================
1875: 
1876:   -- Id: C.19
1877:   function ">=" (L, R: UNSIGNED) return BOOLEAN is
1878:     variable SIZE: NATURAL := MAX(L'LENGTH, R'LENGTH);
1879:   begin
1880:     if ((L'LENGTH < 1) or (R'LENGTH < 1)) then
1881:       assert NO_WARNING
1882:           report "NUMERIC_BIT."">="": null argument detected, returning FALSE"
1883:           severity WARNING;
1884:       return FALSE;
1885:     end if;
1886:     return not UNSIGNED_LESS(RESIZE(L, SIZE), RESIZE(R, SIZE));
1887:   end ">=";
1888: 
1889:   -- Id: C.20
1890:   function ">=" (L, R: SIGNED) return BOOLEAN is
1891:     variable SIZE: NATURAL := MAX(L'LENGTH, R'LENGTH);
1892:   begin
1893:     if ((L'LENGTH < 1) or (R'LENGTH < 1)) then
1894:       assert NO_WARNING
1895:           report "NUMERIC_BIT."">="": null argument detected, returning FALSE"
1896:           severity WARNING;
1897:       return FALSE;
1898:     end if;
1899:     return not SIGNED_LESS(RESIZE(L, SIZE), RESIZE(R, SIZE));
1900:   end ">=";
1901: 
1902:   -- Id: C.21
1903:   function ">=" (L: NATURAL; R: UNSIGNED) return BOOLEAN is
1904:   begin
1905:     if (R'LENGTH < 1) then
1906:       assert NO_WARNING
1907:           report "NUMERIC_BIT."">="": null argument detected, returning FALSE"
1908:           severity WARNING;
1909:       return FALSE;
1910:     end if;
1911:     if UNSIGNED_NUM_BITS(L) > R'LENGTH then return L > 0;
1912:     end if;
1913:     return not UNSIGNED_LESS(TO_UNSIGNED(L, R'LENGTH), R);
1914:   end ">=";
1915: 
1916:   -- Id: C.22
1917:   function ">=" (L: INTEGER; R: SIGNED) return BOOLEAN is
1918:   begin
1919:     if (R'LENGTH < 1) then
1920:       assert NO_WARNING
1921:           report "NUMERIC_BIT."">="": null argument detected, returning FALSE"
1922:           severity WARNING;
1923:       return FALSE;
1924:     end if;
1925:     if SIGNED_NUM_BITS(L) > R'LENGTH then return L > 0;
1926:     end if;
1927:     return not SIGNED_LESS(TO_SIGNED(L, R'LENGTH), R);
1928:   end ">=";
1929: 
1930:   -- Id: C.23
1931:   function ">=" (L: UNSIGNED; R: NATURAL) return BOOLEAN is
1932:   begin
1933:     if (L'LENGTH < 1) then
1934:       assert NO_WARNING
1935:           report "NUMERIC_BIT."">="": null argument detected, returning FALSE"
1936:           severity WARNING;
1937:       return FALSE;
1938:     end if;
1939:     if UNSIGNED_NUM_BITS(R) > L'LENGTH then return 0 > R;
1940:     end if;
1941:     return not UNSIGNED_LESS(L, TO_UNSIGNED(R, L'LENGTH));
1942:   end ">=";
1943: 
1944:   -- Id: C.24
1945:   function ">=" (L: SIGNED; R: INTEGER) return BOOLEAN is
1946:   begin
1947:     if (L'LENGTH < 1) then
1948:       assert NO_WARNING
1949:           report "NUMERIC_BIT."">="": null argument detected, returning FALSE"
1950:           severity WARNING;
1951:       return FALSE;
1952:     end if;
1953:     if SIGNED_NUM_BITS(R) > L'LENGTH then return 0 > R;
1954:     end if;
1955:     return not SIGNED_LESS(L, TO_SIGNED(R, L'LENGTH));
1956:   end ">=";
1957: 
1958:   --============================================================================
1959: 
1960:   -- Id: C.25
1961:   function "=" (L, R: UNSIGNED) return BOOLEAN is
1962:     variable SIZE: NATURAL := MAX(L'LENGTH, R'LENGTH);
1963:   begin
1964:     if ((L'LENGTH < 1) or (R'LENGTH < 1)) then
1965:       assert NO_WARNING
1966:           report "NUMERIC_BIT.""="": null argument detected, returning FALSE"
1967:           severity WARNING;
1968:       return FALSE;
1969:     end if;
1970:     return UNSIGNED_EQUAL(RESIZE(L, SIZE), RESIZE(R, SIZE));
1971:   end "=";
1972: 
1973:   -- Id: C.26
1974:   function "=" (L, R: SIGNED) return BOOLEAN is
1975:     variable SIZE: NATURAL := MAX(L'LENGTH, R'LENGTH);
1976:   begin
1977:     if ((L'LENGTH < 1) or (R'LENGTH < 1)) then
1978:       assert NO_WARNING
1979:           report "NUMERIC_BIT.""="": null argument detected, returning FALSE"
1980:           severity WARNING;
1981:       return FALSE;
1982:     end if;
1983:     return SIGNED_EQUAL(RESIZE(L, SIZE), RESIZE(R, SIZE));
1984:   end "=";
1985: 
1986:   -- Id: C.27
1987:   function "=" (L: NATURAL; R: UNSIGNED) return BOOLEAN is
1988:   begin
1989:     if (R'LENGTH < 1) then
1990:       assert NO_WARNING
1991:           report "NUMERIC_BIT.""="": null argument detected, returning FALSE"
1992:           severity WARNING;
1993:       return FALSE;
1994:     end if;
1995:     if UNSIGNED_NUM_BITS(L) > R'LENGTH then return FALSE;
1996:     end if;
1997:     return UNSIGNED_EQUAL(TO_UNSIGNED(L, R'LENGTH), R);
1998:   end "=";
1999: 
2000:   -- Id: C.28
2001:   function "=" (L: INTEGER; R: SIGNED) return BOOLEAN is
2002:   begin
2003:     if (R'LENGTH < 1) then
2004:       assert NO_WARNING
2005:           report "NUMERIC_BIT.""="": null argument detected, returning FALSE"
2006:           severity WARNING;
2007:       return FALSE;
2008:     end if;
2009:     if SIGNED_NUM_BITS(L) > R'LENGTH then return FALSE;
2010:     end if;
2011:     return SIGNED_EQUAL(TO_SIGNED(L, R'LENGTH), R);
2012:   end "=";
2013: 
2014:   -- Id: C.29
2015:   function "=" (L: UNSIGNED; R: NATURAL) return BOOLEAN is
2016:   begin
2017:     if (L'LENGTH < 1) then
2018:       assert NO_WARNING
2019:           report "NUMERIC_BIT.""="": null argument detected, returning FALSE"
2020:           severity WARNING;
2021:       return FALSE;
2022:     end if;
2023:     if UNSIGNED_NUM_BITS(R) > L'LENGTH then return FALSE;
2024:     end if;
2025:     return UNSIGNED_EQUAL(L, TO_UNSIGNED(R, L'LENGTH));
2026:   end "=";
2027: 
2028:   -- Id: C.30
2029:   function "=" (L: SIGNED; R: INTEGER) return BOOLEAN is
2030:   begin
2031:     if (L'LENGTH < 1) then
2032:       assert NO_WARNING
2033:           report "NUMERIC_BIT.""="": null argument detected, returning FALSE"
2034:           severity WARNING;
2035:       return FALSE;
2036:     end if;
2037:     if SIGNED_NUM_BITS(R) > L'LENGTH then return FALSE;
2038:     end if;
2039:     return SIGNED_EQUAL(L, TO_SIGNED(R, L'LENGTH));
2040:   end "=";
2041: 
2042:   --============================================================================
2043: 
2044:   -- Id: C.31
2045:   function "/=" (L, R: UNSIGNED) return BOOLEAN is
2046:     variable SIZE: NATURAL := MAX(L'LENGTH, R'LENGTH);
2047:   begin
2048:     if ((L'LENGTH < 1) or (R'LENGTH < 1)) then
2049:       assert NO_WARNING
2050:           report "NUMERIC_BIT.""/="": null argument detected, returning TRUE"
2051:           severity WARNING;
2052:       return TRUE;
2053:     end if;
2054:     return not(UNSIGNED_EQUAL(RESIZE(L, SIZE), RESIZE(R, SIZE)));
2055:   end "/=";
2056: 
2057:   -- Id: C.32
2058:   function "/=" (L, R: SIGNED) return BOOLEAN is
2059:     variable SIZE: NATURAL := MAX(L'LENGTH, R'LENGTH);
2060:   begin
2061:     if ((L'LENGTH < 1) or (R'LENGTH < 1)) then
2062:       assert NO_WARNING
2063:           report "NUMERIC_BIT.""/="": null argument detected, returning TRUE"
2064:           severity WARNING;
2065:       return TRUE;
2066:     end if;
2067:     return not(SIGNED_EQUAL(RESIZE(L, SIZE), RESIZE(R, SIZE)));
2068:   end "/=";
2069: 
2070:   -- Id: C.33
2071:   function "/=" (L: NATURAL; R: UNSIGNED) return BOOLEAN is
2072:   begin
2073:     if (R'LENGTH < 1) then
2074:       assert NO_WARNING
2075:           report "NUMERIC_BIT.""/="": null argument detected, returning TRUE"
2076:           severity WARNING;
2077:       return TRUE;
2078:     end if;
2079:     if UNSIGNED_NUM_BITS(L) > R'LENGTH then return TRUE;
2080:     end if;
2081:     return not(UNSIGNED_EQUAL(TO_UNSIGNED(L, R'LENGTH), R));
2082:   end "/=";
2083: 
2084:   -- Id: C.34
2085:   function "/=" (L: INTEGER; R: SIGNED) return BOOLEAN is
2086:   begin
2087:     if (R'LENGTH < 1) then
2088:       assert NO_WARNING
2089:           report "NUMERIC_BIT.""/="": null argument detected, returning TRUE"
2090:           severity WARNING;
2091:       return TRUE;
2092:     end if;
2093:     if SIGNED_NUM_BITS(L) > R'LENGTH then return TRUE;
2094:     end if;
2095:     return not(SIGNED_EQUAL(TO_SIGNED(L, R'LENGTH), R));
2096:   end "/=";
2097: 
2098:   -- Id: C.35
2099:   function "/=" (L: UNSIGNED; R: NATURAL) return BOOLEAN is
2100:   begin
2101:     if (L'LENGTH < 1) then
2102:       assert NO_WARNING
2103:           report "NUMERIC_BIT.""/="": null argument detected, returning TRUE"
2104:           severity WARNING;
2105:       return TRUE;
2106:     end if;
2107:     if UNSIGNED_NUM_BITS(R) > L'LENGTH then return TRUE;
2108:     end if;
2109:     return not(UNSIGNED_EQUAL(L, TO_UNSIGNED(R, L'LENGTH)));
2110:   end "/=";
2111: 
2112:   -- Id: C.36
2113:   function "/=" (L: SIGNED; R: INTEGER) return BOOLEAN is
2114:   begin
2115:     if (L'LENGTH < 1) then
2116:       assert NO_WARNING
2117:           report "NUMERIC_BIT.""/="": null argument detected, returning TRUE"
2118:           severity WARNING;
2119:       return TRUE;
2120:     end if;
2121:     if SIGNED_NUM_BITS(R) > L'LENGTH then return TRUE;
2122:     end if;
2123:     return not(SIGNED_EQUAL(L, TO_SIGNED(R, L'LENGTH)));
2124:   end "/=";
2125: 
2126:   --============================================================================
2127: 
2128:   -- Id: S.1
2129:   function SHIFT_LEFT (ARG: UNSIGNED; COUNT: NATURAL) return UNSIGNED is
2130:   begin
2131:     if (ARG'LENGTH < 1) then return NAU;
2132:     end if;
2133:     return UNSIGNED(XSLL(BIT_VECTOR(ARG), COUNT));
2134:   end SHIFT_LEFT;
2135: 
2136:   -- Id: S.2
2137:   function SHIFT_RIGHT (ARG: UNSIGNED; COUNT: NATURAL) return UNSIGNED is
2138:   begin
2139:     if (ARG'LENGTH < 1) then return NAU;
2140:     end if;
2141:     return UNSIGNED(XSRL(BIT_VECTOR(ARG), COUNT));
2142:   end SHIFT_RIGHT;
2143: 
2144:   -- Id: S.3
2145:   function SHIFT_LEFT (ARG: SIGNED; COUNT: NATURAL) return SIGNED is
2146:   begin
2147:     if (ARG'LENGTH < 1) then return NAS;
2148:     end if;
2149:     return SIGNED(XSLL(BIT_VECTOR(ARG), COUNT));
2150:   end SHIFT_LEFT;
2151: 
2152:   -- Id: S.4
2153:   function SHIFT_RIGHT (ARG: SIGNED; COUNT: NATURAL) return SIGNED is
2154:   begin
2155:     if (ARG'LENGTH < 1) then return NAS;
2156:     end if;
2157:     return SIGNED(XSRA(BIT_VECTOR(ARG), COUNT));
2158:   end SHIFT_RIGHT;
2159: 
2160:   --============================================================================
2161: 
2162:   -- Id: S.5
2163:   function ROTATE_LEFT (ARG: UNSIGNED; COUNT: NATURAL) return UNSIGNED is
2164:   begin
2165:     if (ARG'LENGTH < 1) then return NAU;
2166:     end if;
2167:     return UNSIGNED(XROL(BIT_VECTOR(ARG), COUNT));
2168:   end ROTATE_LEFT;
2169: 
2170:   -- Id: S.6
2171:   function ROTATE_RIGHT (ARG: UNSIGNED; COUNT: NATURAL) return UNSIGNED is
2172:   begin
2173:     if (ARG'LENGTH < 1) then return NAU;
2174:     end if;
2175:     return UNSIGNED(XROR(BIT_VECTOR(ARG), COUNT));
2176:   end ROTATE_RIGHT;
2177: 
2178:   -- Id: S.7
2179:   function ROTATE_LEFT (ARG: SIGNED; COUNT: NATURAL) return SIGNED is
2180:   begin
2181:     if (ARG'LENGTH < 1) then return NAS;
2182:     end if;
2183:     return SIGNED(XROL(BIT_VECTOR(ARG), COUNT));
2184:   end ROTATE_LEFT;
2185: 
2186:   -- Id: S.8
2187:   function ROTATE_RIGHT (ARG: SIGNED; COUNT: NATURAL) return SIGNED is
2188:   begin
2189:     if (ARG'LENGTH < 1) then return NAS;
2190:     end if;
2191:     return SIGNED(XROR(BIT_VECTOR(ARG), COUNT));
2192:   end ROTATE_RIGHT;
2193: 
2194:   --============================================================================
2195: 
2196:   ------------------------------------------------------------------------------
2197:   -- Note : Function S.9 is not compatible with VHDL 1076-1987. Comment
2198:   -- out the function (declaration and body) for VHDL 1076-1987 compatibility.
2199:   ------------------------------------------------------------------------------
2200:   -- Id: S.9
2201:   function "sll" (ARG: UNSIGNED; COUNT: INTEGER) return UNSIGNED is
2202:   begin
2203:     if (COUNT >= 0) then
2204:       return SHIFT_LEFT(ARG, COUNT);
2205:     else
2206:       return SHIFT_RIGHT(ARG, -COUNT);
2207:     end if;
2208:   end "sll";
2209: 
2210:   ------------------------------------------------------------------------------
2211:   -- Note : Function S.10 is not compatible with VHDL 1076-1987. Comment
2212:   -- out the function (declaration and body) for VHDL 1076-1987 compatibility.
2213:   ------------------------------------------------------------------------------
2214:   -- Id: S.10
2215:   function "sll" (ARG: SIGNED; COUNT: INTEGER) return SIGNED is
2216:   begin
2217:     if (COUNT >= 0) then
2218:       return SHIFT_LEFT(ARG, COUNT);
2219:     else
2220:       return SIGNED(SHIFT_RIGHT(UNSIGNED(ARG), -COUNT));
2221:     end if;
2222:   end "sll";
2223: 
2224:   ------------------------------------------------------------------------------
2225:   -- Note : Function S.11 is not compatible with VHDL 1076-1987. Comment
2226:   -- out the function (declaration and body) for VHDL 1076-1987 compatibility.
2227:   ------------------------------------------------------------------------------
2228:   -- Id: S.11
2229:   function "srl" (ARG: UNSIGNED; COUNT: INTEGER) return UNSIGNED is
2230:   begin
2231:     if (COUNT >= 0) then
2232:       return SHIFT_RIGHT(ARG, COUNT);
2233:     else
2234:       return SHIFT_LEFT(ARG, -COUNT);
2235:     end if;
2236:   end "srl";
2237: 
2238:   ------------------------------------------------------------------------------
2239:   -- Note : Function S.12 is not compatible with VHDL 1076-1987. Comment
2240:   -- out the function (declaration and body) for VHDL 1076-1987 compatibility.
2241:   ------------------------------------------------------------------------------
2242:   -- Id: S.12
2243:   function "srl" (ARG: SIGNED; COUNT: INTEGER) return SIGNED is
2244:   begin
2245:     if (COUNT >= 0) then
2246:       return SIGNED(SHIFT_RIGHT(UNSIGNED(ARG), COUNT));
2247:     else
2248:       return SHIFT_LEFT(ARG, -COUNT);
2249:     end if;
2250:   end "srl";
2251: 
2252:   ------------------------------------------------------------------------------
2253:   -- Note : Function S.13 is not compatible with VHDL 1076-1987. Comment
2254:   -- out the function (declaration and body) for VHDL 1076-1987 compatibility.
2255:   ------------------------------------------------------------------------------
2256:   -- Id: S.13
2257:   function "rol" (ARG: UNSIGNED; COUNT: INTEGER) return UNSIGNED is
2258:   begin
2259:     if (COUNT >= 0) then
2260:       return ROTATE_LEFT(ARG, COUNT);
2261:     else
2262:       return ROTATE_RIGHT(ARG, -COUNT);
2263:     end if;
2264:   end "rol";
2265: 
2266:   ------------------------------------------------------------------------------
2267:   -- Note : Function S.14 is not compatible with VHDL 1076-1987. Comment
2268:   -- out the function (declaration and body) for VHDL 1076-1987 compatibility.
2269:   ------------------------------------------------------------------------------
2270:   -- Id: S.14
2271:   function "rol" (ARG: SIGNED; COUNT: INTEGER) return SIGNED is
2272:   begin
2273:     if (COUNT >= 0) then
2274:       return ROTATE_LEFT(ARG, COUNT);
2275:     else
2276:       return ROTATE_RIGHT(ARG, -COUNT);
2277:     end if;
2278:   end "rol";
2279: 
2280:   ------------------------------------------------------------------------------
2281:   -- Note : Function S.15 is not compatible with VHDL 1076-1987. Comment
2282:   -- out the function (declaration and body) for VHDL 1076-1987 compatibility.
2283:   ------------------------------------------------------------------------------
2284:   -- Id: S.15
2285:   function "ror" (ARG: UNSIGNED; COUNT: INTEGER) return UNSIGNED is
2286:   begin
2287:     if (COUNT >= 0) then
2288:       return ROTATE_RIGHT(ARG, COUNT);
2289:     else
2290:       return ROTATE_LEFT(ARG, -COUNT);
2291:     end if;
2292:   end "ror";
2293: 
2294:   ------------------------------------------------------------------------------
2295:   -- Note : Function S.16 is not compatible with VHDL 1076-1987. Comment
2296:   -- out the function (declaration and body) for VHDL 1076-1987 compatibility.
2297:   ------------------------------------------------------------------------------
2298:   -- Id: S.16
2299:   function "ror" (ARG: SIGNED; COUNT: INTEGER) return SIGNED is
2300:   begin
2301:     if (COUNT >= 0) then
2302:       return ROTATE_RIGHT(ARG, COUNT);
2303:     else
2304:       return ROTATE_LEFT(ARG, -COUNT);
2305:     end if;
2306:   end "ror";
2307: 
2308:   --============================================================================
2309: 
2310:   -- Id: D.1
2311:   function TO_INTEGER (ARG: UNSIGNED) return NATURAL is
2312:     constant ARG_LEFT: INTEGER := ARG'LENGTH-1;
2313:     alias XARG: UNSIGNED(ARG_LEFT downto 0) is ARG;
2314:     variable RESULT: NATURAL := 0;
2315:   begin
2316:     if (ARG'LENGTH < 1) then
2317:       assert NO_WARNING
2318:           report "NUMERIC_BIT.TO_INTEGER: null detected, returning 0"
2319:           severity WARNING;
2320:       return 0;
2321:     end if;
2322:     for I in XARG'RANGE loop
2323:       RESULT := RESULT+RESULT;
2324:       if XARG(I) = '1' then
2325:         RESULT := RESULT + 1;
2326:       end if;
2327:     end loop;
2328:     return RESULT;
2329:   end TO_INTEGER;
2330: 
2331:   -- Id: D.2
2332:   function TO_INTEGER (ARG: SIGNED) return INTEGER is
2333:   begin
2334:     if (ARG'LENGTH < 1) then
2335:       assert NO_WARNING
2336:           report "NUMERIC_BIT.TO_INTEGER: null detected, returning 0"
2337:           severity WARNING;
2338:       return 0;
2339:     end if;
2340:     if ARG(ARG'LEFT) = '0' then
2341:       return TO_INTEGER(UNSIGNED(ARG));
2342:     else
2343:       return (- (TO_INTEGER(UNSIGNED(- (ARG + 1)))) -1);
2344:     end if;
2345:   end TO_INTEGER;
2346: 
2347:   -- Id: D.3
2348:   function TO_UNSIGNED (ARG, SIZE: NATURAL) return UNSIGNED is
2349:     variable RESULT: UNSIGNED(SIZE-1 downto 0);
2350:     variable I_VAL: NATURAL := ARG;
2351:   begin
2352:     if (SIZE < 1) then return NAU;
2353:     end if;
2354:     for I in 0 to RESULT'LEFT loop
2355:       if (I_VAL mod 2) = 0 then
2356:         RESULT(I) := '0';
2357:       else RESULT(I) := '1';
2358:       end if;
2359:       I_VAL := I_VAL/2;
2360:     end loop;
2361:     if not(I_VAL =0) then
2362:       assert NO_WARNING
2363:           report "NUMERIC_BIT.TO_UNSIGNED: vector truncated"
2364:           severity WARNING;
2365:     end if;
2366:     return RESULT;
2367:   end TO_UNSIGNED;
2368: 
2369:   -- Id: D.4
2370:   function TO_SIGNED (ARG: INTEGER;
2371:     SIZE: NATURAL) return SIGNED is
2372:         variable RESULT: SIGNED(SIZE-1 downto 0);
2373:     variable B_VAL: BIT := '0';
2374:     variable I_VAL: INTEGER := ARG;
2375:   begin
2376:     if (SIZE < 1) then return NAS;
2377:     end if;
2378:     if (ARG < 0) then
2379:       B_VAL := '1';
2380:       I_VAL := -(ARG+1);
2381:     end if;
2382:     for I in 0 to RESULT'LEFT loop
2383:       if (I_VAL mod 2) = 0 then
2384:         RESULT(I) := B_VAL;
2385:       else
2386:         RESULT(I) := not B_VAL;
2387:       end if;
2388:       I_VAL := I_VAL/2;
2389:     end loop;
2390:     if ((I_VAL/=0) or (B_VAL/=RESULT(RESULT'LEFT))) then
2391:       assert NO_WARNING
2392:           report "NUMERIC_BIT.TO_SIGNED: vector truncated"
2393:           severity WARNING;
2394:     end if;
2395:     return RESULT;
2396:   end TO_SIGNED;
2397: 
2398:   --============================================================================
2399: 
2400:   -- Id: R.1
2401:   function RESIZE (ARG: SIGNED; NEW_SIZE: NATURAL) return SIGNED is
2402:     alias INVEC: SIGNED(ARG'LENGTH-1 downto 0) is ARG;
2403:     variable RESULT: SIGNED(NEW_SIZE-1 downto 0) := (others => '0');
2404:     constant BOUND: INTEGER := MIN(ARG'LENGTH, RESULT'LENGTH)-2;
2405:   begin
2406:     if (NEW_SIZE < 1) then return NAS;
2407:     end if;
2408:     if (ARG'LENGTH = 0) then return RESULT;
2409:     end if;
2410:     RESULT := (others => ARG(ARG'LEFT));
2411:     if BOUND >= 0 then
2412:       RESULT(BOUND downto 0) := INVEC(BOUND downto 0);
2413:     end if;
2414:     return RESULT;
2415:   end RESIZE;
2416: 
2417:   -- Id: R.2
2418:   function RESIZE (ARG: UNSIGNED; NEW_SIZE: NATURAL) return UNSIGNED is
2419:     constant ARG_LEFT: INTEGER := ARG'LENGTH-1;
2420:     alias XARG: UNSIGNED(ARG_LEFT downto 0) is ARG;
2421:     variable RESULT: UNSIGNED(NEW_SIZE-1 downto 0) := (others => '0');
2422:   begin
2423:     if (NEW_SIZE < 1) then return NAU;
2424:     end if;
2425:     if XARG'LENGTH =0 then return RESULT;
2426:     end if;
2427:     if (RESULT'LENGTH < ARG'LENGTH) then
2428:       RESULT(RESULT'LEFT downto 0) := XARG(RESULT'LEFT downto 0);
2429:     else
2430:       RESULT(RESULT'LEFT downto XARG'LEFT+1) := (others => '0');
2431:       RESULT(XARG'LEFT downto 0) := XARG;
2432:     end if;
2433:     return RESULT;
2434:   end RESIZE;
2435: 
2436:   --============================================================================
2437: 
2438:   -- Id: L.1
2439:   function "not" (L: UNSIGNED) return UNSIGNED is
2440:     variable RESULT: UNSIGNED(L'LENGTH-1 downto 0);
2441:   begin
2442:     RESULT := UNSIGNED(not(BIT_VECTOR(L)));
2443:     return RESULT;
2444:   end "not";
2445: 
2446:   -- Id: L.2
2447:   function "and" (L, R: UNSIGNED) return UNSIGNED is
2448:     variable RESULT: UNSIGNED(L'LENGTH-1 downto 0);
2449:   begin
2450:     RESULT := UNSIGNED(BIT_VECTOR(L) and BIT_VECTOR(R));
2451:     return RESULT;
2452:   end "and";
2453: 
2454:   -- Id: L.3
2455:   function "or" (L, R: UNSIGNED) return UNSIGNED is
2456:     variable RESULT: UNSIGNED(L'LENGTH-1 downto 0);
2457:   begin
2458:     RESULT := UNSIGNED(BIT_VECTOR(L) or BIT_VECTOR(R));
2459:     return RESULT;
2460:   end "or";
2461: 
2462:   -- Id: L.4
2463:   function "nand" (L, R: UNSIGNED) return UNSIGNED is
2464:     variable RESULT: UNSIGNED(L'LENGTH-1 downto 0);
2465:   begin
2466:     RESULT := UNSIGNED(BIT_VECTOR(L) nand BIT_VECTOR(R));
2467:     return RESULT;
2468:   end "nand";
2469: 
2470:   -- Id: L.5
2471:   function "nor" (L, R: UNSIGNED) return UNSIGNED is
2472:     variable RESULT: UNSIGNED(L'LENGTH-1 downto 0);
2473:   begin
2474:     RESULT := UNSIGNED(BIT_VECTOR(L) nor BIT_VECTOR(R));
2475:     return RESULT;
2476:   end "nor";
2477: 
2478:   -- Id: L.6
2479:   function "xor" (L, R: UNSIGNED) return UNSIGNED is
2480:     variable RESULT: UNSIGNED(L'LENGTH-1 downto 0);
2481:   begin
2482:     RESULT := UNSIGNED(BIT_VECTOR(L) xor BIT_VECTOR(R));
2483:     return RESULT;
2484:   end "xor";
2485: 
2486:   ------------------------------------------------------------------------------
2487:   -- Note : Function L.7 is not compatible with VHDL 1076-1987. Comment
2488:   -- out the function (declaration and body) for VHDL 1076-1987 compatibility.
2489:   ------------------------------------------------------------------------------
2490:   -- Id: L.7
2491:   function "xnor" (L, R: UNSIGNED) return UNSIGNED is
2492:     variable RESULT: UNSIGNED(L'LENGTH-1 downto 0);
2493:   begin
2494:     RESULT := UNSIGNED(BIT_VECTOR(L) xnor BIT_VECTOR(R));
2495:     return RESULT;
2496:   end "xnor";
2497: 
2498:   -- Id: L.8
2499:   function "not" (L: SIGNED) return SIGNED is
2500:     variable RESULT: SIGNED(L'LENGTH-1 downto 0);
2501:   begin
2502:     RESULT := SIGNED(not(BIT_VECTOR(L)));
2503:     return RESULT;
2504:   end "not";
2505: 
2506:   -- Id: L.9
2507:   function "and" (L, R: SIGNED) return SIGNED is
2508:     variable RESULT: SIGNED(L'LENGTH-1 downto 0);
2509:   begin
2510:     RESULT := SIGNED(BIT_VECTOR(L) and BIT_VECTOR(R));
2511:     return RESULT;
2512:   end "and";
2513: 
2514:   -- Id: L.10
2515:   function "or" (L, R: SIGNED) return SIGNED is
2516:     variable RESULT: SIGNED(L'LENGTH-1 downto 0);
2517:   begin
2518:     RESULT := SIGNED(BIT_VECTOR(L) or BIT_VECTOR(R));
2519:     return RESULT;
2520:   end "or";
2521: 
2522:   -- Id: L.11
2523:   function "nand" (L, R: SIGNED) return SIGNED is
2524:     variable RESULT: SIGNED(L'LENGTH-1 downto 0);
2525:   begin
2526:     RESULT := SIGNED(BIT_VECTOR(L) nand BIT_VECTOR(R));
2527:     return RESULT;
2528:   end "nand";
2529: 
2530:   -- Id: L.12
2531:   function "nor" (L, R: SIGNED) return SIGNED is
2532:     variable RESULT: SIGNED(L'LENGTH-1 downto 0);
2533:   begin
2534:     RESULT := SIGNED(BIT_VECTOR(L) nor BIT_VECTOR(R));
2535:     return RESULT;
2536:   end "nor";
2537: 
2538:   -- Id: L.13
2539:   function "xor" (L, R: SIGNED) return SIGNED is
2540:     variable RESULT: SIGNED(L'LENGTH-1 downto 0);
2541:   begin
2542:     RESULT := SIGNED(BIT_VECTOR(L) xor BIT_VECTOR(R));
2543:     return RESULT;
2544:   end "xor";
2545: 
2546:   ------------------------------------------------------------------------------
2547:   -- Note : Function L.14 is not compatible with VHDL 1076-1987. Comment
2548:   -- out the function (declaration and body) for VHDL 1076-1987 compatibility.
2549:   ------------------------------------------------------------------------------
2550:   -- Id: L.14
2551:   function "xnor" (L, R: SIGNED) return SIGNED is
2552:     variable RESULT: SIGNED(L'LENGTH-1 downto 0);
2553:   begin
2554:     RESULT := SIGNED(BIT_VECTOR(L) xnor BIT_VECTOR(R));
2555:     return RESULT;
2556:   end "xnor";
2557: 
2558:   --============================================================================
2559: 
2560:   -- Id: E.1
2561:   function RISING_EDGE (signal S: BIT) return BOOLEAN is
2562:   begin
2563:     return S'EVENT and S = '1';
2564:   end RISING_EDGE;
2565: 
2566:   -- Id: E.2
2567:   function FALLING_EDGE (signal S: BIT) return BOOLEAN is
2568:   begin
2569:     return S'EVENT and S = '0';
2570:   end FALLING_EDGE;
2571: 
2572:   --============================================================================
2573: end NUMERIC_BIT;

CHILD_SCOPES(@IEEE.std_logic_1164)= 256: PACKAGE BODY std_logic_1164 IS
 257:     -------------------------------------------------------------------    
 258:     -- local types
 259:     -------------------------------------------------------------------    
 260:     --synopsys synthesis_off 
 261:     TYPE stdlogic_1d IS ARRAY (std_ulogic) OF std_ulogic;
 262:     TYPE stdlogic_table IS ARRAY(std_ulogic, std_ulogic) OF std_ulogic;
 263: 
 264:     -------------------------------------------------------------------    
 265:     -- resolution function
 266:     -------------------------------------------------------------------    
 267:     CONSTANT resolution_table : stdlogic_table := (
 268:     --      ---------------------------------------------------------
 269:     --      |  U    X    0    1    Z    W    L    H    -        |   |  
 270:     --      ---------------------------------------------------------
 271:             ( 'U', 'U', 'U', 'U', 'U', 'U', 'U', 'U', 'U' ), -- | U |
 272:             ( 'U', 'X', 'X', 'X', 'X', 'X', 'X', 'X', 'X' ), -- | X |
 273:             ( 'U', 'X', '0', 'X', '0', '0', '0', '0', 'X' ), -- | 0 |
 274:             ( 'U', 'X', 'X', '1', '1', '1', '1', '1', 'X' ), -- | 1 |
 275:             ( 'U', 'X', '0', '1', 'Z', 'W', 'L', 'H', 'X' ), -- | Z |
 276:             ( 'U', 'X', '0', '1', 'W', 'W', 'W', 'W', 'X' ), -- | W |
 277:             ( 'U', 'X', '0', '1', 'L', 'W', 'L', 'W', 'X' ), -- | L |
 278:             ( 'U', 'X', '0', '1', 'H', 'W', 'W', 'H', 'X' ), -- | H |
 279:             ( 'U', 'X', 'X', 'X', 'X', 'X', 'X', 'X', 'X' )  -- | - |
 280:         );
 281:     --synopsys synthesis_on
 282:         
 283:     FUNCTION resolved ( s : std_ulogic_vector ) RETURN std_ulogic IS
 284:         -- pragma resolution_method three_state
 285:         -- pragma subpgm_id 183
 286:         --synopsys synthesis_off 
 287:         VARIABLE result : std_ulogic := 'Z';  -- weakest state default
 288:         --synopsys synthesis_on    
 289:     BEGIN
 290:         -- the test for a single driver is essential otherwise the
 291:         -- loop would return 'X' for a single driver of '-' and that
 292:         -- would conflict with the value of a single driver unresolved
 293:         -- signal.
 294:         --synopsys synthesis_off
 295:         IF    (s'LENGTH = 1) THEN    RETURN s(s'LOW);
 296:         ELSE
 297:             FOR i IN s'RANGE LOOP
 298:                 result := resolution_table(result, s(i));
 299:             END LOOP;
 300:         END IF;
 301:         RETURN result;
 302:         --synopsys synthesis_on
 303:     END resolved;
 304: 
 305:     -------------------------------------------------------------------    
 306:     -- tables for logical operations
 307:     -------------------------------------------------------------------    
 308: 
 309:     --synopsys synthesis_off
 310:     -- truth table for "and" function
 311:     CONSTANT and_table : stdlogic_table := (
 312:     --      ----------------------------------------------------
 313:     --      |  U    X    0    1    Z    W    L    H    -         |   |  
 314:     --      ----------------------------------------------------
 315:             ( 'U', 'U', '0', 'U', 'U', 'U', '0', 'U', 'U' ),  -- | U |
 316:             ( 'U', 'X', '0', 'X', 'X', 'X', '0', 'X', 'X' ),  -- | X |
 317:             ( '0', '0', '0', '0', '0', '0', '0', '0', '0' ),  -- | 0 |
 318:             ( 'U', 'X', '0', '1', 'X', 'X', '0', '1', 'X' ),  -- | 1 |
 319:             ( 'U', 'X', '0', 'X', 'X', 'X', '0', 'X', 'X' ),  -- | Z |
 320:             ( 'U', 'X', '0', 'X', 'X', 'X', '0', 'X', 'X' ),  -- | W |
 321:             ( '0', '0', '0', '0', '0', '0', '0', '0', '0' ),  -- | L |
 322:             ( 'U', 'X', '0', '1', 'X', 'X', '0', '1', 'X' ),  -- | H |
 323:             ( 'U', 'X', '0', 'X', 'X', 'X', '0', 'X', 'X' )   -- | - |
 324:     );
 325: 
 326:     -- truth table for "or" function
 327:     CONSTANT or_table : stdlogic_table := (
 328:     --      ----------------------------------------------------
 329:     --      |  U    X    0    1    Z    W    L    H    -         |   |  
 330:     --      ----------------------------------------------------
 331:             ( 'U', 'U', 'U', '1', 'U', 'U', 'U', '1', 'U' ),  -- | U |
 332:             ( 'U', 'X', 'X', '1', 'X', 'X', 'X', '1', 'X' ),  -- | X |
 333:             ( 'U', 'X', '0', '1', 'X', 'X', '0', '1', 'X' ),  -- | 0 |
 334:             ( '1', '1', '1', '1', '1', '1', '1', '1', '1' ),  -- | 1 |
 335:             ( 'U', 'X', 'X', '1', 'X', 'X', 'X', '1', 'X' ),  -- | Z |
 336:             ( 'U', 'X', 'X', '1', 'X', 'X', 'X', '1', 'X' ),  -- | W |
 337:             ( 'U', 'X', '0', '1', 'X', 'X', '0', '1', 'X' ),  -- | L |
 338:             ( '1', '1', '1', '1', '1', '1', '1', '1', '1' ),  -- | H |
 339:             ( 'U', 'X', 'X', '1', 'X', 'X', 'X', '1', 'X' )   -- | - |
 340:     );
 341: 
 342:     -- truth table for "xor" function
 343:     CONSTANT xor_table : stdlogic_table := (
 344:     --      ----------------------------------------------------
 345:     --      |  U    X    0    1    Z    W    L    H    -         |   |  
 346:     --      ----------------------------------------------------
 347:             ( 'U', 'U', 'U', 'U', 'U', 'U', 'U', 'U', 'U' ),  -- | U |
 348:             ( 'U', 'X', 'X', 'X', 'X', 'X', 'X', 'X', 'X' ),  -- | X |
 349:             ( 'U', 'X', '0', '1', 'X', 'X', '0', '1', 'X' ),  -- | 0 |
 350:             ( 'U', 'X', '1', '0', 'X', 'X', '1', '0', 'X' ),  -- | 1 |
 351:             ( 'U', 'X', 'X', 'X', 'X', 'X', 'X', 'X', 'X' ),  -- | Z |
 352:             ( 'U', 'X', 'X', 'X', 'X', 'X', 'X', 'X', 'X' ),  -- | W |
 353:             ( 'U', 'X', '0', '1', 'X', 'X', '0', '1', 'X' ),  -- | L |
 354:             ( 'U', 'X', '1', '0', 'X', 'X', '1', '0', 'X' ),  -- | H |
 355:             ( 'U', 'X', 'X', 'X', 'X', 'X', 'X', 'X', 'X' )   -- | - |
 356:     );
 357: 
 358:     -- truth table for "not" function
 359:     CONSTANT not_table: stdlogic_1d := 
 360:     --  -------------------------------------------------
 361:     --  |   U    X    0    1    Z    W    L    H    -   |
 362:     --  -------------------------------------------------
 363:          ( 'U', 'X', '1', '0', 'X', 'X', '1', '0', 'X' ); 
 364:     --synopsys synthesis_on
 365: 
 366:     -------------------------------------------------------------------    
 367:     -- overloaded logical operators ( with optimizing hints )
 368:     -------------------------------------------------------------------    
 369: 
 370:     FUNCTION "and"  ( l : std_ulogic; r : std_ulogic ) RETURN UX01 IS
 371:     -- pragma built_in SYN_AND
 372:     -- pragma subpgm_id 184
 373:     BEGIN
 374:     --synopsys synthesis_off
 375:         RETURN (and_table(l, r));
 376:     --synopsys synthesis_on
 377:     END "and";
 378: 
 379:     FUNCTION "nand" ( l : std_ulogic; r : std_ulogic ) RETURN UX01 IS
 380:     -- pragma built_in SYN_NAND
 381:     -- pragma subpgm_id 185
 382:     BEGIN
 383:     --synopsys synthesis_off
 384:         RETURN  (not_table ( and_table(l, r)));
 385:     --synopsys synthesis_on
 386:     END "nand";
 387: 
 388:     FUNCTION "or"   ( l : std_ulogic; r : std_ulogic ) RETURN UX01 IS
 389:     -- pragma built_in SYN_OR
 390:     -- pragma subpgm_id 186
 391:     BEGIN
 392:     --synopsys synthesis_off
 393:         RETURN (or_table(l, r));
 394:     --synopsys synthesis_on
 395:     END "or";
 396: 
 397:     FUNCTION "nor"  ( l : std_ulogic; r : std_ulogic ) RETURN UX01 IS
 398:     -- pragma built_in SYN_NOR
 399:     -- pragma subpgm_id 187
 400:     BEGIN
 401:     --synopsys synthesis_off
 402:         RETURN  (not_table ( or_table( l, r )));
 403:     --synopsys synthesis_on
 404:     END "nor";
 405: 
 406:     FUNCTION "xor"  ( l : std_ulogic; r : std_ulogic ) RETURN UX01 IS
 407:     -- pragma built_in SYN_XOR
 408:     -- pragma subpgm_id 188
 409:     BEGIN
 410:     --synopsys synthesis_off
 411:         RETURN (xor_table(l, r));
 412:     --synopsys synthesis_on
 413:     END "xor";
 414: 
 415: --  function "xnor"  ( l : std_ulogic; r : std_ulogic ) return ux01 is
 416: --  -- pragma built_in SYN_XNOR
 417: --  -- pragma subpgm_id 189
 418: --  begin
 419: --  --synopsys synthesis_off
 420: --      return not_table(xor_table(l, r));
 421: --  --synopsys synthesis_on
 422: --  end "xnor";
 423: 
 424:     function "xnor"  ( l : std_ulogic; r : std_ulogic ) return ux01 is
 425:     -- pragma built_in SYN_XNOR
 426:     -- pragma subpgm_id 189
 427:     begin
 428:     --synopsys synthesis_off
 429:         return not_table(xor_table(l, r));
 430:     --synopsys synthesis_on
 431:     end "xnor";
 432: 
 433:     FUNCTION "not"  ( l : std_ulogic ) RETURN UX01 IS
 434:     -- pragma built_in SYN_NOT
 435:     -- pragma subpgm_id 190
 436:     BEGIN
 437:     --synopsys synthesis_off
 438:         RETURN (not_table(l));
 439:     --synopsys synthesis_on
 440:     END "not";
 441:     
 442:     -------------------------------------------------------------------    
 443:     -- and
 444:     -------------------------------------------------------------------    
 445:     FUNCTION "and"  ( l,r : std_logic_vector ) RETURN std_logic_vector IS
 446:         -- pragma built_in SYN_AND
 447: 	-- pragma subpgm_id 198
 448:         --synopsys synthesis_off
 449:         ALIAS lv : std_logic_vector ( 1 TO l'LENGTH ) IS l;
 450:         ALIAS rv : std_logic_vector ( 1 TO r'LENGTH ) IS r;
 451:         VARIABLE result : std_logic_vector ( 1 TO l'LENGTH );
 452:         --synopsys synthesis_on
 453:     BEGIN
 454:         --synopsys synthesis_off
 455:         IF ( l'LENGTH /= r'LENGTH ) THEN
 456:             ASSERT FALSE
 457:             REPORT "arguments of overloaded 'and' operator are not of the same length"
 458:             SEVERITY FAILURE;
 459:         ELSE
 460:             FOR i IN result'RANGE LOOP
 461:                 result(i) := and_table (lv(i), rv(i));
 462:             END LOOP;
 463:         END IF;
 464:         RETURN result;
 465:         --synopsys synthesis_on
 466:     END "and";
 467:     ---------------------------------------------------------------------
 468:     FUNCTION "and"  ( l,r : std_ulogic_vector ) RETURN std_ulogic_vector IS
 469:         -- pragma built_in SYN_AND
 470: 	-- pragma subpgm_id 191
 471:         --synopsys synthesis_off
 472:         ALIAS lv : std_ulogic_vector ( 1 TO l'LENGTH ) IS l;
 473:         ALIAS rv : std_ulogic_vector ( 1 TO r'LENGTH ) IS r;
 474:         VARIABLE result : std_ulogic_vector ( 1 TO l'LENGTH );
 475:         --synopsys synthesis_on
 476:     BEGIN
 477:         --synopsys synthesis_off
 478:         IF ( l'LENGTH /= r'LENGTH ) THEN
 479:             ASSERT FALSE
 480:             REPORT "arguments of overloaded 'and' operator are not of the same length"
 481:             SEVERITY FAILURE;
 482:         ELSE
 483:             FOR i IN result'RANGE LOOP
 484:                 result(i) := and_table (lv(i), rv(i));
 485:             END LOOP;
 486:         END IF;
 487:         RETURN result;
 488:         --synopsys synthesis_on
 489:     END "and";
 490:     -------------------------------------------------------------------    
 491:     -- nand
 492:     -------------------------------------------------------------------    
 493:     FUNCTION "nand"  ( l,r : std_logic_vector ) RETURN std_logic_vector IS
 494:         -- pragma built_in SYN_NAND
 495: 	-- pragma subpgm_id 199
 496:         --synopsys synthesis_off
 497:         ALIAS lv : std_logic_vector ( 1 TO l'LENGTH ) IS l;
 498:         ALIAS rv : std_logic_vector ( 1 TO r'LENGTH ) IS r;
 499:         VARIABLE result : std_logic_vector ( 1 TO l'LENGTH );
 500:         --synopsys synthesis_on
 501:     BEGIN
 502:         --synopsys synthesis_off
 503:         IF ( l'LENGTH /= r'LENGTH ) THEN
 504:             ASSERT FALSE
 505:             REPORT "arguments of overloaded 'nand' operator are not of the same length"
 506:             SEVERITY FAILURE;
 507:         ELSE
 508:             FOR i IN result'RANGE LOOP
 509:                 result(i) := not_table(and_table (lv(i), rv(i)));
 510:             END LOOP;
 511:         END IF;
 512:         RETURN result;
 513:         --synopsys synthesis_on
 514:     END "nand";
 515:     ---------------------------------------------------------------------
 516:     FUNCTION "nand"  ( l,r : std_ulogic_vector ) RETURN std_ulogic_vector IS
 517:         -- pragma built_in SYN_NAND
 518: 	-- pragma subpgm_id 192
 519:         --synopsys synthesis_off
 520:         ALIAS lv : std_ulogic_vector ( 1 TO l'LENGTH ) IS l;
 521:         ALIAS rv : std_ulogic_vector ( 1 TO r'LENGTH ) IS r;
 522:         VARIABLE result : std_ulogic_vector ( 1 TO l'LENGTH );
 523:         --synopsys synthesis_on
 524:     BEGIN
 525:         --synopsys synthesis_off
 526:         IF ( l'LENGTH /= r'LENGTH ) THEN
 527:             ASSERT FALSE
 528:             REPORT "arguments of overloaded 'nand' operator are not of the same length"
 529:             SEVERITY FAILURE;
 530:         ELSE
 531:             FOR i IN result'RANGE LOOP
 532:                 result(i) := not_table(and_table (lv(i), rv(i)));
 533:             END LOOP;
 534:         END IF;
 535:         RETURN result;
 536:         --synopsys synthesis_on
 537:     END "nand";
 538:     -------------------------------------------------------------------    
 539:     -- or
 540:     -------------------------------------------------------------------    
 541:     FUNCTION "or"  ( l,r : std_logic_vector ) RETURN std_logic_vector IS
 542:         -- pragma built_in SYN_OR
 543: 	-- pragma subpgm_id 200
 544:         --synopsys synthesis_off
 545:         ALIAS lv : std_logic_vector ( 1 TO l'LENGTH ) IS l;
 546:         ALIAS rv : std_logic_vector ( 1 TO r'LENGTH ) IS r;
 547:         VARIABLE result : std_logic_vector ( 1 TO l'LENGTH );
 548:         --synopsys synthesis_on
 549:     BEGIN
 550:         --synopsys synthesis_off
 551:         IF ( l'LENGTH /= r'LENGTH ) THEN
 552:             ASSERT FALSE
 553:             REPORT "arguments of overloaded 'or' operator are not of the same length"
 554:             SEVERITY FAILURE;
 555:         ELSE
 556:             FOR i IN result'RANGE LOOP
 557:                 result(i) := or_table (lv(i), rv(i));
 558:             END LOOP;
 559:         END IF;
 560:         RETURN result;
 561:         --synopsys synthesis_on
 562:     END "or";
 563:     ---------------------------------------------------------------------
 564:     FUNCTION "or"  ( l,r : std_ulogic_vector ) RETURN std_ulogic_vector IS
 565:         -- pragma built_in SYN_OR
 566: 	-- pragma subpgm_id 193
 567:         --synopsys synthesis_off
 568:         ALIAS lv : std_ulogic_vector ( 1 TO l'LENGTH ) IS l;
 569:         ALIAS rv : std_ulogic_vector ( 1 TO r'LENGTH ) IS r;
 570:         VARIABLE result : std_ulogic_vector ( 1 TO l'LENGTH );
 571:         --synopsys synthesis_on
 572:     BEGIN
 573:         --synopsys synthesis_off
 574:         IF ( l'LENGTH /= r'LENGTH ) THEN
 575:             ASSERT FALSE
 576:             REPORT "arguments of overloaded 'or' operator are not of the same length"
 577:             SEVERITY FAILURE;
 578:         ELSE
 579:             FOR i IN result'RANGE LOOP
 580:                 result(i) := or_table (lv(i), rv(i));
 581:             END LOOP;
 582:         END IF;
 583:         RETURN result;
 584:         --synopsys synthesis_on
 585:     END "or";
 586:     -------------------------------------------------------------------    
 587:     -- nor
 588:     -------------------------------------------------------------------    
 589:     FUNCTION "nor"  ( l,r : std_logic_vector ) RETURN std_logic_vector IS
 590:         -- pragma built_in SYN_NOR
 591: 	-- pragma subpgm_id 201
 592:         --synopsys synthesis_off
 593:         ALIAS lv : std_logic_vector ( 1 TO l'LENGTH ) IS l;
 594:         ALIAS rv : std_logic_vector ( 1 TO r'LENGTH ) IS r;
 595:         VARIABLE result : std_logic_vector ( 1 TO l'LENGTH );
 596:         --synopsys synthesis_on
 597:     BEGIN
 598:         --synopsys synthesis_off
 599:         IF ( l'LENGTH /= r'LENGTH ) THEN
 600:             ASSERT FALSE
 601:             REPORT "arguments of overloaded 'nor' operator are not of the same length"
 602:             SEVERITY FAILURE;
 603:         ELSE
 604:             FOR i IN result'RANGE LOOP
 605:                 result(i) := not_table(or_table (lv(i), rv(i)));
 606:             END LOOP;
 607:         END IF;
 608:         RETURN result;
 609:         --synopsys synthesis_on
 610:     END "nor";
 611:     ---------------------------------------------------------------------
 612:     FUNCTION "nor"  ( l,r : std_ulogic_vector ) RETURN std_ulogic_vector IS
 613:         -- pragma built_in SYN_NOR
 614: 	-- pragma subpgm_id 194
 615:         --synopsys synthesis_off
 616:         ALIAS lv : std_ulogic_vector ( 1 TO l'LENGTH ) IS l;
 617:         ALIAS rv : std_ulogic_vector ( 1 TO r'LENGTH ) IS r;
 618:         VARIABLE result : std_ulogic_vector ( 1 TO l'LENGTH );
 619:         --synopsys synthesis_on
 620:     BEGIN
 621:         --synopsys synthesis_off
 622:         IF ( l'LENGTH /= r'LENGTH ) THEN
 623:             ASSERT FALSE
 624:             REPORT "arguments of overloaded 'nor' operator are not of the same length"
 625:             SEVERITY FAILURE;
 626:         ELSE
 627:             FOR i IN result'RANGE LOOP
 628:                 result(i) := not_table(or_table (lv(i), rv(i)));
 629:             END LOOP;
 630:         END IF;
 631:         RETURN result;
 632:         --synopsys synthesis_on
 633:     END "nor";
 634:     ---------------------------------------------------------------------
 635:     -- xor
 636:     -------------------------------------------------------------------    
 637:     FUNCTION "xor"  ( l,r : std_logic_vector ) RETURN std_logic_vector IS
 638:         -- pragma built_in SYN_XOR
 639: 	-- pragma subpgm_id 202
 640:         --synopsys synthesis_off
 641:         ALIAS lv : std_logic_vector ( 1 TO l'LENGTH ) IS l;
 642:         ALIAS rv : std_logic_vector ( 1 TO r'LENGTH ) IS r;
 643:         VARIABLE result : std_logic_vector ( 1 TO l'LENGTH );
 644:         --synopsys synthesis_on
 645:     BEGIN
 646:         --synopsys synthesis_off
 647:         IF ( l'LENGTH /= r'LENGTH ) THEN
 648:             ASSERT FALSE
 649:             REPORT "arguments of overloaded 'xor' operator are not of the same length"
 650:             SEVERITY FAILURE;
 651:         ELSE
 652:             FOR i IN result'RANGE LOOP
 653:                 result(i) := xor_table (lv(i), rv(i));
 654:             END LOOP;
 655:         END IF;
 656:         RETURN result;
 657:         --synopsys synthesis_on
 658:     END "xor";
 659:     ---------------------------------------------------------------------
 660:     FUNCTION "xor"  ( l,r : std_ulogic_vector ) RETURN std_ulogic_vector IS
 661:         -- pragma built_in SYN_XOR
 662: 	-- pragma subpgm_id 195
 663:         --synopsys synthesis_off
 664:         ALIAS lv : std_ulogic_vector ( 1 TO l'LENGTH ) IS l;
 665:         ALIAS rv : std_ulogic_vector ( 1 TO r'LENGTH ) IS r;
 666:         VARIABLE result : std_ulogic_vector ( 1 TO l'LENGTH );
 667:         --synopsys synthesis_on
 668:     BEGIN
 669:         --synopsys synthesis_off
 670:         IF ( l'LENGTH /= r'LENGTH ) THEN
 671:             ASSERT FALSE
 672:             REPORT "arguments of overloaded 'xor' operator are not of the same length"
 673:             SEVERITY FAILURE;
 674:         ELSE
 675:             FOR i IN result'RANGE LOOP
 676:                 result(i) := xor_table (lv(i), rv(i));
 677:             END LOOP;
 678:         END IF;
 679:         RETURN result;
 680:         --synopsys synthesis_on
 681:     END "xor";
 682: --  -------------------------------------------------------------------    
 683: --  -- xnor
 684: --  -------------------------------------------------------------------    
 685: --  -----------------------------------------------------------------------
 686: --  Note : The declaration and implementation of the "xnor" function is
 687: --  specifically commented until at which time the VHDL language has been
 688: --  officially adopted as containing such a function. At such a point, 
 689: --  the following comments may be removed along with this notice without
 690: --  further "official" ballotting of this std_logic_1164 package. It is
 691: --  the intent of this effort to provide such a function once it becomes
 692: --  available in the VHDL standard.
 693: --  -----------------------------------------------------------------------
 694: --  function "xnor"  ( l,r : std_logic_vector ) return std_logic_vector is
 695: --      -- pragma built_in SYN_XNOR
 696: --      -- pragma subpgm_id 203
 697: --      --synopsys synthesis_off
 698: --      alias lv : std_logic_vector ( 1 to l'length ) is l;
 699: --      alias rv : std_logic_vector ( 1 to r'length ) is r;
 700: --      variable result : std_logic_vector ( 1 to l'length );
 701: --      --synopsys synthesis_on
 702: --  begin
 703: --      --synopsys synthesis_off
 704: --      if ( l'length /= r'length ) then
 705: --          assert false
 706: --          report "arguments of overloaded 'xnor' operator are not of the same length"
 707: --          severity failure;
 708: --      else
 709: --          for i in result'range loop
 710: --              result(i) := not_table(xor_table (lv(i), rv(i)));
 711: --          end loop;
 712: --      end if;
 713: --      return result;
 714: --      --synopsys synthesis_on
 715: --  end "xnor";
 716: --  ---------------------------------------------------------------------
 717: --  function "xnor"  ( l,r : std_ulogic_vector ) return std_ulogic_vector is
 718: --      -- pragma built_in SYN_XNOR
 719: --      -- pragma subpgm_id 196
 720: --      --synopsys synthesis_off
 721: --      alias lv : std_ulogic_vector ( 1 to l'length ) is l;
 722: --      alias rv : std_ulogic_vector ( 1 to r'length ) is r;
 723: --      variable result : std_ulogic_vector ( 1 to l'length );
 724: --      --synopsys synthesis_on
 725: --  begin
 726: --      --synopsys synthesis_off
 727: --      if ( l'length /= r'length ) then
 728: --          assert false
 729: --          report "arguments of overloaded 'xnor' operator are not of the same length"
 730: --          severity failure;
 731: --      else
 732: --          for i in result'range loop
 733: --              result(i) := not_table(xor_table (lv(i), rv(i)));
 734: --          end loop;
 735: --      end if;
 736: --      return result;
 737: --      --synopsys synthesis_on
 738: --  end "xnor";
 739: 
 740:     function "xnor"  ( l,r : std_logic_vector ) return std_logic_vector is
 741:         -- pragma built_in SYN_XNOR
 742: 	-- pragma subpgm_id 203
 743:         --synopsys synthesis_off
 744:         alias lv : std_logic_vector ( 1 to l'length ) is l;
 745:         alias rv : std_logic_vector ( 1 to r'length ) is r;
 746:         variable result : std_logic_vector ( 1 to l'length );
 747:         --synopsys synthesis_on
 748:     begin
 749:         --synopsys synthesis_off
 750:         if ( l'length /= r'length ) then
 751:             assert false
 752:             report "arguments of overloaded 'xnor' operator are not of the same length"
 753:             severity failure;
 754:         else
 755:             for i in result'range loop
 756:                 result(i) := not_table(xor_table (lv(i), rv(i)));
 757:             end loop;
 758:         end if;
 759:         return result;
 760:         --synopsys synthesis_on
 761:     end "xnor";
 762:     ---------------------------------------------------------------------
 763:     function "xnor"  ( l,r : std_ulogic_vector ) return std_ulogic_vector is
 764:         -- pragma built_in SYN_XNOR
 765: 	-- pragma subpgm_id 196
 766:         --synopsys synthesis_off
 767:         alias lv : std_ulogic_vector ( 1 to l'length ) is l;
 768:         alias rv : std_ulogic_vector ( 1 to r'length ) is r;
 769:         variable result : std_ulogic_vector ( 1 to l'length );
 770:         --synopsys synthesis_on
 771:     begin
 772:         --synopsys synthesis_off
 773:         if ( l'length /= r'length ) then
 774:             assert false
 775:             report "arguments of overloaded 'xnor' operator are not of the same length"
 776:             severity failure;
 777:         else
 778:             for i in result'range loop
 779:                 result(i) := not_table(xor_table (lv(i), rv(i)));
 780:             end loop;
 781:         end if;
 782:         return result;
 783:         --synopsys synthesis_on
 784:     end "xnor";
 785: 
 786: 
 787: 
 788:     -------------------------------------------------------------------    
 789:     -- not
 790:     -------------------------------------------------------------------    
 791:     FUNCTION "not"  ( l : std_logic_vector ) RETURN std_logic_vector IS
 792:         -- pragma built_in SYN_NOT
 793: 	-- pragma subpgm_id 204
 794:         --synopsys synthesis_off
 795:         ALIAS lv : std_logic_vector ( 1 TO l'LENGTH ) IS l;
 796:         VARIABLE result : std_logic_vector ( 1 TO l'LENGTH ) := (OTHERS => 'X');
 797:         --synopsys synthesis_on
 798:     BEGIN
 799:         --synopsys synthesis_off
 800:         FOR i IN result'RANGE LOOP
 801:             result(i) := not_table( lv(i) );
 802:         END LOOP;
 803:         RETURN result;
 804:         --synopsys synthesis_on
 805:     END;
 806:     ---------------------------------------------------------------------
 807:     FUNCTION "not"  ( l : std_ulogic_vector ) RETURN std_ulogic_vector IS
 808:         -- pragma built_in SYN_NOT
 809: 	-- pragma subpgm_id 197
 810:         --synopsys synthesis_off
 811:         ALIAS lv : std_ulogic_vector ( 1 TO l'LENGTH ) IS l;
 812:         VARIABLE result : std_ulogic_vector ( 1 TO l'LENGTH ) := (OTHERS => 'X');
 813:         --synopsys synthesis_on
 814:     BEGIN
 815:         --synopsys synthesis_off
 816:         FOR i IN result'RANGE LOOP
 817:             result(i) := not_table( lv(i) );
 818:         END LOOP;
 819:         RETURN result;
 820:         --synopsys synthesis_on
 821:     END;
 822:     -------------------------------------------------------------------    
 823:     -- conversion tables
 824:     -------------------------------------------------------------------    
 825:     --synopsys synthesis_off
 826: 
 827:     TYPE logic_x01_table IS ARRAY (std_ulogic'LOW TO std_ulogic'HIGH) OF X01;
 828:     TYPE logic_x01z_table IS ARRAY (std_ulogic'LOW TO std_ulogic'HIGH) OF X01Z;
 829:     TYPE logic_ux01_table IS ARRAY (std_ulogic'LOW TO std_ulogic'HIGH) OF UX01;
 830:     ----------------------------------------------------------
 831:     -- table name : cvt_to_x01
 832:     --
 833:     -- parameters :
 834:     --        in  :  std_ulogic  -- some logic value
 835:     -- returns    :  x01         -- state value of logic value
 836:     -- purpose    :  to convert state-strength to state only
 837:     --                  
 838:     -- example    : if (cvt_to_x01 (input_signal) = '1' ) then ...
 839:     --
 840:     ----------------------------------------------------------
 841:     CONSTANT cvt_to_x01 : logic_x01_table := (
 842:                          'X',  -- 'U'
 843:                          'X',  -- 'X'
 844:                          '0',  -- '0'
 845:                          '1',  -- '1'
 846:                          'X',  -- 'Z'
 847:                          'X',  -- 'W'
 848:                          '0',  -- 'L'
 849:                          '1',  -- 'H'
 850:                          'X'   -- '-'
 851:                         );
 852: 
 853:     ----------------------------------------------------------
 854:     -- table name : cvt_to_x01z
 855:     --
 856:     -- parameters :
 857:     --        in  :  std_ulogic  -- some logic value
 858:     -- returns    :  x01z        -- state value of logic value
 859:     -- purpose    :  to convert state-strength to state only
 860:     --                  
 861:     -- example    : if (cvt_to_x01z (input_signal) = '1' ) then ...
 862:     --
 863:     ----------------------------------------------------------
 864:     CONSTANT cvt_to_x01z : logic_x01z_table := (
 865:                          'X',  -- 'U'
 866:                          'X',  -- 'X'
 867:                          '0',  -- '0'
 868:                          '1',  -- '1'
 869:                          'Z',  -- 'Z'
 870:                          'X',  -- 'W'
 871:                          '0',  -- 'L'
 872:                          '1',  -- 'H'
 873:                          'X'   -- '-'
 874:                         );
 875: 
 876:     ----------------------------------------------------------
 877:     -- table name : cvt_to_ux01
 878:     --
 879:     -- parameters :
 880:     --        in  :  std_ulogic  -- some logic value
 881:     -- returns    :  ux01        -- state value of logic value
 882:     -- purpose    :  to convert state-strength to state only
 883:     --                  
 884:     -- example    : if (cvt_to_ux01 (input_signal) = '1' ) then ...
 885:     --
 886:     ----------------------------------------------------------
 887:     CONSTANT cvt_to_ux01 : logic_ux01_table := (
 888:                          'U',  -- 'U'
 889:                          'X',  -- 'X'
 890:                          '0',  -- '0'
 891:                          '1',  -- '1'
 892:                          'X',  -- 'Z'
 893:                          'X',  -- 'W'
 894:                          '0',  -- 'L'
 895:                          '1',  -- 'H'
 896:                          'X'   -- '-'
 897:                         );
 898:     --synopsys synthesis_on
 899:     
 900:     -------------------------------------------------------------------    
 901:     -- conversion functions
 902:     -------------------------------------------------------------------    
 903:     FUNCTION To_bit       ( s : std_ulogic        
 904:     --synopsys synthesis_off
 905: 			    ; xmap : BIT := '0'
 906:     --synopsys synthesis_on
 907: 			  ) RETURN BIT IS
 908:     -- pragma built_in SYN_FEED_THRU
 909:     -- pragma subpgm_id 205
 910:     BEGIN
 911:     --synopsys synthesis_off
 912:             CASE s IS
 913:                 WHEN '0' | 'L' => RETURN ('0');
 914:                 WHEN '1' | 'H' => RETURN ('1');
 915:                 WHEN OTHERS => RETURN xmap;
 916:             END CASE;
 917:     --synopsys synthesis_on
 918:     END;
 919:     --------------------------------------------------------------------
 920:     FUNCTION To_bitvector ( s : std_logic_vector 
 921:     --synopsys synthesis_off
 922: 			    ; xmap : BIT := '0'
 923:     --synopsys synthesis_on
 924: 			  ) RETURN BIT_VECTOR IS
 925:     -- pragma built_in SYN_FEED_THRU
 926:     -- pragma subpgm_id 206
 927:     --synopsys synthesis_off
 928:         ALIAS sv : std_logic_vector ( s'LENGTH-1 DOWNTO 0 ) IS s;
 929:         VARIABLE result : BIT_VECTOR ( s'LENGTH-1 DOWNTO 0 );
 930:     --synopsys synthesis_on
 931:     BEGIN
 932:     --synopsys synthesis_off
 933:         FOR i IN result'RANGE LOOP
 934:             CASE sv(i) IS
 935:                 WHEN '0' | 'L' => result(i) := '0';
 936:                 WHEN '1' | 'H' => result(i) := '1';
 937:                 WHEN OTHERS => result(i) := xmap;
 938:             END CASE;
 939:         END LOOP;
 940:         RETURN result;
 941:     --synopsys synthesis_on
 942:     END;
 943:     --------------------------------------------------------------------
 944:     FUNCTION To_bitvector ( s : std_ulogic_vector
 945:     --synopsys synthesis_off
 946: 			    ; xmap : BIT := '0'
 947:     --synopsys synthesis_on
 948: 			  ) RETURN BIT_VECTOR IS
 949:     -- pragma built_in SYN_FEED_THRU
 950:     -- pragma subpgm_id 207
 951:     --synopsys synthesis_off
 952:         ALIAS sv : std_ulogic_vector ( s'LENGTH-1 DOWNTO 0 ) IS s;
 953:         VARIABLE result : BIT_VECTOR ( s'LENGTH-1 DOWNTO 0 );
 954:     --synopsys synthesis_on
 955:     BEGIN
 956:     --synopsys synthesis_off
 957:         FOR i IN result'RANGE LOOP
 958:             CASE sv(i) IS
 959:                 WHEN '0' | 'L' => result(i) := '0';
 960:                 WHEN '1' | 'H' => result(i) := '1';
 961:                 WHEN OTHERS => result(i) := xmap;
 962:             END CASE;
 963:         END LOOP;
 964:         RETURN result;
 965:     --synopsys synthesis_on
 966:     END;
 967:     --------------------------------------------------------------------
 968:     FUNCTION To_StdULogic       ( b : BIT               ) RETURN std_ulogic IS
 969:     -- pragma built_in SYN_FEED_THRU
 970:     -- pragma subpgm_id 208
 971:     BEGIN
 972:     --synopsys synthesis_off
 973:         CASE b IS
 974:             WHEN '0' => RETURN '0';
 975:             WHEN '1' => RETURN '1';
 976:         END CASE;
 977:     --synopsys synthesis_on
 978:     END;
 979:     --------------------------------------------------------------------
 980:     FUNCTION To_StdLogicVector  ( b : BIT_VECTOR        ) RETURN std_logic_vector IS
 981:     -- pragma built_in SYN_FEED_THRU
 982:     -- pragma subpgm_id 209
 983:     --synopsys synthesis_off
 984:         ALIAS bv : BIT_VECTOR ( b'LENGTH-1 DOWNTO 0 ) IS b;
 985:         VARIABLE result : std_logic_vector ( b'LENGTH-1 DOWNTO 0 );
 986:     --synopsys synthesis_on
 987:     BEGIN
 988:     --synopsys synthesis_off
 989:         FOR i IN result'RANGE LOOP
 990:             CASE bv(i) IS
 991:                 WHEN '0' => result(i) := '0';
 992:                 WHEN '1' => result(i) := '1';
 993:             END CASE;
 994:         END LOOP;
 995:         RETURN result;
 996:     --synopsys synthesis_on
 997:     END;
 998:     --------------------------------------------------------------------
 999:     FUNCTION To_StdLogicVector  ( s : std_ulogic_vector ) RETURN std_logic_vector IS
1000:     -- pragma built_in SYN_FEED_THRU
1001:     -- pragma subpgm_id 210
1002:     --synopsys synthesis_off
1003:         ALIAS sv : std_ulogic_vector ( s'LENGTH-1 DOWNTO 0 ) IS s;
1004:         VARIABLE result : std_logic_vector ( s'LENGTH-1 DOWNTO 0 );
1005:     --synopsys synthesis_on
1006:     BEGIN
1007:     --synopsys synthesis_off
1008:         FOR i IN result'RANGE LOOP
1009:             result(i) := sv(i);
1010:         END LOOP;
1011:         RETURN result;
1012:     --synopsys synthesis_on
1013:     END;
1014:     --------------------------------------------------------------------
1015:     FUNCTION To_StdULogicVector ( b : BIT_VECTOR        ) RETURN std_ulogic_vector IS
1016:     -- pragma built_in SYN_FEED_THRU
1017:     -- pragma subpgm_id 211
1018:     --synopsys synthesis_off
1019:         ALIAS bv : BIT_VECTOR ( b'LENGTH-1 DOWNTO 0 ) IS b;
1020:         VARIABLE result : std_ulogic_vector ( b'LENGTH-1 DOWNTO 0 );
1021:     --synopsys synthesis_on
1022:     BEGIN
1023:     --synopsys synthesis_off
1024:         FOR i IN result'RANGE LOOP
1025:             CASE bv(i) IS
1026:                 WHEN '0' => result(i) := '0';
1027:                 WHEN '1' => result(i) := '1';
1028:             END CASE;
1029:         END LOOP;
1030:         RETURN result;
1031:     --synopsys synthesis_on
1032:     END;
1033:     --------------------------------------------------------------------
1034:     FUNCTION To_StdULogicVector ( s : std_logic_vector ) RETURN std_ulogic_vector IS
1035:     -- pragma built_in SYN_FEED_THRU
1036:     -- pragma subpgm_id 212
1037:     --synopsys synthesis_off
1038:         ALIAS sv : std_logic_vector ( s'LENGTH-1 DOWNTO 0 ) IS s;
1039:         VARIABLE result : std_ulogic_vector ( s'LENGTH-1 DOWNTO 0 );
1040:     --synopsys synthesis_on
1041:     BEGIN
1042:     --synopsys synthesis_off
1043:         FOR i IN result'RANGE LOOP
1044:             result(i) := sv(i);
1045:         END LOOP;
1046:         RETURN result;
1047:     --synopsys synthesis_on
1048:     END;
1049:     
1050:     -------------------------------------------------------------------    
1051:     -- strength strippers and type convertors
1052:     -------------------------------------------------------------------    
1053:     -- to_x01
1054:     -------------------------------------------------------------------    
1055:     FUNCTION To_X01  ( s : std_logic_vector ) RETURN  std_logic_vector IS
1056:     -- pragma built_in SYN_FEED_THRU
1057:     -- pragma subpgm_id 213
1058:     --synopsys synthesis_off
1059:         ALIAS sv : std_logic_vector ( 1 TO s'LENGTH ) IS s;
1060:         VARIABLE result : std_logic_vector ( 1 TO s'LENGTH );
1061:     --synopsys synthesis_on
1062:     BEGIN
1063:     --synopsys synthesis_off
1064:         FOR i IN result'RANGE LOOP
1065:             result(i) := cvt_to_x01 (sv(i));
1066:         END LOOP;
1067:         RETURN result;
1068:     --synopsys synthesis_on
1069:     END;
1070:     --------------------------------------------------------------------
1071:     FUNCTION To_X01  ( s : std_ulogic_vector ) RETURN  std_ulogic_vector IS
1072:     -- pragma built_in SYN_FEED_THRU
1073:     -- pragma subpgm_id 214
1074:     --synopsys synthesis_off
1075:         ALIAS sv : std_ulogic_vector ( 1 TO s'LENGTH ) IS s;
1076:         VARIABLE result : std_ulogic_vector ( 1 TO s'LENGTH );
1077:     --synopsys synthesis_on
1078:     BEGIN
1079:     --synopsys synthesis_off
1080:         FOR i IN result'RANGE LOOP
1081:             result(i) := cvt_to_x01 (sv(i));
1082:         END LOOP;
1083:         RETURN result;
1084:     --synopsys synthesis_on
1085:     END;
1086:     --------------------------------------------------------------------
1087:     FUNCTION To_X01  ( s : std_ulogic ) RETURN  X01 IS
1088:     -- pragma built_in SYN_FEED_THRU
1089:     -- pragma subpgm_id 215
1090:     BEGIN
1091:     --synopsys synthesis_off
1092:         RETURN (cvt_to_x01(s));
1093:     --synopsys synthesis_on
1094:     END;
1095:     --------------------------------------------------------------------
1096:     FUNCTION To_X01  ( b : BIT_VECTOR ) RETURN  std_logic_vector IS
1097:     -- pragma built_in SYN_FEED_THRU
1098:     -- pragma subpgm_id 216
1099:     --synopsys synthesis_off
1100:         ALIAS bv : BIT_VECTOR ( 1 TO b'LENGTH ) IS b;
1101:         VARIABLE result : std_logic_vector ( 1 TO b'LENGTH );
1102:     --synopsys synthesis_on
1103:     BEGIN
1104:     --synopsys synthesis_off
1105:         FOR i IN result'RANGE LOOP
1106:             CASE bv(i) IS
1107:                 WHEN '0' => result(i) := '0';
1108:                 WHEN '1' => result(i) := '1';
1109:             END CASE;
1110:         END LOOP;
1111:         RETURN result;
1112:     --synopsys synthesis_on
1113:     END;
1114:     --------------------------------------------------------------------
1115:     FUNCTION To_X01  ( b : BIT_VECTOR ) RETURN  std_ulogic_vector IS
1116:     -- pragma built_in SYN_FEED_THRU
1117:     -- pragma subpgm_id 217
1118:     --synopsys synthesis_off
1119:         ALIAS bv : BIT_VECTOR ( 1 TO b'LENGTH ) IS b;
1120:         VARIABLE result : std_ulogic_vector ( 1 TO b'LENGTH );
1121:     --synopsys synthesis_on
1122:     BEGIN
1123:     --synopsys synthesis_off
1124:         FOR i IN result'RANGE LOOP
1125:             CASE bv(i) IS
1126:                 WHEN '0' => result(i) := '0';
1127:                 WHEN '1' => result(i) := '1';
1128:             END CASE;
1129:         END LOOP;
1130:         RETURN result;
1131:     --synopsys synthesis_on
1132:     END;
1133:     --------------------------------------------------------------------
1134:     FUNCTION To_X01  ( b : BIT ) RETURN  X01 IS
1135:     -- pragma built_in SYN_FEED_THRU
1136:     -- pragma subpgm_id 218
1137:     BEGIN
1138:     --synopsys synthesis_off
1139:             CASE b IS
1140:                 WHEN '0' => RETURN('0');
1141:                 WHEN '1' => RETURN('1');              
1142:             END CASE;
1143:     --synopsys synthesis_on
1144:     END;
1145:     --------------------------------------------------------------------
1146:     -- to_x01z
1147:     -------------------------------------------------------------------    
1148:     FUNCTION To_X01Z  ( s : std_logic_vector ) RETURN  std_logic_vector IS
1149:     -- pragma built_in SYN_FEED_THRU
1150:     -- pragma subpgm_id 219
1151:     --synopsys synthesis_off
1152:         ALIAS sv : std_logic_vector ( 1 TO s'LENGTH ) IS s;
1153:         VARIABLE result : std_logic_vector ( 1 TO s'LENGTH );
1154:     --synopsys synthesis_on
1155:     BEGIN
1156:     --synopsys synthesis_off
1157:         FOR i IN result'RANGE LOOP
1158:             result(i) := cvt_to_x01z (sv(i));
1159:         END LOOP;
1160:         RETURN result;
1161:     --synopsys synthesis_on
1162:     END;
1163:     --------------------------------------------------------------------
1164:     FUNCTION To_X01Z  ( s : std_ulogic_vector ) RETURN  std_ulogic_vector IS
1165:     -- pragma built_in SYN_FEED_THRU
1166:     -- pragma subpgm_id 220
1167:     --synopsys synthesis_off
1168:         ALIAS sv : std_ulogic_vector ( 1 TO s'LENGTH ) IS s;
1169:         VARIABLE result : std_ulogic_vector ( 1 TO s'LENGTH );
1170:     --synopsys synthesis_on
1171:     BEGIN
1172:     --synopsys synthesis_off
1173:         FOR i IN result'RANGE LOOP
1174:             result(i) := cvt_to_x01z (sv(i));
1175:         END LOOP;
1176:         RETURN result;
1177:     --synopsys synthesis_on
1178:     END;
1179:     --------------------------------------------------------------------
1180:     FUNCTION To_X01Z  ( s : std_ulogic ) RETURN  X01Z IS
1181:     -- pragma built_in SYN_FEED_THRU
1182:     -- pragma subpgm_id 221
1183:     BEGIN
1184:     --synopsys synthesis_off
1185:         RETURN (cvt_to_x01z(s));
1186:     --synopsys synthesis_on
1187:     END;
1188:     --------------------------------------------------------------------
1189:     FUNCTION To_X01Z  ( b : BIT_VECTOR ) RETURN  std_logic_vector IS
1190:     -- pragma built_in SYN_FEED_THRU
1191:     -- pragma subpgm_id 222
1192:     --synopsys synthesis_off
1193:         ALIAS bv : BIT_VECTOR ( 1 TO b'LENGTH ) IS b;
1194:         VARIABLE result : std_logic_vector ( 1 TO b'LENGTH );
1195:     --synopsys synthesis_on
1196:     BEGIN
1197:     --synopsys synthesis_off
1198:         FOR i IN result'RANGE LOOP
1199:             CASE bv(i) IS
1200:                 WHEN '0' => result(i) := '0';
1201:                 WHEN '1' => result(i) := '1';
1202:             END CASE;
1203:         END LOOP;
1204:         RETURN result;
1205:     --synopsys synthesis_on
1206:     END;
1207:     --------------------------------------------------------------------
1208:     FUNCTION To_X01Z  ( b : BIT_VECTOR ) RETURN  std_ulogic_vector IS
1209:     -- pragma built_in SYN_FEED_THRU
1210:     -- pragma subpgm_id 223
1211:     --synopsys synthesis_off
1212:         ALIAS bv : BIT_VECTOR ( 1 TO b'LENGTH ) IS b;
1213:         VARIABLE result : std_ulogic_vector ( 1 TO b'LENGTH );
1214:     --synopsys synthesis_on
1215:     BEGIN
1216:     --synopsys synthesis_off
1217:         FOR i IN result'RANGE LOOP
1218:             CASE bv(i) IS
1219:                 WHEN '0' => result(i) := '0';
1220:                 WHEN '1' => result(i) := '1';
1221:             END CASE;
1222:         END LOOP;
1223:         RETURN result;
1224:     --synopsys synthesis_on
1225:     END;
1226:     --------------------------------------------------------------------
1227:     FUNCTION To_X01Z  ( b : BIT ) RETURN  X01Z IS
1228:     -- pragma built_in SYN_FEED_THRU
1229:     -- pragma subpgm_id 224
1230:     BEGIN
1231:     --synopsys synthesis_off
1232:             CASE b IS
1233:                 WHEN '0' => RETURN('0');
1234:                 WHEN '1' => RETURN('1');              
1235:             END CASE;
1236:     --synopsys synthesis_on
1237:     END;
1238:     --------------------------------------------------------------------
1239:     -- to_ux01
1240:     -------------------------------------------------------------------    
1241:     FUNCTION To_UX01  ( s : std_logic_vector ) RETURN  std_logic_vector IS
1242:     -- pragma built_in SYN_FEED_THRU
1243:     -- pragma subpgm_id 225
1244:     --synopsys synthesis_off
1245:         ALIAS sv : std_logic_vector ( 1 TO s'LENGTH ) IS s;
1246:         VARIABLE result : std_logic_vector ( 1 TO s'LENGTH );
1247:     --synopsys synthesis_on
1248:     BEGIN
1249:     --synopsys synthesis_off
1250:         FOR i IN result'RANGE LOOP
1251:             result(i) := cvt_to_ux01 (sv(i));
1252:         END LOOP;
1253:         RETURN result;
1254:     --synopsys synthesis_on
1255:     END;
1256:     --------------------------------------------------------------------
1257:     FUNCTION To_UX01  ( s : std_ulogic_vector ) RETURN  std_ulogic_vector IS
1258:     -- pragma built_in SYN_FEED_THRU
1259:     -- pragma subpgm_id 226
1260:     --synopsys synthesis_off
1261:         ALIAS sv : std_ulogic_vector ( 1 TO s'LENGTH ) IS s;
1262:         VARIABLE result : std_ulogic_vector ( 1 TO s'LENGTH );
1263:     --synopsys synthesis_on
1264:     BEGIN
1265:     --synopsys synthesis_off
1266:         FOR i IN result'RANGE LOOP
1267:             result(i) := cvt_to_ux01 (sv(i));
1268:         END LOOP;
1269:         RETURN result;
1270:     --synopsys synthesis_on
1271:     END;
1272:     --------------------------------------------------------------------
1273:     FUNCTION To_UX01  ( s : std_ulogic ) RETURN  UX01 IS
1274:     -- pragma built_in SYN_FEED_THRU
1275:     -- pragma subpgm_id 227
1276:     BEGIN
1277:     --synopsys synthesis_off
1278:         RETURN (cvt_to_ux01(s));
1279:     --synopsys synthesis_on
1280:     END;
1281:     --------------------------------------------------------------------
1282:     FUNCTION To_UX01  ( b : BIT_VECTOR ) RETURN  std_logic_vector IS
1283:     -- pragma built_in SYN_FEED_THRU
1284:     -- pragma subpgm_id 228
1285:     --synopsys synthesis_off
1286:         ALIAS bv : BIT_VECTOR ( 1 TO b'LENGTH ) IS b;
1287:         VARIABLE result : std_logic_vector ( 1 TO b'LENGTH );
1288:     --synopsys synthesis_on
1289:     BEGIN
1290:     --synopsys synthesis_off
1291:         FOR i IN result'RANGE LOOP
1292:             CASE bv(i) IS
1293:                 WHEN '0' => result(i) := '0';
1294:                 WHEN '1' => result(i) := '1';
1295:             END CASE;
1296:         END LOOP;
1297:         RETURN result;
1298:     --synopsys synthesis_on
1299:     END;
1300:     --------------------------------------------------------------------
1301:     FUNCTION To_UX01  ( b : BIT_VECTOR ) RETURN  std_ulogic_vector IS
1302:     -- pragma built_in SYN_FEED_THRU
1303:     -- pragma subpgm_id 229
1304:     --synopsys synthesis_off
1305:         ALIAS bv : BIT_VECTOR ( 1 TO b'LENGTH ) IS b;
1306:         VARIABLE result : std_ulogic_vector ( 1 TO b'LENGTH );
1307:     --synopsys synthesis_on
1308:     BEGIN
1309:     --synopsys synthesis_off
1310:         FOR i IN result'RANGE LOOP
1311:             CASE bv(i) IS
1312:                 WHEN '0' => result(i) := '0';
1313:                 WHEN '1' => result(i) := '1';
1314:             END CASE;
1315:         END LOOP;
1316:         RETURN result;
1317:     --synopsys synthesis_on
1318:     END;
1319:     --------------------------------------------------------------------
1320:     FUNCTION To_UX01  ( b : BIT ) RETURN  UX01 IS
1321:     -- pragma built_in SYN_FEED_THRU
1322:     -- pragma subpgm_id 230
1323:     BEGIN
1324:     --synopsys synthesis_off
1325:             CASE b IS
1326:                 WHEN '0' => RETURN('0');
1327:                 WHEN '1' => RETURN('1');              
1328:             END CASE;
1329:     --synopsys synthesis_on
1330:     END;
1331: 
1332:     -------------------------------------------------------------------    
1333:     -- edge detection
1334:     -------------------------------------------------------------------    
1335:     --synopsys synthesis_off
1336:     FUNCTION rising_edge  (SIGNAL s : std_ulogic) RETURN BOOLEAN IS
1337:     -- pragma subpgm_id 231
1338:     -- ambit synthesis BUILTIN_RISING_EDGE
1339:     BEGIN
1340:         RETURN (s'EVENT AND (To_X01(s) = '1') AND 
1341:                             (To_X01(s'LAST_VALUE) = '0'));
1342:     END;
1343: 
1344:     FUNCTION falling_edge (SIGNAL s : std_ulogic) RETURN BOOLEAN IS
1345:     -- pragma subpgm_id 232
1346:     -- ambit synthesis BUILTIN_FALLING_EDGE
1347:     BEGIN
1348:         RETURN (s'EVENT AND (To_X01(s) = '0') AND 
1349:                             (To_X01(s'LAST_VALUE) = '1'));
1350:     END;
1351: 
1352:     -------------------------------------------------------------------    
1353:     -- object contains an unknown
1354:     -------------------------------------------------------------------    
1355:     FUNCTION Is_X ( s : std_ulogic_vector ) RETURN  BOOLEAN IS
1356:     -- pragma subpgm_id 233
1357:     BEGIN
1358:         FOR i IN s'RANGE LOOP
1359:             CASE s(i) IS
1360:                 WHEN 'U' | 'X' | 'Z' | 'W' | '-' => RETURN TRUE;
1361:                 WHEN OTHERS => NULL;
1362:             END CASE;
1363:         END LOOP;
1364:         RETURN FALSE;
1365:     END;
1366:     --------------------------------------------------------------------
1367:     FUNCTION Is_X ( s : std_logic_vector  ) RETURN  BOOLEAN IS
1368:     -- pragma subpgm_id 234
1369:     BEGIN
1370:         FOR i IN s'RANGE LOOP
1371:             CASE s(i) IS
1372:                 WHEN 'U' | 'X' | 'Z' | 'W' | '-' => RETURN TRUE;
1373:                 WHEN OTHERS => NULL;
1374:             END CASE;
1375:         END LOOP;
1376:         RETURN FALSE;
1377:     END;
1378:     --------------------------------------------------------------------
1379:     FUNCTION Is_X ( s : std_ulogic        ) RETURN  BOOLEAN IS
1380:     -- pragma subpgm_id 235
1381:     BEGIN
1382:         CASE s IS
1383:             WHEN 'U' | 'X' | 'Z' | 'W' | '-' => RETURN TRUE;
1384:             WHEN OTHERS => NULL;
1385:         END CASE;
1386:         RETURN FALSE;
1387:     END;
1388:     --synopsys synthesis_on
1389: 
1390: END std_logic_1164;

CHILD_SCOPES(:)= 45: architecture a1 of tb is
 46:   signal clock, reset, start_conv, debug : std_logic := '0';
 47: 
 48:   signal ofmap_valid, ofmap_ce, ofmap_we, iwght_ce, iwght_valid, ifmap_ce, ifmap_valid, end_conv : std_logic := '0';
 49: 
 50:   signal iwght_address, ifmap_address, ofmap_address : std_logic_vector(MEM_SIZE-1 downto 0);
 51: 
 52:   signal iwght_value, ifmap_value : std_logic_vector((INPUT_SIZE*2)-1 downto 0);
 53: 
 54:   signal ofmap_out, ofmap_in : std_logic_vector(((INPUT_SIZE*2)+CARRY_SIZE)-1 downto 0);
 55: 
 56:   signal iwght_n_read, iwght_n_write, ifmap_n_read, ifmap_n_write, ofmap_n_read, ofmap_n_write : std_logic_vector(31 downto 0);
 57: 
 58:   file sim_file : text open write_mode is "sim.txt";
 59:   file sim_report : text open write_mode is "rtl_split_synth_report.txt";
 60:   signal gold : type_array_int := read_data(PATH & "/s_default_quant.txt");
 61:   --signal gold : type_array_int := read_data(PATH & "/s.txt");
 62:   --signal gold : type_array_int := read_data(PATH & "/gold.txt");
 63: 
 64:   -- Bind directly to the gate-level Verilog module "convolution".
 65:   component convolution is
 66:     port (clock : in std_logic;
 67:           reset : in std_logic;
 68:           start_conv : in std_logic;
 69:           end_conv   : out std_logic;
 70:           debug      : out std_logic;
 71: 
 72:           iwght_valid   : in  std_logic;
 73:           iwght_value   : in  std_logic_vector((INPUT_SIZE*2)-1 downto 0);
 74:           iwght_address : out std_logic_vector(MEM_SIZE-1 downto 0);
 75:           iwght_ce      : out std_logic;
 76: 
 77:           ifmap_valid   : in  std_logic;
 78:           ifmap_value   : in  std_logic_vector((INPUT_SIZE*2)-1 downto 0);
 79:           ifmap_address : out std_logic_vector(MEM_SIZE-1 downto 0);
 80:           ifmap_ce      : out std_logic;
 81: 
 82:           ofmap_valid   : in  std_logic;
 83:           ofmap_in      : in  std_logic_vector(((INPUT_SIZE*2)+CARRY_SIZE)-1 downto 0);
 84:           ofmap_out     : out std_logic_vector(((INPUT_SIZE*2)+CARRY_SIZE)-1 downto 0);
 85:           ofmap_address : out std_logic_vector(MEM_SIZE-1 downto 0);
 86:           ofmap_we      : out std_logic;
 87:           ofmap_ce      : out std_logic
 88:           );
 89:   end component;
 90: 
 91: begin
 92: 
 93:   IWGHT : entity work.memory
 94:     generic map(
 95:       ROM_PATH => PATH & "/g.txt",
 96:       --ROM_PATH => PATH & "/iwght.txt",
 97:       INPUT_SIZE => INPUT_SIZE*2,
 98:       ADDRESS_SIZE => MEM_SIZE,
 99:       DATA_AV_LATENCY => LAT
100:       )
101:     port map(
102:       clock    => clock,
103:       reset    => reset,
104:       chip_en  => iwght_ce,
105:       wr_en    => '0',
106:       data_in  => (others => '0'),
107:       address  => iwght_address,
108:       data_av  => iwght_valid,
109:       data_out => iwght_value,
110:       n_read   => iwght_n_read,
111:       n_write  => iwght_n_write
112:       );
113: 
114:   IFMAP : entity work.memory
115:     generic map(
116:       ROM_PATH => PATH & "/d.txt",
117:       --ROM_PATH => PATH & "/ifmap.txt",
118:       INPUT_SIZE => INPUT_SIZE*2,
119:       ADDRESS_SIZE => MEM_SIZE,
120:       DATA_AV_LATENCY => LAT
121:       )
122:     port map(
123:       clock    => clock,
124:       reset    => reset,
125:       chip_en  => ifmap_ce,
126:       wr_en    => '0',
127:       data_in  => (others => '0'),
128:       address  => ifmap_address,
129:       data_av  => ifmap_valid,
130:       data_out => ifmap_value,
131:       n_read   => ifmap_n_read,
132:       n_write  => ifmap_n_write
133:       );
134: 
135:   OFMAP : entity work.memory
136:     generic map(
137:       --ROM_PATH => "no",
138:       INPUT_SIZE => ((INPUT_SIZE*2)+CARRY_SIZE),
139:       ADDRESS_SIZE => MEM_SIZE,
140:       DATA_AV_LATENCY => LAT
141:       )
142:     port map(
143:       clock    => clock,
144:       reset    => reset,
145:       chip_en  => ofmap_ce,
146:       wr_en    => ofmap_we,
147:       data_in  => ofmap_out,
148:       address  => ofmap_address,
149:       data_av  => ofmap_valid,
150:       data_out => ofmap_in,
151:       n_read   => ofmap_n_read,
152:       n_write  => ofmap_n_write
153:       );
154: 
155:   dut : convolution
156:     port map(
157:       clock         => clock,
158:       reset         => reset,
159: 
160:       start_conv    => start_conv,
161:       end_conv      => end_conv,
162:       debug         => debug,
163: 
164:       iwght_valid   => iwght_valid,
165:       iwght_value   => iwght_value,
166:       iwght_address => iwght_address,
167:       iwght_ce      => iwght_ce,
168: 
169:       ifmap_valid   => ifmap_valid,
170:       ifmap_value   => ifmap_value,
171:       ifmap_address => ifmap_address,
172:       ifmap_ce      => ifmap_ce,
173: 
174:       ofmap_valid   => ofmap_valid,
175:       ofmap_in      => ofmap_in,
176:       ofmap_out     => ofmap_out,
177:       ofmap_address => ofmap_address,
178:       ofmap_we      => ofmap_we,
179:       ofmap_ce      => ofmap_ce
180:       );
181: 
182:   --clock <= not clock after CLK_HALF;
183:   --reset <= '1', '0' after RST_TIME;
184:   --start_conv <= '0', '1' after RST_TIME, '0' after RST_TIME + CLK_HALF;
185: 
186:   clock <= not clock after 5 ns;
187:   reset <= '1', '0' after 10 ns;
188:   start_conv <= '0', '1' after 15 ns, '0' after 25 ns;
189: 
190: 
191:   process(clock)
192: 
193:     -- convolution counter
194:   variable cont_conv           : integer := 0;
195:   variable expected_int        : integer := 0;
196:   variable out_line            : line;
197:   variable sim_start           : time := 0 ns;
198:   variable elapsed             : time;
199:   variable total_cycles        : integer := 0;
200:   variable iwght_active_cycles : integer := 0;
201:   variable ifmap_active_cycles : integer := 0;
202:   variable ofmap_active_cycles : integer := 0;
203:   variable counting            : boolean := false;
204: 
205:   begin
206: 
207:     if clock'event and clock = '0' then
208:       if start_conv = '1' then
209:         sim_start := now;
210:         counting  := true;
211:       end if;
212: 
213:       if counting then
214:         total_cycles := total_cycles + 1;
215:         if iwght_ce = '1' then
216:           iwght_active_cycles := iwght_active_cycles + 1;
217:         end if;
218:         if ifmap_ce = '1' then
219:           ifmap_active_cycles := ifmap_active_cycles + 1;
220:         end if;
221:         if ofmap_ce = '1' then
222:           ofmap_active_cycles := ofmap_active_cycles + 1;
223:         end if;
224:       end if;
225: 
226:       if debug = '1' and cont_conv < TOTAL_OPS then
227:         expected_int := gold(CONV_INTEGER(unsigned(ofmap_address)));
228:         if expected_int < 0 then
229:           expected_int := 0;
230:         end if;
231:         if SHIFT > 0 then
232:           expected_int := expected_int / (2**SHIFT);
233:         end if;
234:         if ofmap_out /= CONV_STD_LOGIC_VECTOR(expected_int, ((INPUT_SIZE*2)+CARRY_SIZE)) then
235:           report "end of simulation with error!";
236:           report "number of convolutions executed: " & integer'image(cont_conv);
237:           report "idx: " & integer'image(CONV_INTEGER(unsigned(ofmap_address)));
238:           report "expected value: " & integer'image(expected_int);
239: 
240:           if (INPUT_SIZE*2)+CARRY_SIZE > 32 then
241:             report "obtained value: " & integer'image(CONV_INTEGER(ofmap_out(31 downto 0)));
242:           else
243:             report "obtained value: " & integer'image(CONV_INTEGER(ofmap_out));
244:           end if;
245: 
246:           assert false severity failure;
247:         end if;
248:         cont_conv := cont_conv + 1;
249: 
250:       elsif end_conv = '1' then
251:         counting := false;
252:         report "number of iwght read: " & integer'image(CONV_INTEGER(unsigned(iwght_n_read)));
253:         report "number of iwght write: " & integer'image(CONV_INTEGER(unsigned(iwght_n_write)));
254:         report "number of ifmap read: " & integer'image(CONV_INTEGER(unsigned(ifmap_n_read)));
255:         report "number of ifmap write: " & integer'image(CONV_INTEGER(unsigned(ifmap_n_write)));
256:         report "number of ofmap read: " & integer'image(CONV_INTEGER(unsigned(ofmap_n_read)));
257:         report "number of ofmap write: " & integer'image(CONV_INTEGER(unsigned(ofmap_n_write)));
258:         report "number of convolutions: " & integer'image(cont_conv);
259: 
260:         elapsed := now - sim_start;
261:         write(out_line, string'("runtime="));
262:         write(out_line, elapsed);
263:         writeline(sim_file, out_line);
264: 
265:         write(out_line, string'("total_cycles="));
266:         write(out_line, integer'image(total_cycles));
267:         writeline(sim_file, out_line);
268: 
269:         write(out_line, string'("total_cycles: "));
270:         write(out_line, total_cycles);
271:         write(out_line, string'(", exec_time: "));
272:         write(out_line, elapsed);
273:         writeline(sim_report, out_line);
274: 
275:         write(out_line, string'("iwght_active_cycles="));
276:         write(out_line, integer'image(iwght_active_cycles));
277:         writeline(sim_file, out_line);
278: 
279:         write(out_line, string'("ifmap_active_cycles="));
280:         write(out_line, integer'image(ifmap_active_cycles));
281:         writeline(sim_file, out_line);
282: 
283:         write(out_line, string'("ofmap_active_cycles="));
284:         write(out_line, integer'image(ofmap_active_cycles));
285:         writeline(sim_file, out_line);
286: 
287:         report "total_cycles=" & integer'image(total_cycles);
288:         report "iwght_active_cycles=" & integer'image(iwght_active_cycles);
289:         report "ifmap_active_cycles=" & integer'image(ifmap_active_cycles);
290:         report "ofmap_active_cycles=" & integer'image(ofmap_active_cycles);
291: 
292:         report "end of simulation without error!" severity failure;
293:       end if;
294:     end if;
295: 
296:   end process;
297: 
298: end a1;

