======================================================================

Annotating SDF timing data:
  Compiled SDF file:     convolution_analysis_view_0p90v_25c_captyp_nominal.sdf.X
  Log file:              ./sdf_log.log
  Backannotation scope:  :dut
  Configuration file:    
  MTM control:           MAXIMUM
  Scale factors:         1:1:1
  Scale type:            FROM_MAXIMUM

Time units: 1ps

xmelab: *W,SDFNET: Unable to annotate to non-existent timing check (RECREM (posedge CDN) (COND D_SDFCHK (posedge CP)) (-26) (38)) of instance :DUT.\reg_r[0].reg_c[0].ireg .\Q_reg[19]  of module DFCNQD1BWP30P140 <../logical/results/gate_level/convolution_analysis_view_0p90v_25c_captyp_nominal.sdf, line 39382>.
xmelab: *W,SDFNET: Unable to annotate to non-existent timing check (RECREM (posedge CDN) (COND D_SDFCHK (posedge CP)) (-26) (38)) of instance :DUT.\reg_r[0].reg_c[0].ireg .\Q_reg[18]  of module DFCNQD1BWP30P140 <../logical/results/gate_level/convolution_analysis_view_0p90v_25c_captyp_nominal.sdf, line 39403>.
xmelab: *W,SDFNET: Unable to annotate to non-existent timing check (RECREM (posedge CDN) (COND D_SDFCHK (posedge CP)) (-26) (38)) of instance :DUT.\reg_r[0].reg_c[0].ireg .\Q_reg[17]  of module DFCNQD1BWP30P140 <../logical/results/gate_level/convolution_analysis_view_0p90v_25c_captyp_nominal.sdf, line 39424>.
xmelab: *W,SDFNET: Unable to annotate to non-existent timing check (RECREM (posedge CDN) (COND D_SDFCHK (posedge CP)) (-26) (38)) of instance :DUT.\reg_r[0].reg_c[0].ireg .\Q_reg[16]  of module DFCNQD1BWP30P140 <../logical/results/gate_level/convolution_analysis_view_0p90v_25c_captyp_nominal.sdf, line 39445>.
xmelab: *W,SDFNET: Unable to annotate to non-existent timing check (RECREM (posedge CDN) (COND D_SDFCHK (posedge CP)) (-26) (38)) of instance :DUT.\reg_r[0].reg_c[0].ireg .\Q_reg[15]  of module DFCNQD1BWP30P140 <../logical/results/gate_level/convolution_analysis_view_0p90v_25c_captyp_nominal.sdf, line 39466>.
xmelab: *W,SDFNET: Unable to annotate to non-existent timing check (RECREM (posedge CDN) (COND D_SDFCHK (posedge CP)) (-26) (38)) of instance :DUT.\reg_r[0].reg_c[0].ireg .\Q_reg[13]  of module DFCNQD1BWP30P140 <../logical/results/gate_level/convolution_analysis_view_0p90v_25c_captyp_nominal.sdf, line 39487>.
xmelab: *W,SDFNET: Unable to annotate to non-existent timing check (RECREM (posedge CDN) (COND D_SDFCHK (posedge CP)) (-26) (38)) of instance :DUT.\reg_r[0].reg_c[0].ireg .\Q_reg[12]  of module DFCNQD1BWP30P140 <../logical/results/gate_level/convolution_analysis_view_0p90v_25c_captyp_nominal.sdf, line 39508>.
xmelab: *W,SDFNET: Unable to annotate to non-existent timing check (RECREM (posedge CDN) (COND D_SDFCHK (posedge CP)) (-26) (38)) of instance :DUT.\reg_r[0].reg_c[0].ireg .\Q_reg[11]  of module DFCNQD1BWP30P140 <../logical/results/gate_level/convolution_analysis_view_0p90v_25c_captyp_nominal.sdf, line 39529>.
xmelab: *W,SDFNET: Unable to annotate to non-existent timing check (RECREM (posedge CDN) (COND D_SDFCHK (posedge CP)) (-26) (38)) of instance :DUT.\reg_r[0].reg_c[0].ireg .\Q_reg[8]  of module DFCNQD1BWP30P140 <../logical/results/gate_level/convolution_analysis_view_0p90v_25c_captyp_nominal.sdf, line 39550>.
xmelab: *W,SDFNET: Unable to annotate to non-existent timing check (RECREM (posedge CDN) (COND D_SDFCHK (posedge CP)) (-26) (38)) of instance :DUT.\reg_r[0].reg_c[0].ireg .\Q_reg[6]  of module DFCNQD1BWP30P140 <../logical/results/gate_level/convolution_analysis_view_0p90v_25c_captyp_nominal.sdf, line 39571>.
xmelab: *W,SDFNET: Unable to annotate to non-existent timing check (RECREM (posedge CDN) (COND D_SDFCHK (posedge CP)) (-26) (38)) of instance :DUT.\reg_r[0].reg_c[0].ireg .\Q_reg[5]  of module DFCNQD1BWP30P140 <../logical/results/gate_level/convolution_analysis_view_0p90v_25c_captyp_nominal.sdf, line 39592>.
xmelab: *W,SDFNET: Unable to annotate to non-existent timing check (RECREM (posedge CDN) (COND D_SDFCHK (posedge CP)) (-26) (38)) of instance :DUT.\reg_r[0].reg_c[0].ireg .\Q_reg[9]  of module DFCNQD1BWP30P140 <../logical/results/gate_level/convolution_analysis_view_0p90v_25c_captyp_nominal.sdf, line 39613>.
xmelab: *W,SDFNET: Unable to annotate to non-existent timing check (RECREM (posedge CDN) (COND D_SDFCHK (posedge CP)) (-26) (38)) of instance :DUT.\reg_r[0].reg_c[0].ireg .\Q_reg[1]  of module DFCNQD1BWP30P140 <../logical/results/gate_level/convolution_analysis_view_0p90v_25c_captyp_nominal.sdf, line 39634>.
xmelab: *W,SDFNET: Unable to annotate to non-existent timing check (RECREM (posedge CDN) (COND D_SDFCHK (posedge CP)) (-26) (38)) of instance :DUT.\reg_r[0].reg_c[0].ireg .\Q_reg[3]  of module DFCNQD1BWP30P140 <../logical/results/gate_level/convolution_analysis_view_0p90v_25c_captyp_nominal.sdf, line 39655>.
xmelab: *W,SDFNET: Unable to annotate to non-existent timing check (RECREM (posedge CDN) (COND D_SDFCHK (posedge CP)) (-26) (38)) of instance :DUT.\reg_r[0].reg_c[0].ireg .\Q_reg[2]  of module DFCNQD1BWP30P140 <../logical/results/gate_level/convolution_analysis_view_0p90v_25c_captyp_nominal.sdf, line 39676>.
xmelab: *W,SDFNET: Unable to annotate to non-existent timing check (RECREM (posedge CDN) (COND D_SDFCHK (posedge CP)) (-26) (38)) of instance :DUT.\reg_r[0].reg_c[0].ireg .\Q_reg[10]  of module DFCNQD1BWP30P140 <../logical/results/gate_level/convolution_analysis_view_0p90v_25c_captyp_nominal.sdf, line 39697>.
xmelab: *W,SDFNET: Unable to annotate to non-existent timing check (RECREM (posedge CDN) (COND D_SDFCHK (posedge CP)) (-26) (38)) of instance :DUT.\reg_r[0].reg_c[0].ireg .\Q_reg[14]  of module DFCNQD1BWP30P140 <../logical/results/gate_level/convolution_analysis_view_0p90v_25c_captyp_nominal.sdf, line 39718>.
xmelab: *W,SDFNET: Unable to annotate to non-existent timing check (RECREM (posedge CDN) (COND D_SDFCHK (posedge CP)) (-26) (38)) of instance :DUT.\reg_r[0].reg_c[0].ireg .\Q_reg[4]  of module DFCNQD1BWP30P140 <../logical/results/gate_level/convolution_analysis_view_0p90v_25c_captyp_nominal.sdf, line 39739>.
xmelab: *W,SDFNET: Unable to annotate to non-existent timing check (RECREM (posedge CDN) (COND D_SDFCHK (posedge CP)) (-26) (38)) of instance :DUT.\reg_r[0].reg_c[0].ireg .\Q_reg[7]  of module DFCNQD1BWP30P140 <../logical/results/gate_level/convolution_analysis_view_0p90v_25c_captyp_nominal.sdf, line 39760>.
xmelab: *W,SDFNET: Unable to annotate to non-existent timing check (RECREM (posedge CDN) (COND D_SDFCHK (posedge CP)) (-26) (38)) of instance :DUT.\reg_r[0].reg_c[0].ireg .\Q_reg[0]  of module DFCNQD1BWP30P140 <../logical/results/gate_level/convolution_analysis_view_0p90v_25c_captyp_nominal.sdf, line 39781>.
xmelab: *W,SDFNET: Unable to annotate to non-existent timing check (RECREM (posedge CDN) (COND D_SDFCHK (posedge CP)) (-26) (38)) of instance :DUT.\reg_r[0].reg_c[1].ireg .\Q_reg[5]  of module DFCNQD1BWP30P140 <../logical/results/gate_level/convolution_analysis_view_0p90v_25c_captyp_nominal.sdf, line 39812>.
xmelab: *W,SDFNET: Unable to annotate to non-existent timing check (RECREM (posedge CDN) (COND D_SDFCHK (posedge CP)) (-26) (38)) of instance :DUT.\reg_r[0].reg_c[1].ireg .\Q_reg[3]  of module DFCNQD1BWP30P140 <../logical/results/gate_level/convolution_analysis_view_0p90v_25c_captyp_nominal.sdf, line 39833>.
xmelab: *W,SDFNET: Unable to annotate to non-existent timing check (RECREM (posedge CDN) (COND D_SDFCHK (posedge CP)) (-26) (38)) of instance :DUT.\reg_r[0].reg_c[1].ireg .\Q_reg[19]  of module DFCNQD1BWP30P140 <../logical/results/gate_level/convolution_analysis_view_0p90v_25c_captyp_nominal.sdf, line 39854>.
xmelab: *W,SDFNET: Unable to annotate to non-existent timing check (RECREM (posedge CDN) (COND D_SDFCHK (posedge CP)) (-26) (38)) of instance :DUT.\reg_r[0].reg_c[1].ireg .\Q_reg[18]  of module DFCNQD1BWP30P140 <../logical/results/gate_level/convolution_analysis_view_0p90v_25c_captyp_nominal.sdf, line 39875>.
xmelab: *W,SDFNET: Unable to annotate to non-existent timing check (RECREM (posedge CDN) (COND D_SDFCHK (posedge CP)) (-26) (38)) of instance :DUT.\reg_r[0].reg_c[1].ireg .\Q_reg[17]  of module DFCNQD1BWP30P140 <../logical/results/gate_level/convolution_analysis_view_0p90v_25c_captyp_nominal.sdf, line 39896>.
xmelab: *W,SDFNET: Unable to annotate to non-existent timing check (RECREM (posedge CDN) (COND D_SDFCHK (posedge CP)) (-26) (38)) of instance :DUT.\reg_r[0].reg_c[1].ireg .\Q_reg[16]  of module DFCNQD1BWP30P140 <../logical/results/gate_level/convolution_analysis_view_0p90v_25c_captyp_nominal.sdf, line 39917>.
xmelab: *W,SDFNET: Unable to annotate to non-existent timing check (RECREM (posedge CDN) (COND D_SDFCHK (posedge CP)) (-26) (38)) of instance :DUT.\reg_r[0].reg_c[1].ireg .\Q_reg[15]  of module DFCNQD1BWP30P140 <../logical/results/gate_level/convolution_analysis_view_0p90v_25c_captyp_nominal.sdf, line 39938>.
xmelab: *W,SDFNET: Unable to annotate to non-existent timing check (RECREM (posedge CDN) (COND D_SDFCHK (posedge CP)) (-26) (38)) of instance :DUT.\reg_r[0].reg_c[1].ireg .\Q_reg[10]  of module DFCNQD1BWP30P140 <../logical/results/gate_level/convolution_analysis_view_0p90v_25c_captyp_nominal.sdf, line 39959>.
xmelab: *W,SDFNET: Unable to annotate to non-existent timing check (RECREM (posedge CDN) (COND D_SDFCHK (posedge CP)) (-26) (38)) of instance :DUT.\reg_r[0].reg_c[1].ireg .\Q_reg[9]  of module DFCNQD1BWP30P140 <../logical/results/gate_level/convolution_analysis_view_0p90v_25c_captyp_nominal.sdf, line 39980>.
xmelab: *W,SDFNET: Unable to annotate to non-existent timing check (RECREM (posedge CDN) (COND D_SDFCHK (posedge CP)) (-26) (38)) of instance :DUT.\reg_r[0].reg_c[1].ireg .\Q_reg[8]  of module DFCNQD1BWP30P140 <../logical/results/gate_level/convolution_analysis_view_0p90v_25c_captyp_nominal.sdf, line 40001>.
xmelab: *W,SDFNET: Unable to annotate to non-existent timing check (RECREM (posedge CDN) (COND D_SDFCHK (posedge CP)) (-26) (38)) of instance :DUT.\reg_r[0].reg_c[1].ireg .\Q_reg[7]  of module DFCNQD1BWP30P140 <../logical/results/gate_level/convolution_analysis_view_0p90v_25c_captyp_nominal.sdf, line 40022>.
xmelab: *W,SDFNET: Unable to annotate to non-existent timing check (RECREM (posedge CDN) (COND D_SDFCHK (posedge CP)) (-26) (38)) of instance :DUT.\reg_r[0].reg_c[1].ireg .\Q_reg[2]  of module DFCNQD1BWP30P140 <../logical/results/gate_level/convolution_analysis_view_0p90v_25c_captyp_nominal.sdf, line 40043>.
xmelab: *W,SDFNET: Unable to annotate to non-existent timing check (RECREM (posedge CDN) (COND D_SDFCHK (posedge CP)) (-26) (38)) of instance :DUT.\reg_r[0].reg_c[1].ireg .\Q_reg[14]  of module DFCNQD1BWP30P140 <../logical/results/gate_level/convolution_analysis_view_0p90v_25c_captyp_nominal.sdf, line 40064>.
xmelab: *W,SDFNET: Unable to annotate to non-existent timing check (RECREM (posedge CDN) (COND D_SDFCHK (posedge CP)) (-26) (38)) of instance :DUT.\reg_r[0].reg_c[1].ireg .\Q_reg[13]  of module DFCNQD1BWP30P140 <../logical/results/gate_level/convolution_analysis_view_0p90v_25c_captyp_nominal.sdf, line 40085>.
xmelab: *W,SDFNET: Unable to annotate to non-existent timing check (RECREM (posedge CDN) (COND D_SDFCHK (posedge CP)) (-26) (38)) of instance :DUT.\reg_r[0].reg_c[1].ireg .\Q_reg[0]  of module DFCNQD1BWP30P140 <../logical/results/gate_level/convolution_analysis_view_0p90v_25c_captyp_nominal.sdf, line 40106>.
xmelab: *W,SDFNET: Unable to annotate to non-existent timing check (RECREM (posedge CDN) (COND D_SDFCHK (posedge CP)) (-26) (38)) of instance :DUT.\reg_r[0].reg_c[1].ireg .\Q_reg[4]  of module DFCNQD1BWP30P140 <../logical/results/gate_level/convolution_analysis_view_0p90v_25c_captyp_nominal.sdf, line 40127>.
xmelab: *W,SDFNET: Unable to annotate to non-existent timing check (RECREM (posedge CDN) (COND D_SDFCHK (posedge CP)) (-26) (38)) of instance :DUT.\reg_r[0].reg_c[1].ireg .\Q_reg[12]  of module DFCNQD1BWP30P140 <../logical/results/gate_level/convolution_analysis_view_0p90v_25c_captyp_nominal.sdf, line 40148>.
xmelab: *W,SDFNET: Unable to annotate to non-existent timing check (RECREM (posedge CDN) (COND D_SDFCHK (posedge CP)) (-26) (38)) of instance :DUT.\reg_r[0].reg_c[1].ireg .\Q_reg[6]  of module DFCNQD1BWP30P140 <../logical/results/gate_level/convolution_analysis_view_0p90v_25c_captyp_nominal.sdf, line 40169>.
xmelab: *W,SDFNET: Unable to annotate to non-existent timing check (RECREM (posedge CDN) (COND D_SDFCHK (posedge CP)) (-26) (38)) of instance :DUT.\reg_r[0].reg_c[1].ireg .\Q_reg[1]  of module DFCNQD1BWP30P140 <../logical/results/gate_level/convolution_analysis_view_0p90v_25c_captyp_nominal.sdf, line 40190>.
xmelab: *W,SDFNET: Unable to annotate to non-existent timing check (RECREM (posedge CDN) (COND D_SDFCHK (posedge CP)) (-26) (38)) of instance :DUT.\reg_r[0].reg_c[1].ireg .\Q_reg[11]  of module DFCNQD1BWP30P140 <../logical/results/gate_level/convolution_analysis_view_0p90v_25c_captyp_nominal.sdf, line 40211>.
xmelab: *W,SDFNET: Unable to annotate to non-existent timing check (RECREM (posedge CDN) (COND D_SDFCHK (posedge CP)) (-26) (38)) of instance :DUT.\reg_r[0].reg_c[2].ireg .\Q_reg[10]  of module DFCNQD1BWP30P140 <../logical/results/gate_level/convolution_analysis_view_0p90v_25c_captyp_nominal.sdf, line 40242>.
xmelab: *W,SDFNET: Unable to annotate to non-existent timing check (RECREM (posedge CDN) (COND D_SDFCHK (posedge CP)) (-26) (38)) of instance :DUT.\reg_r[0].reg_c[2].ireg .\Q_reg[3]  of module DFCNQD1BWP30P140 <../logical/results/gate_level/convolution_analysis_view_0p90v_25c_captyp_nominal.sdf, line 40263>.
xmelab: *W,SDFNET: Unable to annotate to non-existent timing check (RECREM (posedge CDN) (COND D_SDFCHK (posedge CP)) (-26) (38)) of instance :DUT.\reg_r[0].reg_c[2].ireg .\Q_reg[18]  of module DFCNQD1BWP30P140 <../logical/results/gate_level/convolution_analysis_view_0p90v_25c_captyp_nominal.sdf, line 40284>.
xmelab: *W,SDFNET: Unable to annotate to non-existent timing check (RECREM (posedge CDN) (COND D_SDFCHK (posedge CP)) (-26) (38)) of instance :DUT.\reg_r[0].reg_c[2].ireg .\Q_reg[17]  of module DFCNQD1BWP30P140 <../logical/results/gate_level/convolution_analysis_view_0p90v_25c_captyp_nominal.sdf, line 40305>.
xmelab: *W,SDFNET: Unable to annotate to non-existent timing check (RECREM (posedge CDN) (COND D_SDFCHK (posedge CP)) (-26) (38)) of instance :DUT.\reg_r[0].reg_c[2].ireg .\Q_reg[16]  of module DFCNQD1BWP30P140 <../logical/results/gate_level/convolution_analysis_view_0p90v_25c_captyp_nominal.sdf, line 40326>.
xmelab: *W,SDFNET: Unable to annotate to non-existent timing check (RECREM (posedge CDN) (COND D_SDFCHK (posedge CP)) (-26) (38)) of instance :DUT.\reg_r[0].reg_c[2].ireg .\Q_reg[13]  of module DFCNQD1BWP30P140 <../logical/results/gate_level/convolution_analysis_view_0p90v_25c_captyp_nominal.sdf, line 40347>.
xmelab: *W,SDFNET: Unable to annotate to non-existent timing check (RECREM (posedge CDN) (COND D_SDFCHK (posedge CP)) (-26) (38)) of instance :DUT.\reg_r[0].reg_c[2].ireg .\Q_reg[12]  of module DFCNQD1BWP30P140 <../logical/results/gate_level/convolution_analysis_view_0p90v_25c_captyp_nominal.sdf, line 40368>.
xmelab: *W,SDFNET: Unable to annotate to non-existent timing check (RECREM (posedge CDN) (COND D_SDFCHK (posedge CP)) (-26) (38)) of instance :DUT.\reg_r[0].reg_c[2].ireg .\Q_reg[11]  of module DFCNQD1BWP30P140 <../logical/results/gate_level/convolution_analysis_view_0p90v_25c_captyp_nominal.sdf, line 40389>.
xmelab: *W,SDFNET: Unable to annotate to non-existent timing check (RECREM (posedge CDN) (COND D_SDFCHK (posedge CP)) (-26) (38)) of instance :DUT.\reg_r[0].reg_c[2].ireg .\Q_reg[5]  of module DFCNQD1BWP30P140 <../logical/results/gate_level/convolution_analysis_view_0p90v_25c_captyp_nominal.sdf, line 40410>.
xmelab: *W,SDFNET: Unable to annotate to non-existent timing check (RECREM (posedge CDN) (COND D_SDFCHK (posedge CP)) (-26) (38)) of instance :DUT.\reg_r[0].reg_c[2].ireg .\Q_reg[4]  of module DFCNQD1BWP30P140 <../logical/results/gate_level/convolution_analysis_view_0p90v_25c_captyp_nominal.sdf, line 40431>.
xmelab: *W,SDFNET: Unable to annotate to non-existent timing check (RECREM (posedge CDN) (COND D_SDFCHK (posedge CP)) (-26) (38)) of instance :DUT.\reg_r[0].reg_c[2].ireg .\Q_reg[1]  of module DFCNQD1BWP30P140 <../logical/results/gate_level/convolution_analysis_view_0p90v_25c_captyp_nominal.sdf, line 40452>.
xmelab: *W,SDFNET: Unable to annotate to non-existent timing check (RECREM (posedge CDN) (COND D_SDFCHK (posedge CP)) (-26) (38)) of instance :DUT.\reg_r[0].reg_c[2].ireg .\Q_reg[6]  of module DFCNQD1BWP30P140 <../logical/results/gate_level/convolution_analysis_view_0p90v_25c_captyp_nominal.sdf, line 40473>.
xmelab: *W,SDFNET: Unable to annotate to non-existent timing check (RECREM (posedge CDN) (COND D_SDFCHK (posedge CP)) (-26) (38)) of instance :DUT.\reg_r[0].reg_c[2].ireg .\Q_reg[14]  of module DFCNQD1BWP30P140 <../logical/results/gate_level/convolution_analysis_view_0p90v_25c_captyp_nominal.sdf, line 40494>.
xmelab: *W,SDFNET: Unable to annotate to non-existent timing check (RECREM (posedge CDN) (COND D_SDFCHK (posedge CP)) (-26) (38)) of instance :DUT.\reg_r[0].reg_c[2].ireg .\Q_reg[15]  of module DFCNQD1BWP30P140 <../logical/results/gate_level/convolution_analysis_view_0p90v_25c_captyp_nominal.sdf, line 40515>.
xmelab: *W,SDFNET: Unable to annotate to non-existent timing check (RECREM (posedge CDN) (COND D_SDFCHK (posedge CP)) (-26) (38)) of instance :DUT.\reg_r[0].reg_c[2].ireg .\Q_reg[8]  of module DFCNQD1BWP30P140 <../logical/results/gate_level/convolution_analysis_view_0p90v_25c_captyp_nominal.sdf, line 40536>.
xmelab: *W,SDFNET: Unable to annotate to non-existent timing check (RECREM (posedge CDN) (COND D_SDFCHK (posedge CP)) (-26) (38)) of instance :DUT.\reg_r[0].reg_c[2].ireg .\Q_reg[7]  of module DFCNQD1BWP30P140 <../logical/results/gate_level/convolution_analysis_view_0p90v_25c_captyp_nominal.sdf, line 40557>.
xmelab: *W,SDFNET: Unable to annotate to non-existent timing check (RECREM (posedge CDN) (COND D_SDFCHK (posedge CP)) (-26) (38)) of instance :DUT.\reg_r[0].reg_c[2].ireg .\Q_reg[0]  of module DFCNQD1BWP30P140 <../logical/results/gate_level/convolution_analysis_view_0p90v_25c_captyp_nominal.sdf, line 40578>.
xmelab: *W,SDFNET: Unable to annotate to non-existent timing check (RECREM (posedge CDN) (COND D_SDFCHK (posedge CP)) (-26) (38)) of instance :DUT.\reg_r[0].reg_c[2].ireg .\Q_reg[19]  of module DFCNQD1BWP30P140 <../logical/results/gate_level/convolution_analysis_view_0p90v_25c_captyp_nominal.sdf, line 40599>.
xmelab: *W,SDFNET: Unable to annotate to non-existent timing check (RECREM (posedge CDN) (COND D_SDFCHK (posedge CP)) (-26) (38)) of instance :DUT.\reg_r[0].reg_c[2].ireg .\Q_reg[2]  of module DFCNQD1BWP30P140 <../logical/results/gate_level/convolution_analysis_view_0p90v_25c_captyp_nominal.sdf, line 40620>.
xmelab: *W,SDFNET: Unable to annotate to non-existent timing check (RECREM (posedge CDN) (COND D_SDFCHK (posedge CP)) (-26) (38)) of instance :DUT.\reg_r[0].reg_c[2].ireg .\Q_reg[9]  of module DFCNQD1BWP30P140 <../logical/results/gate_level/convolution_analysis_view_0p90v_25c_captyp_nominal.sdf, line 40641>.
xmelab: *W,SDFNET: Unable to annotate to non-existent timing check (RECREM (posedge CDN) (COND D_SDFCHK (posedge CP)) (-26) (38)) of instance :DUT.\reg_r[1].reg_c[0].ireg .\Q_reg[20]  of module DFCNQD1BWP30P140 <../logical/results/gate_level/convolution_analysis_view_0p90v_25c_captyp_nominal.sdf, line 40672>.
xmelab: *W,SDFNET: Unable to annotate to non-existent timing check (RECREM (posedge CDN) (COND D_SDFCHK (posedge CP)) (-26) (38)) of instance :DUT.\reg_r[1].reg_c[0].ireg .\Q_reg[19]  of module DFCNQD1BWP30P140 <../logical/results/gate_level/convolution_analysis_view_0p90v_25c_captyp_nominal.sdf, line 40693>.
xmelab: *W,SDFNET: Unable to annotate to non-existent timing check (RECREM (posedge CDN) (COND D_SDFCHK (posedge CP)) (-26) (38)) of instance :DUT.\reg_r[1].reg_c[0].ireg .\Q_reg[18]  of module DFCNQD1BWP30P140 <../logical/results/gate_level/convolution_analysis_view_0p90v_25c_captyp_nominal.sdf, line 40714>.
xmelab: *W,SDFNET: Unable to annotate to non-existent timing check (RECREM (posedge CDN) (COND D_SDFCHK (posedge CP)) (-26) (38)) of instance :DUT.\reg_r[1].reg_c[0].ireg .\Q_reg[17]  of module DFCNQD1BWP30P140 <../logical/results/gate_level/convolution_analysis_view_0p90v_25c_captyp_nominal.sdf, line 40735>.
xmelab: *W,SDFNET: Unable to annotate to non-existent timing check (RECREM (posedge CDN) (COND D_SDFCHK (posedge CP)) (-26) (38)) of instance :DUT.\reg_r[1].reg_c[0].ireg .\Q_reg[16]  of module DFCNQD1BWP30P140 <../logical/results/gate_level/convolution_analysis_view_0p90v_25c_captyp_nominal.sdf, line 40756>.
xmelab: *W,SDFNET: Unable to annotate to non-existent timing check (RECREM (posedge CDN) (COND D_SDFCHK (posedge CP)) (-26) (38)) of instance :DUT.\reg_r[1].reg_c[0].ireg .\Q_reg[15]  of module DFCNQD1BWP30P140 <../logical/results/gate_level/convolution_analysis_view_0p90v_25c_captyp_nominal.sdf, line 40777>.
xmelab: *W,SDFNET: Unable to annotate to non-existent timing check (RECREM (posedge CDN) (COND D_SDFCHK (posedge CP)) (-26) (38)) of instance :DUT.\reg_r[1].reg_c[0].ireg .\Q_reg[14]  of module DFCNQD1BWP30P140 <../logical/results/gate_level/convolution_analysis_view_0p90v_25c_captyp_nominal.sdf, line 40798>.
xmelab: *W,SDFNET: Unable to annotate to non-existent timing check (RECREM (posedge CDN) (COND D_SDFCHK (posedge CP)) (-26) (38)) of instance :DUT.\reg_r[1].reg_c[0].ireg .\Q_reg[13]  of module DFCNQD1BWP30P140 <../logical/results/gate_level/convolution_analysis_view_0p90v_25c_captyp_nominal.sdf, line 40819>.
xmelab: *W,SDFNET: Unable to annotate to non-existent timing check (RECREM (posedge CDN) (COND D_SDFCHK (posedge CP)) (-26) (38)) of instance :DUT.\reg_r[1].reg_c[0].ireg .\Q_reg[1]  of module DFCNQD1BWP30P140 <../logical/results/gate_level/convolution_analysis_view_0p90v_25c_captyp_nominal.sdf, line 40840>.
xmelab: *W,SDFNET: Unable to annotate to non-existent timing check (RECREM (posedge CDN) (COND D_SDFCHK (posedge CP)) (-26) (38)) of instance :DUT.\reg_r[1].reg_c[0].ireg .\Q_reg[12]  of module DFCNQD1BWP30P140 <../logical/results/gate_level/convolution_analysis_view_0p90v_25c_captyp_nominal.sdf, line 40861>.
xmelab: *W,SDFNET: Unable to annotate to non-existent timing check (RECREM (posedge CDN) (COND D_SDFCHK (posedge CP)) (-26) (38)) of instance :DUT.\reg_r[1].reg_c[0].ireg .\Q_reg[11]  of module DFCNQD1BWP30P140 <../logical/results/gate_level/convolution_analysis_view_0p90v_25c_captyp_nominal.sdf, line 40882>.
xmelab: *W,SDFNET: Unable to annotate to non-existent timing check (RECREM (posedge CDN) (COND D_SDFCHK (posedge CP)) (-26) (38)) of instance :DUT.\reg_r[1].reg_c[0].ireg .\Q_reg[10]  of module DFCNQD1BWP30P140 <../logical/results/gate_level/convolution_analysis_view_0p90v_25c_captyp_nominal.sdf, line 40903>.
xmelab: *W,SDFNET: Unable to annotate to non-existent timing check (RECREM (posedge CDN) (COND D_SDFCHK (posedge CP)) (-26) (38)) of instance :DUT.\reg_r[1].reg_c[0].ireg .\Q_reg[8]  of module DFCNQD1BWP30P140 <../logical/results/gate_level/convolution_analysis_view_0p90v_25c_captyp_nominal.sdf, line 40924>.
xmelab: *W,SDFNET: Unable to annotate to non-existent timing check (RECREM (posedge CDN) (COND D_SDFCHK (posedge CP)) (-26) (38)) of instance :DUT.\reg_r[1].reg_c[0].ireg .\Q_reg[7]  of module DFCNQD1BWP30P140 <../logical/results/gate_level/convolution_analysis_view_0p90v_25c_captyp_nominal.sdf, line 40945>.
xmelab: *W,SDFNET: Unable to annotate to non-existent timing check (RECREM (posedge CDN) (COND D_SDFCHK (posedge CP)) (-26) (38)) of instance :DUT.\reg_r[1].reg_c[0].ireg .\Q_reg[6]  of module DFCNQD1BWP30P140 <../logical/results/gate_level/convolution_analysis_view_0p90v_25c_captyp_nominal.sdf, line 40966>.
xmelab: *W,SDFNET: Unable to annotate to non-existent timing check (RECREM (posedge CDN) (COND D_SDFCHK (posedge CP)) (-26) (38)) of instance :DUT.\reg_r[1].reg_c[0].ireg .\Q_reg[4]  of module DFCNQD1BWP30P140 <../logical/results/gate_level/convolution_analysis_view_0p90v_25c_captyp_nominal.sdf, line 40987>.
xmelab: *W,SDFNET: Unable to annotate to non-existent timing check (RECREM (posedge CDN) (COND D_SDFCHK (posedge CP)) (-26) (38)) of instance :DUT.\reg_r[1].reg_c[0].ireg .\Q_reg[3]  of module DFCNQD1BWP30P140 <../logical/results/gate_level/convolution_analysis_view_0p90v_25c_captyp_nominal.sdf, line 41008>.
xmelab: *W,SDFNET: Unable to annotate to non-existent timing check (RECREM (posedge CDN) (COND D_SDFCHK (posedge CP)) (-26) (38)) of instance :DUT.\reg_r[1].reg_c[0].ireg .\Q_reg[2]  of module DFCNQD1BWP30P140 <../logical/results/gate_level/convolution_analysis_view_0p90v_25c_captyp_nominal.sdf, line 41029>.
xmelab: *W,SDFNET: Unable to annotate to non-existent timing check (RECREM (posedge CDN) (COND D_SDFCHK (posedge CP)) (-26) (38)) of instance :DUT.\reg_r[1].reg_c[0].ireg .\Q_reg[0]  of module DFCNQD1BWP30P140 <../logical/results/gate_level/convolution_analysis_view_0p90v_25c_captyp_nominal.sdf, line 41050>.
xmelab: *W,SDFNET: Unable to annotate to non-existent timing check (RECREM (posedge CDN) (COND D_SDFCHK (posedge CP)) (-26) (38)) of instance :DUT.\reg_r[1].reg_c[0].ireg .\Q_reg[9]  of module DFCNQD1BWP30P140 <../logical/results/gate_level/convolution_analysis_view_0p90v_25c_captyp_nominal.sdf, line 41071>.
xmelab: *W,SDFNET: Unable to annotate to non-existent timing check (RECREM (posedge CDN) (COND D_SDFCHK (posedge CP)) (-26) (38)) of instance :DUT.\reg_r[1].reg_c[0].ireg .\Q_reg[5]  of module DFCNQD1BWP30P140 <../logical/results/gate_level/convolution_analysis_view_0p90v_25c_captyp_nominal.sdf, line 41092>.
xmelab: *W,SDFNET: Unable to annotate to non-existent timing check (RECREM (posedge CDN) (COND D_SDFCHK (posedge CP)) (-26) (38)) of instance :DUT.\reg_r[1].reg_c[1].ireg .\Q_reg[9]  of module DFCNQD1BWP30P140 <../logical/results/gate_level/convolution_analysis_view_0p90v_25c_captyp_nominal.sdf, line 41123>.
xmelab: *W,SDFNET: Unable to annotate to non-existent timing check (RECREM (posedge CDN) (COND D_SDFCHK (posedge CP)) (-26) (38)) of instance :DUT.\reg_r[1].reg_c[1].ireg .\Q_reg[4]  of module DFCNQD1BWP30P140 <../logical/results/gate_level/convolution_analysis_view_0p90v_25c_captyp_nominal.sdf, line 41144>.
xmelab: *W,SDFNET: Unable to annotate to non-existent timing check (RECREM (posedge CDN) (COND D_SDFCHK (posedge CP)) (-26) (38)) of instance :DUT.\reg_r[1].reg_c[1].ireg .\Q_reg[12]  of module DFCNQD1BWP30P140 <../logical/results/gate_level/convolution_analysis_view_0p90v_25c_captyp_nominal.sdf, line 41165>.
xmelab: *W,SDFNET: Unable to annotate to non-existent timing check (RECREM (posedge CDN) (COND D_SDFCHK (posedge CP)) (-26) (38)) of instance :DUT.\reg_r[1].reg_c[1].ireg .\Q_reg[13]  of module DFCNQD1BWP30P140 <../logical/results/gate_level/convolution_analysis_view_0p90v_25c_captyp_nominal.sdf, line 41186>.
xmelab: *W,SDFNET: Unable to annotate to non-existent timing check (RECREM (posedge CDN) (COND D_SDFCHK (posedge CP)) (-26) (38)) of instance :DUT.\reg_r[1].reg_c[1].ireg .\Q_reg[20]  of module DFCNQD1BWP30P140 <../logical/results/gate_level/convolution_analysis_view_0p90v_25c_captyp_nominal.sdf, line 41207>.
xmelab: *W,SDFNET: Unable to annotate to non-existent timing check (RECREM (posedge CDN) (COND D_SDFCHK (posedge CP)) (-26) (38)) of instance :DUT.\reg_r[1].reg_c[1].ireg .\Q_reg[19]  of module DFCNQD1BWP30P140 <../logical/results/gate_level/convolution_analysis_view_0p90v_25c_captyp_nominal.sdf, line 41228>.
xmelab: *W,SDFNET: Unable to annotate to non-existent timing check (RECREM (posedge CDN) (COND D_SDFCHK (posedge CP)) (-26) (38)) of instance :DUT.\reg_r[1].reg_c[1].ireg .\Q_reg[18]  of module DFCNQD1BWP30P140 <../logical/results/gate_level/convolution_analysis_view_0p90v_25c_captyp_nominal.sdf, line 41249>.
xmelab: *W,SDFNET: Unable to annotate to non-existent timing check (RECREM (posedge CDN) (COND D_SDFCHK (posedge CP)) (-26) (38)) of instance :DUT.\reg_r[1].reg_c[1].ireg .\Q_reg[17]  of module DFCNQD1BWP30P140 <../logical/results/gate_level/convolution_analysis_view_0p90v_25c_captyp_nominal.sdf, line 41270>.
xmelab: *W,SDFNET: Unable to annotate to non-existent timing check (RECREM (posedge CDN) (COND D_SDFCHK (posedge CP)) (-26) (38)) of instance :DUT.\reg_r[1].reg_c[1].ireg .\Q_reg[16]  of module DFCNQD1BWP30P140 <../logical/results/gate_level/convolution_analysis_view_0p90v_25c_captyp_nominal.sdf, line 41291>.
xmelab: *W,SDFNET: Unable to annotate to non-existent timing check (RECREM (posedge CDN) (COND D_SDFCHK (posedge CP)) (-26) (38)) of instance :DUT.\reg_r[1].reg_c[1].ireg .\Q_reg[15]  of module DFCNQD1BWP30P140 <../logical/results/gate_level/convolution_analysis_view_0p90v_25c_captyp_nominal.sdf, line 41312>.
xmelab: *W,SDFNET: Unable to annotate to non-existent timing check (RECREM (posedge CDN) (COND D_SDFCHK (posedge CP)) (-26) (38)) of instance :DUT.\reg_r[1].reg_c[1].ireg .\Q_reg[11]  of module DFCNQD1BWP30P140 <../logical/results/gate_level/convolution_analysis_view_0p90v_25c_captyp_nominal.sdf, line 41333>.
xmelab: *W,SDFNET: Unable to annotate to non-existent timing check (RECREM (posedge CDN) (COND D_SDFCHK (posedge CP)) (-26) (38)) of instance :DUT.\reg_r[1].reg_c[1].ireg .\Q_reg[10]  of module DFCNQD1BWP30P140 <../logical/results/gate_level/convolution_analysis_view_0p90v_25c_captyp_nominal.sdf, line 41354>.
xmelab: *W,SDFNET: Unable to annotate to non-existent timing check (RECREM (posedge CDN) (COND D_SDFCHK (posedge CP)) (-26) (38)) of instance :DUT.\reg_r[1].reg_c[1].ireg .\Q_reg[8]  of module DFCNQD1BWP30P140 <../logical/results/gate_level/convolution_analysis_view_0p90v_25c_captyp_nominal.sdf, line 41375>.
xmelab: *W,SDFNET: Unable to annotate to non-existent timing check (RECREM (posedge CDN) (COND D_SDFCHK (posedge CP)) (-26) (38)) of instance :DUT.\reg_r[1].reg_c[1].ireg .\Q_reg[6]  of module DFCNQD1BWP30P140 <../logical/results/gate_level/convolution_analysis_view_0p90v_25c_captyp_nominal.sdf, line 41396>.
xmelab: *W,SDFNET: Unable to annotate to non-existent timing check (RECREM (posedge CDN) (COND D_SDFCHK (posedge CP)) (-26) (38)) of instance :DUT.\reg_r[1].reg_c[1].ireg .\Q_reg[3]  of module DFCNQD1BWP30P140 <../logical/results/gate_level/convolution_analysis_view_0p90v_25c_captyp_nominal.sdf, line 41417>.
xmelab: *W,SDFNET: Unable to annotate to non-existent timing check (RECREM (posedge CDN) (COND D_SDFCHK (posedge CP)) (-26) (38)) of instance :DUT.\reg_r[1].reg_c[1].ireg .\Q_reg[2]  of module DFCNQD1BWP30P140 <../logical/results/gate_level/convolution_analysis_view_0p90v_25c_captyp_nominal.sdf, line 41438>.
xmelab: *W,SDFNET: Unable to annotate to non-existent timing check (RECREM (posedge CDN) (COND D_SDFCHK (posedge CP)) (-26) (38)) of instance :DUT.\reg_r[1].reg_c[1].ireg .\Q_reg[1]  of module DFCNQD1BWP30P140 <../logical/results/gate_level/convolution_analysis_view_0p90v_25c_captyp_nominal.sdf, line 41459>.
xmelab: *W,SDFNET: Unable to annotate to non-existent timing check (RECREM (posedge CDN) (COND D_SDFCHK (posedge CP)) (-26) (38)) of instance :DUT.\reg_r[1].reg_c[1].ireg .\Q_reg[0]  of module DFCNQD1BWP30P140 <../logical/results/gate_level/convolution_analysis_view_0p90v_25c_captyp_nominal.sdf, line 41480>.
xmelab: *W,SDFNET: Unable to annotate to non-existent timing check (RECREM (posedge CDN) (COND D_SDFCHK (posedge CP)) (-26) (38)) of instance :DUT.\reg_r[1].reg_c[1].ireg .\Q_reg[7]  of module DFCNQD1BWP30P140 <../logical/results/gate_level/convolution_analysis_view_0p90v_25c_captyp_nominal.sdf, line 41501>.
xmelab: *W,SDFNET: Unable to annotate to non-existent timing check (RECREM (posedge CDN) (COND D_SDFCHK (posedge CP)) (-26) (38)) of instance :DUT.\reg_r[1].reg_c[1].ireg .\Q_reg[5]  of module DFCNQD1BWP30P140 <../logical/results/gate_level/convolution_analysis_view_0p90v_25c_captyp_nominal.sdf, line 41522>.
xmelab: *W,SDFNET: Unable to annotate to non-existent timing check (RECREM (posedge CDN) (COND D_SDFCHK (posedge CP)) (-26) (38)) of instance :DUT.\reg_r[1].reg_c[1].ireg .\Q_reg[14]  of module DFCNQD1BWP30P140 <../logical/results/gate_level/convolution_analysis_view_0p90v_25c_captyp_nominal.sdf, line 41543>.
xmelab: *W,SDFNET: Unable to annotate to non-existent timing check (RECREM (posedge CDN) (COND D_SDFCHK (posedge CP)) (-26) (38)) of instance :DUT.\reg_r[1].reg_c[2].ireg .\Q_reg[12]  of module DFCNQD1BWP30P140 <../logical/results/gate_level/convolution_analysis_view_0p90v_25c_captyp_nominal.sdf, line 41574>.
xmelab: *W,SDFNET: Unable to annotate to non-existent timing check (RECREM (posedge CDN) (COND D_SDFCHK (posedge CP)) (-26) (38)) of instance :DUT.\reg_r[1].reg_c[2].ireg .\Q_reg[17]  of module DFCNQD1BWP30P140 <../logical/results/gate_level/convolution_analysis_view_0p90v_25c_captyp_nominal.sdf, line 41595>.
xmelab: *W,SDFNET: Unable to annotate to non-existent timing check (RECREM (posedge CDN) (COND D_SDFCHK (posedge CP)) (-26) (38)) of instance :DUT.\reg_r[1].reg_c[2].ireg .\Q_reg[8]  of module DFCNQD1BWP30P140 <../logical/results/gate_level/convolution_analysis_view_0p90v_25c_captyp_nominal.sdf, line 41616>.
xmelab: *W,SDFNET: Unable to annotate to non-existent timing check (RECREM (posedge CDN) (COND D_SDFCHK (posedge CP)) (-26) (38)) of instance :DUT.\reg_r[1].reg_c[2].ireg .\Q_reg[20]  of module DFCNQD1BWP30P140 <../logical/results/gate_level/convolution_analysis_view_0p90v_25c_captyp_nominal.sdf, line 41637>.
xmelab: *W,SDFNET: Unable to annotate to non-existent timing check (RECREM (posedge CDN) (COND D_SDFCHK (posedge CP)) (-26) (38)) of instance :DUT.\reg_r[1].reg_c[2].ireg .\Q_reg[15]  of module DFCNQD1BWP30P140 <../logical/results/gate_level/convolution_analysis_view_0p90v_25c_captyp_nominal.sdf, line 41658>.
xmelab: *W,SDFNET: Unable to annotate to non-existent timing check (RECREM (posedge CDN) (COND D_SDFCHK (posedge CP)) (-26) (38)) of instance :DUT.\reg_r[1].reg_c[2].ireg .\Q_reg[14]  of module DFCNQD1BWP30P140 <../logical/results/gate_level/convolution_analysis_view_0p90v_25c_captyp_nominal.sdf, line 41679>.
xmelab: *W,SDFNET: Unable to annotate to non-existent timing check (RECREM (posedge CDN) (COND D_SDFCHK (posedge CP)) (-26) (38)) of instance :DUT.\reg_r[1].reg_c[2].ireg .\Q_reg[11]  of module DFCNQD1BWP30P140 <../logical/results/gate_level/convolution_analysis_view_0p90v_25c_captyp_nominal.sdf, line 41700>.
xmelab: *W,SDFNET: Unable to annotate to non-existent timing check (RECREM (posedge CDN) (COND D_SDFCHK (posedge CP)) (-26) (38)) of instance :DUT.\reg_r[1].reg_c[2].ireg .\Q_reg[10]  of module DFCNQD1BWP30P140 <../logical/results/gate_level/convolution_analysis_view_0p90v_25c_captyp_nominal.sdf, line 41721>.
xmelab: *W,SDFNET: Unable to annotate to non-existent timing check (RECREM (posedge CDN) (COND D_SDFCHK (posedge CP)) (-26) (38)) of instance :DUT.\reg_r[1].reg_c[2].ireg .\Q_reg[7]  of module DFCNQD1BWP30P140 <../logical/results/gate_level/convolution_analysis_view_0p90v_25c_captyp_nominal.sdf, line 41742>.
xmelab: *W,SDFNET: Unable to annotate to non-existent timing check (RECREM (posedge CDN) (COND D_SDFCHK (posedge CP)) (-26) (38)) of instance :DUT.\reg_r[1].reg_c[2].ireg .\Q_reg[6]  of module DFCNQD1BWP30P140 <../logical/results/gate_level/convolution_analysis_view_0p90v_25c_captyp_nominal.sdf, line 41763>.
xmelab: *W,SDFNET: Unable to annotate to non-existent timing check (RECREM (posedge CDN) (COND D_SDFCHK (posedge CP)) (-26) (38)) of instance :DUT.\reg_r[1].reg_c[2].ireg .\Q_reg[3]  of module DFCNQD1BWP30P140 <../logical/results/gate_level/convolution_analysis_view_0p90v_25c_captyp_nominal.sdf, line 41784>.
xmelab: *W,SDFNET: Unable to annotate to non-existent timing check (RECREM (posedge CDN) (COND D_SDFCHK (posedge CP)) (-26) (38)) of instance :DUT.\reg_r[1].reg_c[2].ireg .\Q_reg[2]  of module DFCNQD1BWP30P140 <../logical/results/gate_level/convolution_analysis_view_0p90v_25c_captyp_nominal.sdf, line 41805>.
xmelab: *W,SDFNET: Unable to annotate to non-existent timing check (RECREM (posedge CDN) (COND D_SDFCHK (posedge CP)) (-26) (38)) of instance :DUT.\reg_r[1].reg_c[2].ireg .\Q_reg[0]  of module DFCNQD1BWP30P140 <../logical/results/gate_level/convolution_analysis_view_0p90v_25c_captyp_nominal.sdf, line 41826>.
xmelab: *W,SDFNET: Unable to annotate to non-existent timing check (RECREM (posedge CDN) (COND D_SDFCHK (posedge CP)) (-26) (38)) of instance :DUT.\reg_r[1].reg_c[2].ireg .\Q_reg[5]  of module DFCNQD1BWP30P140 <../logical/results/gate_level/convolution_analysis_view_0p90v_25c_captyp_nominal.sdf, line 41847>.
xmelab: *W,SDFNET: Unable to annotate to non-existent timing check (RECREM (posedge CDN) (COND D_SDFCHK (posedge CP)) (-26) (38)) of instance :DUT.\reg_r[1].reg_c[2].ireg .\Q_reg[1]  of module DFCNQD1BWP30P140 <../logical/results/gate_level/convolution_analysis_view_0p90v_25c_captyp_nominal.sdf, line 41868>.
xmelab: *W,SDFNET: Unable to annotate to non-existent timing check (RECREM (posedge CDN) (COND D_SDFCHK (posedge CP)) (-26) (38)) of instance :DUT.\reg_r[1].reg_c[2].ireg .\Q_reg[9]  of module DFCNQD1BWP30P140 <../logical/results/gate_level/convolution_analysis_view_0p90v_25c_captyp_nominal.sdf, line 41889>.
xmelab: *W,SDFNET: Unable to annotate to non-existent timing check (RECREM (posedge CDN) (COND D_SDFCHK (posedge CP)) (-26) (38)) of instance :DUT.\reg_r[1].reg_c[2].ireg .\Q_reg[13]  of module DFCNQD1BWP30P140 <../logical/results/gate_level/convolution_analysis_view_0p90v_25c_captyp_nominal.sdf, line 41910>.
xmelab: *W,SDFNET: Unable to annotate to non-existent timing check (RECREM (posedge CDN) (COND D_SDFCHK (posedge CP)) (-26) (38)) of instance :DUT.\reg_r[1].reg_c[2].ireg .\Q_reg[18]  of module DFCNQD1BWP30P140 <../logical/results/gate_level/convolution_analysis_view_0p90v_25c_captyp_nominal.sdf, line 41931>.
xmelab: *W,SDFNET: Unable to annotate to non-existent timing check (RECREM (posedge CDN) (COND D_SDFCHK (posedge CP)) (-26) (38)) of instance :DUT.\reg_r[1].reg_c[2].ireg .\Q_reg[4]  of module DFCNQD1BWP30P140 <../logical/results/gate_level/convolution_analysis_view_0p90v_25c_captyp_nominal.sdf, line 41952>.
xmelab: *W,SDFNET: Unable to annotate to non-existent timing check (RECREM (posedge CDN) (COND D_SDFCHK (posedge CP)) (-26) (38)) of instance :DUT.\reg_r[1].reg_c[2].ireg .\Q_reg[16]  of module DFCNQD1BWP30P140 <../logical/results/gate_level/convolution_analysis_view_0p90v_25c_captyp_nominal.sdf, line 41973>.
xmelab: *W,SDFNET: Unable to annotate to non-existent timing check (RECREM (posedge CDN) (COND D_SDFCHK (posedge CP)) (-26) (38)) of instance :DUT.\reg_r[1].reg_c[2].ireg .\Q_reg[19]  of module DFCNQD1BWP30P140 <../logical/results/gate_level/convolution_analysis_view_0p90v_25c_captyp_nominal.sdf, line 41994>.
xmelab: *W,SDFNET: Unable to annotate to non-existent timing check (RECREM (posedge CDN) (COND D_SDFCHK (posedge CP)) (-26) (38)) of instance :DUT.\reg_r[2].reg_c[0].ireg .\Q_reg[3]  of module DFCNQD1BWP30P140 <../logical/results/gate_level/convolution_analysis_view_0p90v_25c_captyp_nominal.sdf, line 42025>.
xmelab: *W,SDFNET: Unable to annotate to non-existent timing check (RECREM (posedge CDN) (COND D_SDFCHK (posedge CP)) (-26) (38)) of instance :DUT.\reg_r[2].reg_c[0].ireg .\Q_reg[20]  of module DFCNQD1BWP30P140 <../logical/results/gate_level/convolution_analysis_view_0p90v_25c_captyp_nominal.sdf, line 42046>.
xmelab: *W,SDFNET: Unable to annotate to non-existent timing check (RECREM (posedge CDN) (COND D_SDFCHK (posedge CP)) (-26) (38)) of instance :DUT.\reg_r[2].reg_c[0].ireg .\Q_reg[19]  of module DFCNQD1BWP30P140 <../logical/results/gate_level/convolution_analysis_view_0p90v_25c_captyp_nominal.sdf, line 42067>.
xmelab: *W,SDFNET: Unable to annotate to non-existent timing check (RECREM (posedge CDN) (COND D_SDFCHK (posedge CP)) (-26) (38)) of instance :DUT.\reg_r[2].reg_c[0].ireg .\Q_reg[18]  of module DFCNQD1BWP30P140 <../logical/results/gate_level/convolution_analysis_view_0p90v_25c_captyp_nominal.sdf, line 42088>.
xmelab: *W,SDFNET: Unable to annotate to non-existent timing check (RECREM (posedge CDN) (COND D_SDFCHK (posedge CP)) (-26) (38)) of instance :DUT.\reg_r[2].reg_c[0].ireg .\Q_reg[17]  of module DFCNQD1BWP30P140 <../logical/results/gate_level/convolution_analysis_view_0p90v_25c_captyp_nominal.sdf, line 42109>.
xmelab: *W,SDFNET: Unable to annotate to non-existent timing check (RECREM (posedge CDN) (COND D_SDFCHK (posedge CP)) (-26) (38)) of instance :DUT.\reg_r[2].reg_c[0].ireg .\Q_reg[16]  of module DFCNQD1BWP30P140 <../logical/results/gate_level/convolution_analysis_view_0p90v_25c_captyp_nominal.sdf, line 42130>.
xmelab: *W,SDFNET: Unable to annotate to non-existent timing check (RECREM (posedge CDN) (COND D_SDFCHK (posedge CP)) (-26) (38)) of instance :DUT.\reg_r[2].reg_c[0].ireg .\Q_reg[15]  of module DFCNQD1BWP30P140 <../logical/results/gate_level/convolution_analysis_view_0p90v_25c_captyp_nominal.sdf, line 42151>.
xmelab: *W,SDFNET: Unable to annotate to non-existent timing check (RECREM (posedge CDN) (COND D_SDFCHK (posedge CP)) (-26) (38)) of instance :DUT.\reg_r[2].reg_c[0].ireg .\Q_reg[12]  of module DFCNQD1BWP30P140 <../logical/results/gate_level/convolution_analysis_view_0p90v_25c_captyp_nominal.sdf, line 42172>.
xmelab: *W,SDFNET: Unable to annotate to non-existent timing check (RECREM (posedge CDN) (COND D_SDFCHK (posedge CP)) (-26) (38)) of instance :DUT.\reg_r[2].reg_c[0].ireg .\Q_reg[11]  of module DFCNQD1BWP30P140 <../logical/results/gate_level/convolution_analysis_view_0p90v_25c_captyp_nominal.sdf, line 42193>.
xmelab: *W,SDFNET: Unable to annotate to non-existent timing check (RECREM (posedge CDN) (COND D_SDFCHK (posedge CP)) (-26) (38)) of instance :DUT.\reg_r[2].reg_c[0].ireg .\Q_reg[10]  of module DFCNQD1BWP30P140 <../logical/results/gate_level/convolution_analysis_view_0p90v_25c_captyp_nominal.sdf, line 42214>.
xmelab: *W,SDFNET: Unable to annotate to non-existent timing check (RECREM (posedge CDN) (COND D_SDFCHK (posedge CP)) (-26) (38)) of instance :DUT.\reg_r[2].reg_c[0].ireg .\Q_reg[9]  of module DFCNQD1BWP30P140 <../logical/results/gate_level/convolution_analysis_view_0p90v_25c_captyp_nominal.sdf, line 42235>.
xmelab: *W,SDFNET: Unable to annotate to non-existent timing check (RECREM (posedge CDN) (COND D_SDFCHK (posedge CP)) (-26) (38)) of instance :DUT.\reg_r[2].reg_c[0].ireg .\Q_reg[8]  of module DFCNQD1BWP30P140 <../logical/results/gate_level/convolution_analysis_view_0p90v_25c_captyp_nominal.sdf, line 42256>.
xmelab: *W,SDFNET: Unable to annotate to non-existent timing check (RECREM (posedge CDN) (COND D_SDFCHK (posedge CP)) (-26) (38)) of instance :DUT.\reg_r[2].reg_c[0].ireg .\Q_reg[7]  of module DFCNQD1BWP30P140 <../logical/results/gate_level/convolution_analysis_view_0p90v_25c_captyp_nominal.sdf, line 42277>.
xmelab: *W,SDFNET: Unable to annotate to non-existent timing check (RECREM (posedge CDN) (COND D_SDFCHK (posedge CP)) (-26) (38)) of instance :DUT.\reg_r[2].reg_c[0].ireg .\Q_reg[5]  of module DFCNQD1BWP30P140 <../logical/results/gate_level/convolution_analysis_view_0p90v_25c_captyp_nominal.sdf, line 42298>.
xmelab: *W,SDFNET: Unable to annotate to non-existent timing check (RECREM (posedge CDN) (COND D_SDFCHK (posedge CP)) (-26) (38)) of instance :DUT.\reg_r[2].reg_c[0].ireg .\Q_reg[4]  of module DFCNQD1BWP30P140 <../logical/results/gate_level/convolution_analysis_view_0p90v_25c_captyp_nominal.sdf, line 42319>.
xmelab: *W,SDFNET: Unable to annotate to non-existent timing check (RECREM (posedge CDN) (COND D_SDFCHK (posedge CP)) (-26) (38)) of instance :DUT.\reg_r[2].reg_c[0].ireg .\Q_reg[21]  of module DFCNQD1BWP30P140 <../logical/results/gate_level/convolution_analysis_view_0p90v_25c_captyp_nominal.sdf, line 42340>.
xmelab: *W,SDFNET: Unable to annotate to non-existent timing check (RECREM (posedge CDN) (COND D_SDFCHK (posedge CP)) (-26) (38)) of instance :DUT.\reg_r[2].reg_c[0].ireg .\Q_reg[1]  of module DFCNQD1BWP30P140 <../logical/results/gate_level/convolution_analysis_view_0p90v_25c_captyp_nominal.sdf, line 42361>.
xmelab: *W,SDFNET: Unable to annotate to non-existent timing check (RECREM (posedge CDN) (COND D_SDFCHK (posedge CP)) (-26) (38)) of instance :DUT.\reg_r[2].reg_c[0].ireg .\Q_reg[0]  of module DFCNQD1BWP30P140 <../logical/results/gate_level/convolution_analysis_view_0p90v_25c_captyp_nominal.sdf, line 42382>.
xmelab: *W,SDFNET: Unable to annotate to non-existent timing check (RECREM (posedge CDN) (COND D_SDFCHK (posedge CP)) (-26) (38)) of instance :DUT.\reg_r[2].reg_c[0].ireg .\Q_reg[13]  of module DFCNQD1BWP30P140 <../logical/results/gate_level/convolution_analysis_view_0p90v_25c_captyp_nominal.sdf, line 42403>.
xmelab: *W,SDFNET: Unable to annotate to non-existent timing check (RECREM (posedge CDN) (COND D_SDFCHK (posedge CP)) (-26) (38)) of instance :DUT.\reg_r[2].reg_c[0].ireg .\Q_reg[14]  of module DFCNQD1BWP30P140 <../logical/results/gate_level/convolution_analysis_view_0p90v_25c_captyp_nominal.sdf, line 42424>.
xmelab: *W,SDFNET: Unable to annotate to non-existent timing check (RECREM (posedge CDN) (COND D_SDFCHK (posedge CP)) (-26) (38)) of instance :DUT.\reg_r[2].reg_c[0].ireg .\Q_reg[6]  of module DFCNQD1BWP30P140 <../logical/results/gate_level/convolution_analysis_view_0p90v_25c_captyp_nominal.sdf, line 42445>.
xmelab: *W,SDFNET: Unable to annotate to non-existent timing check (RECREM (posedge CDN) (COND D_SDFCHK (posedge CP)) (-26) (38)) of instance :DUT.\reg_r[2].reg_c[0].ireg .\Q_reg[2]  of module DFCNQD1BWP30P140 <../logical/results/gate_level/convolution_analysis_view_0p90v_25c_captyp_nominal.sdf, line 42466>.
xmelab: *W,SDFNET: Unable to annotate to non-existent timing check (RECREM (posedge CDN) (COND D_SDFCHK (posedge CP)) (-26) (38)) of instance :DUT.\reg_r[2].reg_c[1].ireg .\Q_reg[21]  of module DFCNQD1BWP30P140 <../logical/results/gate_level/convolution_analysis_view_0p90v_25c_captyp_nominal.sdf, line 42497>.
xmelab: *W,SDFNET: Unable to annotate to non-existent timing check (RECREM (posedge CDN) (COND D_SDFCHK (posedge CP)) (-26) (38)) of instance :DUT.\reg_r[2].reg_c[1].ireg .\Q_reg[1]  of module DFCNQD1BWP30P140 <../logical/results/gate_level/convolution_analysis_view_0p90v_25c_captyp_nominal.sdf, line 42518>.
xmelab: *W,SDFNET: Unable to annotate to non-existent timing check (RECREM (posedge CDN) (COND D_SDFCHK (posedge CP)) (-26) (38)) of instance :DUT.\reg_r[2].reg_c[1].ireg .\Q_reg[7]  of module DFCNQD1BWP30P140 <../logical/results/gate_level/convolution_analysis_view_0p90v_25c_captyp_nominal.sdf, line 42539>.
xmelab: *W,SDFNET: Unable to annotate to non-existent timing check (RECREM (posedge CDN) (COND D_SDFCHK (posedge CP)) (-26) (38)) of instance :DUT.\reg_r[2].reg_c[1].ireg .\Q_reg[20]  of module DFCNQD1BWP30P140 <../logical/results/gate_level/convolution_analysis_view_0p90v_25c_captyp_nominal.sdf, line 42560>.
xmelab: *W,SDFNET: Unable to annotate to non-existent timing check (RECREM (posedge CDN) (COND D_SDFCHK (posedge CP)) (-26) (38)) of instance :DUT.\reg_r[2].reg_c[1].ireg .\Q_reg[19]  of module DFCNQD1BWP30P140 <../logical/results/gate_level/convolution_analysis_view_0p90v_25c_captyp_nominal.sdf, line 42581>.
xmelab: *W,SDFNET: Unable to annotate to non-existent timing check (RECREM (posedge CDN) (COND D_SDFCHK (posedge CP)) (-26) (38)) of instance :DUT.\reg_r[2].reg_c[1].ireg .\Q_reg[18]  of module DFCNQD1BWP30P140 <../logical/results/gate_level/convolution_analysis_view_0p90v_25c_captyp_nominal.sdf, line 42602>.
xmelab: *W,SDFNET: Unable to annotate to non-existent timing check (RECREM (posedge CDN) (COND D_SDFCHK (posedge CP)) (-26) (38)) of instance :DUT.\reg_r[2].reg_c[1].ireg .\Q_reg[17]  of module DFCNQD1BWP30P140 <../logical/results/gate_level/convolution_analysis_view_0p90v_25c_captyp_nominal.sdf, line 42623>.
xmelab: *W,SDFNET: Unable to annotate to non-existent timing check (RECREM (posedge CDN) (COND D_SDFCHK (posedge CP)) (-26) (38)) of instance :DUT.\reg_r[2].reg_c[1].ireg .\Q_reg[15]  of module DFCNQD1BWP30P140 <../logical/results/gate_level/convolution_analysis_view_0p90v_25c_captyp_nominal.sdf, line 42644>.
xmelab: *W,SDFNET: Unable to annotate to non-existent timing check (RECREM (posedge CDN) (COND D_SDFCHK (posedge CP)) (-26) (38)) of instance :DUT.\reg_r[2].reg_c[1].ireg .\Q_reg[14]  of module DFCNQD1BWP30P140 <../logical/results/gate_level/convolution_analysis_view_0p90v_25c_captyp_nominal.sdf, line 42665>.
xmelab: *W,SDFNET: Unable to annotate to non-existent timing check (RECREM (posedge CDN) (COND D_SDFCHK (posedge CP)) (-26) (38)) of instance :DUT.\reg_r[2].reg_c[1].ireg .\Q_reg[11]  of module DFCNQD1BWP30P140 <../logical/results/gate_level/convolution_analysis_view_0p90v_25c_captyp_nominal.sdf, line 42686>.
xmelab: *W,SDFNET: Unable to annotate to non-existent timing check (RECREM (posedge CDN) (COND D_SDFCHK (posedge CP)) (-26) (38)) of instance :DUT.\reg_r[2].reg_c[1].ireg .\Q_reg[10]  of module DFCNQD1BWP30P140 <../logical/results/gate_level/convolution_analysis_view_0p90v_25c_captyp_nominal.sdf, line 42707>.
xmelab: *W,SDFNET: Unable to annotate to non-existent timing check (RECREM (posedge CDN) (COND D_SDFCHK (posedge CP)) (-26) (38)) of instance :DUT.\reg_r[2].reg_c[1].ireg .\Q_reg[9]  of module DFCNQD1BWP30P140 <../logical/results/gate_level/convolution_analysis_view_0p90v_25c_captyp_nominal.sdf, line 42728>.
xmelab: *W,SDFNET: Unable to annotate to non-existent timing check (RECREM (posedge CDN) (COND D_SDFCHK (posedge CP)) (-26) (38)) of instance :DUT.\reg_r[2].reg_c[1].ireg .\Q_reg[6]  of module DFCNQD1BWP30P140 <../logical/results/gate_level/convolution_analysis_view_0p90v_25c_captyp_nominal.sdf, line 42749>.
xmelab: *W,SDFNET: Unable to annotate to non-existent timing check (RECREM (posedge CDN) (COND D_SDFCHK (posedge CP)) (-26) (38)) of instance :DUT.\reg_r[2].reg_c[1].ireg .\Q_reg[5]  of module DFCNQD1BWP30P140 <../logical/results/gate_level/convolution_analysis_view_0p90v_25c_captyp_nominal.sdf, line 42770>.
xmelab: *W,SDFNET: Unable to annotate to non-existent timing check (RECREM (posedge CDN) (COND D_SDFCHK (posedge CP)) (-26) (38)) of instance :DUT.\reg_r[2].reg_c[1].ireg .\Q_reg[2]  of module DFCNQD1BWP30P140 <../logical/results/gate_level/convolution_analysis_view_0p90v_25c_captyp_nominal.sdf, line 42791>.
xmelab: *W,SDFNET: Unable to annotate to non-existent timing check (RECREM (posedge CDN) (COND D_SDFCHK (posedge CP)) (-26) (38)) of instance :DUT.\reg_r[2].reg_c[1].ireg .\Q_reg[0]  of module DFCNQD1BWP30P140 <../logical/results/gate_level/convolution_analysis_view_0p90v_25c_captyp_nominal.sdf, line 42812>.
xmelab: *W,SDFNET: Unable to annotate to non-existent timing check (RECREM (posedge CDN) (COND D_SDFCHK (posedge CP)) (-26) (38)) of instance :DUT.\reg_r[2].reg_c[1].ireg .\Q_reg[3]  of module DFCNQD1BWP30P140 <../logical/results/gate_level/convolution_analysis_view_0p90v_25c_captyp_nominal.sdf, line 42833>.
xmelab: *W,SDFNET: Unable to annotate to non-existent timing check (RECREM (posedge CDN) (COND D_SDFCHK (posedge CP)) (-26) (38)) of instance :DUT.\reg_r[2].reg_c[1].ireg .\Q_reg[4]  of module DFCNQD1BWP30P140 <../logical/results/gate_level/convolution_analysis_view_0p90v_25c_captyp_nominal.sdf, line 42854>.
xmelab: *W,SDFNET: Unable to annotate to non-existent timing check (RECREM (posedge CDN) (COND D_SDFCHK (posedge CP)) (-26) (38)) of instance :DUT.\reg_r[2].reg_c[1].ireg .\Q_reg[8]  of module DFCNQD1BWP30P140 <../logical/results/gate_level/convolution_analysis_view_0p90v_25c_captyp_nominal.sdf, line 42875>.
xmelab: *W,SDFNET: Unable to annotate to non-existent timing check (RECREM (posedge CDN) (COND D_SDFCHK (posedge CP)) (-26) (38)) of instance :DUT.\reg_r[2].reg_c[1].ireg .\Q_reg[16]  of module DFCNQD1BWP30P140 <../logical/results/gate_level/convolution_analysis_view_0p90v_25c_captyp_nominal.sdf, line 42896>.
xmelab: *W,SDFNET: Unable to annotate to non-existent timing check (RECREM (posedge CDN) (COND D_SDFCHK (posedge CP)) (-26) (38)) of instance :DUT.\reg_r[2].reg_c[1].ireg .\Q_reg[13]  of module DFCNQD1BWP30P140 <../logical/results/gate_level/convolution_analysis_view_0p90v_25c_captyp_nominal.sdf, line 42917>.
xmelab: *W,SDFNET: Unable to annotate to non-existent timing check (RECREM (posedge CDN) (COND D_SDFCHK (posedge CP)) (-26) (38)) of instance :DUT.\reg_r[2].reg_c[1].ireg .\Q_reg[12]  of module DFCNQD1BWP30P140 <../logical/results/gate_level/convolution_analysis_view_0p90v_25c_captyp_nominal.sdf, line 42938>.
xmelab: *W,SDFNET: Unable to annotate to non-existent timing check (RECREM (posedge CDN) (COND D_SDFCHK (posedge CP)) (-26) (38)) of instance :DUT.\reg_r[2].reg_c[2].ireg .\Q_reg[6]  of module DFCNQD1BWP30P140 <../logical/results/gate_level/convolution_analysis_view_0p90v_25c_captyp_nominal.sdf, line 42969>.
xmelab: *W,SDFNET: Unable to annotate to non-existent timing check (RECREM (posedge CDN) (COND D_SDFCHK (posedge CP)) (-26) (38)) of instance :DUT.\reg_r[2].reg_c[2].ireg .\Q_reg[9]  of module DFCNQD1BWP30P140 <../logical/results/gate_level/convolution_analysis_view_0p90v_25c_captyp_nominal.sdf, line 42990>.
xmelab: *W,SDFNET: Unable to annotate to non-existent timing check (RECREM (posedge CDN) (COND D_SDFCHK (posedge CP)) (-26) (38)) of instance :DUT.\reg_r[2].reg_c[2].ireg .\Q_reg[3]  of module DFCNQD1BWP30P140 <../logical/results/gate_level/convolution_analysis_view_0p90v_25c_captyp_nominal.sdf, line 43011>.
xmelab: *W,SDFNET: Unable to annotate to non-existent timing check (RECREM (posedge CDN) (COND D_SDFCHK (posedge CP)) (-26) (38)) of instance :DUT.\reg_r[2].reg_c[2].ireg .\Q_reg[2]  of module DFCNQD1BWP30P140 <../logical/results/gate_level/convolution_analysis_view_0p90v_25c_captyp_nominal.sdf, line 43032>.
xmelab: *W,SDFNET: Unable to annotate to non-existent timing check (RECREM (posedge CDN) (COND D_SDFCHK (posedge CP)) (-26) (38)) of instance :DUT.\reg_r[2].reg_c[2].ireg .\Q_reg[21]  of module DFCNQD1BWP30P140 <../logical/results/gate_level/convolution_analysis_view_0p90v_25c_captyp_nominal.sdf, line 43053>.
xmelab: *W,SDFNET: Unable to annotate to non-existent timing check (RECREM (posedge CDN) (COND D_SDFCHK (posedge CP)) (-26) (38)) of instance :DUT.\reg_r[2].reg_c[2].ireg .\Q_reg[20]  of module DFCNQD1BWP30P140 <../logical/results/gate_level/convolution_analysis_view_0p90v_25c_captyp_nominal.sdf, line 43074>.
xmelab: *W,SDFNET: Unable to annotate to non-existent timing check (RECREM (posedge CDN) (COND D_SDFCHK (posedge CP)) (-26) (38)) of instance :DUT.\reg_r[2].reg_c[2].ireg .\Q_reg[19]  of module DFCNQD1BWP30P140 <../logical/results/gate_level/convolution_analysis_view_0p90v_25c_captyp_nominal.sdf, line 43095>.
xmelab: *W,SDFNET: Unable to annotate to non-existent timing check (RECREM (posedge CDN) (COND D_SDFCHK (posedge CP)) (-26) (38)) of instance :DUT.\reg_r[2].reg_c[2].ireg .\Q_reg[16]  of module DFCNQD1BWP30P140 <../logical/results/gate_level/convolution_analysis_view_0p90v_25c_captyp_nominal.sdf, line 43116>.
xmelab: *W,SDFNET: Unable to annotate to non-existent timing check (RECREM (posedge CDN) (COND D_SDFCHK (posedge CP)) (-26) (38)) of instance :DUT.\reg_r[2].reg_c[2].ireg .\Q_reg[15]  of module DFCNQD1BWP30P140 <../logical/results/gate_level/convolution_analysis_view_0p90v_25c_captyp_nominal.sdf, line 43137>.
xmelab: *W,SDFNET: Unable to annotate to non-existent timing check (RECREM (posedge CDN) (COND D_SDFCHK (posedge CP)) (-26) (38)) of instance :DUT.\reg_r[2].reg_c[2].ireg .\Q_reg[13]  of module DFCNQD1BWP30P140 <../logical/results/gate_level/convolution_analysis_view_0p90v_25c_captyp_nominal.sdf, line 43158>.
xmelab: *W,SDFNET: Unable to annotate to non-existent timing check (RECREM (posedge CDN) (COND D_SDFCHK (posedge CP)) (-26) (38)) of instance :DUT.\reg_r[2].reg_c[2].ireg .\Q_reg[12]  of module DFCNQD1BWP30P140 <../logical/results/gate_level/convolution_analysis_view_0p90v_25c_captyp_nominal.sdf, line 43179>.
xmelab: *W,SDFNET: Unable to annotate to non-existent timing check (RECREM (posedge CDN) (COND D_SDFCHK (posedge CP)) (-26) (38)) of instance :DUT.\reg_r[2].reg_c[2].ireg .\Q_reg[11]  of module DFCNQD1BWP30P140 <../logical/results/gate_level/convolution_analysis_view_0p90v_25c_captyp_nominal.sdf, line 43200>.
xmelab: *W,SDFNET: Unable to annotate to non-existent timing check (RECREM (posedge CDN) (COND D_SDFCHK (posedge CP)) (-26) (38)) of instance :DUT.\reg_r[2].reg_c[2].ireg .\Q_reg[8]  of module DFCNQD1BWP30P140 <../logical/results/gate_level/convolution_analysis_view_0p90v_25c_captyp_nominal.sdf, line 43221>.
xmelab: *W,SDFNET: Unable to annotate to non-existent timing check (RECREM (posedge CDN) (COND D_SDFCHK (posedge CP)) (-26) (38)) of instance :DUT.\reg_r[2].reg_c[2].ireg .\Q_reg[7]  of module DFCNQD1BWP30P140 <../logical/results/gate_level/convolution_analysis_view_0p90v_25c_captyp_nominal.sdf, line 43242>.
xmelab: *W,SDFNET: Unable to annotate to non-existent timing check (RECREM (posedge CDN) (COND D_SDFCHK (posedge CP)) (-26) (38)) of instance :DUT.\reg_r[2].reg_c[2].ireg .\Q_reg[5]  of module DFCNQD1BWP30P140 <../logical/results/gate_level/convolution_analysis_view_0p90v_25c_captyp_nominal.sdf, line 43263>.
xmelab: *W,SDFNET: Unable to annotate to non-existent timing check (RECREM (posedge CDN) (COND D_SDFCHK (posedge CP)) (-26) (38)) of instance :DUT.\reg_r[2].reg_c[2].ireg .\Q_reg[4]  of module DFCNQD1BWP30P140 <../logical/results/gate_level/convolution_analysis_view_0p90v_25c_captyp_nominal.sdf, line 43284>.
xmelab: *W,SDFNET: Unable to annotate to non-existent timing check (RECREM (posedge CDN) (COND D_SDFCHK (posedge CP)) (-26) (38)) of instance :DUT.\reg_r[2].reg_c[2].ireg .\Q_reg[17]  of module DFCNQD1BWP30P140 <../logical/results/gate_level/convolution_analysis_view_0p90v_25c_captyp_nominal.sdf, line 43305>.
xmelab: *W,SDFNET: Unable to annotate to non-existent timing check (RECREM (posedge CDN) (COND D_SDFCHK (posedge CP)) (-26) (38)) of instance :DUT.\reg_r[2].reg_c[2].ireg .\Q_reg[1]  of module DFCNQD1BWP30P140 <../logical/results/gate_level/convolution_analysis_view_0p90v_25c_captyp_nominal.sdf, line 43326>.
xmelab: *W,SDFNET: Unable to annotate to non-existent timing check (RECREM (posedge CDN) (COND D_SDFCHK (posedge CP)) (-26) (38)) of instance :DUT.\reg_r[2].reg_c[2].ireg .\Q_reg[0]  of module DFCNQD1BWP30P140 <../logical/results/gate_level/convolution_analysis_view_0p90v_25c_captyp_nominal.sdf, line 43347>.
xmelab: *W,SDFNET: Unable to annotate to non-existent timing check (RECREM (posedge CDN) (COND D_SDFCHK (posedge CP)) (-26) (38)) of instance :DUT.\reg_r[2].reg_c[2].ireg .\Q_reg[10]  of module DFCNQD1BWP30P140 <../logical/results/gate_level/convolution_analysis_view_0p90v_25c_captyp_nominal.sdf, line 43368>.
xmelab: *W,SDFNET: Unable to annotate to non-existent timing check (RECREM (posedge CDN) (COND D_SDFCHK (posedge CP)) (-26) (38)) of instance :DUT.\reg_r[2].reg_c[2].ireg .\Q_reg[14]  of module DFCNQD1BWP30P140 <../logical/results/gate_level/convolution_analysis_view_0p90v_25c_captyp_nominal.sdf, line 43389>.
xmelab: *W,SDFNET: Unable to annotate to non-existent timing check (RECREM (posedge CDN) (COND D_SDFCHK (posedge CP)) (-26) (38)) of instance :DUT.\reg_r[2].reg_c[2].ireg .\Q_reg[18]  of module DFCNQD1BWP30P140 <../logical/results/gate_level/convolution_analysis_view_0p90v_25c_captyp_nominal.sdf, line 43410>.
xmelab: *W,SDFNET: Unable to annotate to non-existent timing check (RECREM (posedge CDN) (COND D_SDFCHK (posedge CP)) (-26) (38)) of instance :DUT.\reg_soma3_reg[15]  of module DFCNQD1BWP30P140 <../logical/results/gate_level/convolution_analysis_view_0p90v_25c_captyp_nominal.sdf, line 43549>.
xmelab: *W,SDFNET: Unable to annotate to non-existent timing check (RECREM (posedge CDN) (COND D_SDFCHK (posedge CP)) (-26) (38)) of instance :DUT.\reg_soma3_reg[22]  of module DFCNQD1BWP30P140 <../logical/results/gate_level/convolution_analysis_view_0p90v_25c_captyp_nominal.sdf, line 43570>.
xmelab: *W,SDFNET: Unable to annotate to non-existent timing check (RECREM (posedge CDN) (COND D_SDFCHK (posedge CP)) (-26) (38)) of instance :DUT.\reg_soma3_reg[20]  of module DFCNQD1BWP30P140 <../logical/results/gate_level/convolution_analysis_view_0p90v_25c_captyp_nominal.sdf, line 43591>.
xmelab: *W,SDFNET: Unable to annotate to non-existent timing check (RECREM (posedge CDN) (COND D_SDFCHK (posedge CP)) (-26) (38)) of instance :DUT.\reg_soma3_reg[16]  of module DFCNQD1BWP30P140 <../logical/results/gate_level/convolution_analysis_view_0p90v_25c_captyp_nominal.sdf, line 43612>.
xmelab: *W,SDFNET: Unable to annotate to non-existent timing check (RECREM (posedge CDN) (COND D_SDFCHK (posedge CP)) (-26) (38)) of instance :DUT.\reg_soma3_reg[8]  of module DFCNQD1BWP30P140 <../logical/results/gate_level/convolution_analysis_view_0p90v_25c_captyp_nominal.sdf, line 43633>.
xmelab: *W,SDFNET: Unable to annotate to non-existent timing check (RECREM (posedge CDN) (COND D_SDFCHK (posedge CP)) (-26) (38)) of instance :DUT.\reg_soma3_reg[7]  of module DFCNQD1BWP30P140 <../logical/results/gate_level/convolution_analysis_view_0p90v_25c_captyp_nominal.sdf, line 43654>.
xmelab: *W,SDFNET: Unable to annotate to non-existent timing check (RECREM (posedge CDN) (COND D_SDFCHK (posedge CP)) (-26) (38)) of instance :DUT.\reg_soma3_reg[23]  of module DFCNQD1BWP30P140 <../logical/results/gate_level/convolution_analysis_view_0p90v_25c_captyp_nominal.sdf, line 43675>.
xmelab: *W,SDFNET: Unable to annotate to non-existent timing check (RECREM (posedge CDN) (COND D_SDFCHK (posedge CP)) (-26) (38)) of instance :DUT.\reg_soma3_reg[6]  of module DFCNQD1BWP30P140 <../logical/results/gate_level/convolution_analysis_view_0p90v_25c_captyp_nominal.sdf, line 43696>.
xmelab: *W,SDFNET: Unable to annotate to non-existent timing check (RECREM (posedge CDN) (COND D_SDFCHK (posedge CP)) (-26) (38)) of instance :DUT.\reg_soma3_reg[5]  of module DFCNQD1BWP30P140 <../logical/results/gate_level/convolution_analysis_view_0p90v_25c_captyp_nominal.sdf, line 43717>.
xmelab: *W,SDFNET: Unable to annotate to non-existent timing check (RECREM (posedge CDN) (COND D_SDFCHK (posedge CP)) (-26) (38)) of instance :DUT.\reg_soma3_reg[19]  of module DFCNQD1BWP30P140 <../logical/results/gate_level/convolution_analysis_view_0p90v_25c_captyp_nominal.sdf, line 43738>.
xmelab: *W,SDFNET: Unable to annotate to non-existent timing check (RECREM (posedge CDN) (COND D_SDFCHK (posedge CP)) (-26) (38)) of instance :DUT.\reg_soma3_reg[14]  of module DFCNQD1BWP30P140 <../logical/results/gate_level/convolution_analysis_view_0p90v_25c_captyp_nominal.sdf, line 43759>.
xmelab: *W,SDFNET: Unable to annotate to non-existent timing check (RECREM (posedge CDN) (COND D_SDFCHK (posedge CP)) (-26) (38)) of instance :DUT.\reg_soma3_reg[4]  of module DFCNQD1BWP30P140 <../logical/results/gate_level/convolution_analysis_view_0p90v_25c_captyp_nominal.sdf, line 43780>.
xmelab: *W,SDFNET: Unable to annotate to non-existent timing check (RECREM (posedge CDN) (COND D_SDFCHK (posedge CP)) (-26) (38)) of instance :DUT.\reg_soma3_reg[12]  of module DFCNQD1BWP30P140 <../logical/results/gate_level/convolution_analysis_view_0p90v_25c_captyp_nominal.sdf, line 43801>.
xmelab: *W,SDFNET: Unable to annotate to non-existent timing check (RECREM (posedge CDN) (COND D_SDFCHK (posedge CP)) (-26) (38)) of instance :DUT.\reg_soma3_reg[13]  of module DFCNQD1BWP30P140 <../logical/results/gate_level/convolution_analysis_view_0p90v_25c_captyp_nominal.sdf, line 43822>.
xmelab: *W,SDFNET: Unable to annotate to non-existent timing check (RECREM (posedge CDN) (COND D_SDFCHK (posedge CP)) (-26) (38)) of instance :DUT.\reg_soma3_reg[2]  of module DFCNQD1BWP30P140 <../logical/results/gate_level/convolution_analysis_view_0p90v_25c_captyp_nominal.sdf, line 43843>.
xmelab: *W,SDFNET: Unable to annotate to non-existent timing check (RECREM (posedge CDN) (COND D_SDFCHK (posedge CP)) (-26) (38)) of instance :DUT.\reg_soma3_reg[1]  of module DFCNQD1BWP30P140 <../logical/results/gate_level/convolution_analysis_view_0p90v_25c_captyp_nominal.sdf, line 43864>.
xmelab: *W,SDFNET: Unable to annotate to non-existent timing check (RECREM (posedge CDN) (COND D_SDFCHK (posedge CP)) (-26) (38)) of instance :DUT.\reg_soma3_reg[21]  of module DFCNQD1BWP30P140 <../logical/results/gate_level/convolution_analysis_view_0p90v_25c_captyp_nominal.sdf, line 43885>.
xmelab: *W,SDFNET: Unable to annotate to non-existent timing check (RECREM (posedge CDN) (COND D_SDFCHK (posedge CP)) (-26) (38)) of instance :DUT.\reg_soma3_reg[18]  of module DFCNQD1BWP30P140 <../logical/results/gate_level/convolution_analysis_view_0p90v_25c_captyp_nominal.sdf, line 43906>.
xmelab: *W,SDFNET: Unable to annotate to non-existent timing check (RECREM (posedge CDN) (COND D_SDFCHK (posedge CP)) (-26) (38)) of instance :DUT.\reg_soma3_reg[3]  of module DFCNQD1BWP30P140 <../logical/results/gate_level/convolution_analysis_view_0p90v_25c_captyp_nominal.sdf, line 43927>.
xmelab: *W,SDFNET: Unable to annotate to non-existent timing check (RECREM (posedge CDN) (COND D_SDFCHK (posedge CP)) (-26) (38)) of instance :DUT.\reg_soma3_reg[0]  of module DFCNQD1BWP30P140 <../logical/results/gate_level/convolution_analysis_view_0p90v_25c_captyp_nominal.sdf, line 43948>.
xmelab: *W,SDFNET: Unable to annotate to non-existent timing check (RECREM (posedge CDN) (COND D_SDFCHK (posedge CP)) (-26) (38)) of instance :DUT.\reg_soma3_reg[11]  of module DFCNQD1BWP30P140 <../logical/results/gate_level/convolution_analysis_view_0p90v_25c_captyp_nominal.sdf, line 43969>.
xmelab: *W,SDFNET: Unable to annotate to non-existent timing check (RECREM (posedge CDN) (COND D_SDFCHK (posedge CP)) (-26) (38)) of instance :DUT.\reg_soma3_reg[17]  of module DFCNQD1BWP30P140 <../logical/results/gate_level/convolution_analysis_view_0p90v_25c_captyp_nominal.sdf, line 43990>.
xmelab: *W,SDFNET: Unable to annotate to non-existent timing check (RECREM (posedge CDN) (COND D_SDFCHK (posedge CP)) (-26) (38)) of instance :DUT.\reg_soma3_reg[10]  of module DFCNQD1BWP30P140 <../logical/results/gate_level/convolution_analysis_view_0p90v_25c_captyp_nominal.sdf, line 44011>.
xmelab: *W,SDFNET: Unable to annotate to non-existent timing check (RECREM (posedge CDN) (COND D_SDFCHK (posedge CP)) (-26) (38)) of instance :DUT.\reg_soma3_reg[9]  of module DFCNQD1BWP30P140 <../logical/results/gate_level/convolution_analysis_view_0p90v_25c_captyp_nominal.sdf, line 44032>.
xmelab: *W,SDFNET: Unable to annotate to non-existent timing check (RECREM (posedge CDN) (COND D_SDFCHK (posedge CP)) (-26) (38)) of instance :DUT.\reg_reg_bias_value_reg[19]  of module DFCNQD1BWP30P140 <../logical/results/gate_level/convolution_analysis_view_0p90v_25c_captyp_nominal.sdf, line 44303>.
xmelab: *W,SDFNET: Unable to annotate to non-existent timing check (RECREM (posedge CDN) (COND D_SDFCHK (posedge CP)) (-26) (38)) of instance :DUT.\reg_reg_bias_value_reg[5]  of module DFCNQD1BWP30P140 <../logical/results/gate_level/convolution_analysis_view_0p90v_25c_captyp_nominal.sdf, line 44324>.
xmelab: *W,SDFNET: Unable to annotate to non-existent timing check (RECREM (posedge CDN) (COND D_SDFCHK (posedge CP)) (-26) (38)) of instance :DUT.\reg_reg_bias_value_reg[13]  of module DFCNQD1BWP30P140 <../logical/results/gate_level/convolution_analysis_view_0p90v_25c_captyp_nominal.sdf, line 44345>.
xmelab: *W,SDFNET: Unable to annotate to non-existent timing check (RECREM (posedge CDN) (COND D_SDFCHK (posedge CP)) (-26) (38)) of instance :DUT.\reg_reg_bias_value_reg[4]  of module DFCNQD1BWP30P140 <../logical/results/gate_level/convolution_analysis_view_0p90v_25c_captyp_nominal.sdf, line 44366>.
xmelab: *W,SDFNET: Unable to annotate to non-existent timing check (RECREM (posedge CDN) (COND D_SDFCHK (posedge CP)) (-26) (38)) of instance :DUT.\reg_reg_bias_value_reg[17]  of module DFCNQD1BWP30P140 <../logical/results/gate_level/convolution_analysis_view_0p90v_25c_captyp_nominal.sdf, line 44387>.
xmelab: *W,SDFNET: Unable to annotate to non-existent timing check (RECREM (posedge CDN) (COND D_SDFCHK (posedge CP)) (-26) (38)) of instance :DUT.\reg_reg_bias_value_reg[3]  of module DFCNQD1BWP30P140 <../logical/results/gate_level/convolution_analysis_view_0p90v_25c_captyp_nominal.sdf, line 44408>.
xmelab: *W,SDFNET: Unable to annotate to non-existent timing check (RECREM (posedge CDN) (COND D_SDFCHK (posedge CP)) (-26) (38)) of instance :DUT.\reg_reg_bias_value_reg[12]  of module DFCNQD1BWP30P140 <../logical/results/gate_level/convolution_analysis_view_0p90v_25c_captyp_nominal.sdf, line 44429>.
xmelab: *W,SDFNET: Unable to annotate to non-existent timing check (RECREM (posedge CDN) (COND D_SDFCHK (posedge CP)) (-26) (38)) of instance :DUT.\reg_reg_bias_value_reg[2]  of module DFCNQD1BWP30P140 <../logical/results/gate_level/convolution_analysis_view_0p90v_25c_captyp_nominal.sdf, line 44450>.
xmelab: *W,SDFNET: Unable to annotate to non-existent timing check (RECREM (posedge CDN) (COND D_SDFCHK (posedge CP)) (-26) (38)) of instance :DUT.\reg_reg_bias_value_reg[1]  of module DFCNQD1BWP30P140 <../logical/results/gate_level/convolution_analysis_view_0p90v_25c_captyp_nominal.sdf, line 44471>.
xmelab: *W,SDFNET: Unable to annotate to non-existent timing check (RECREM (posedge CDN) (COND D_SDFCHK (posedge CP)) (-26) (38)) of instance :DUT.\reg_reg_bias_value_reg[11]  of module DFCNQD1BWP30P140 <../logical/results/gate_level/convolution_analysis_view_0p90v_25c_captyp_nominal.sdf, line 44492>.
xmelab: *W,SDFNET: Unable to annotate to non-existent timing check (RECREM (posedge CDN) (COND D_SDFCHK (posedge CP)) (-26) (38)) of instance :DUT.\reg_reg_bias_value_reg[0]  of module DFCNQD1BWP30P140 <../logical/results/gate_level/convolution_analysis_view_0p90v_25c_captyp_nominal.sdf, line 44513>.
xmelab: *W,SDFNET: Unable to annotate to non-existent timing check (RECREM (posedge CDN) (COND D_SDFCHK (posedge CP)) (-26) (38)) of instance :DUT.\reg_reg_bias_value_reg[16]  of module DFCNQD1BWP30P140 <../logical/results/gate_level/convolution_analysis_view_0p90v_25c_captyp_nominal.sdf, line 44534>.
xmelab: *W,SDFNET: Unable to annotate to non-existent timing check (RECREM (posedge CDN) (COND D_SDFCHK (posedge CP)) (-26) (38)) of instance :DUT.\reg_reg_bias_value_reg[10]  of module DFCNQD1BWP30P140 <../logical/results/gate_level/convolution_analysis_view_0p90v_25c_captyp_nominal.sdf, line 44555>.
xmelab: *W,SDFNET: Unable to annotate to non-existent timing check (RECREM (posedge CDN) (COND D_SDFCHK (posedge CP)) (-26) (38)) of instance :DUT.\reg_reg_bias_value_reg[9]  of module DFCNQD1BWP30P140 <../logical/results/gate_level/convolution_analysis_view_0p90v_25c_captyp_nominal.sdf, line 44576>.
xmelab: *W,SDFNET: Unable to annotate to non-existent timing check (RECREM (posedge CDN) (COND D_SDFCHK (posedge CP)) (-26) (38)) of instance :DUT.\reg_reg_bias_value_reg[15]  of module DFCNQD1BWP30P140 <../logical/results/gate_level/convolution_analysis_view_0p90v_25c_captyp_nominal.sdf, line 44597>.
xmelab: *W,SDFNET: Unable to annotate to non-existent timing check (RECREM (posedge CDN) (COND D_SDFCHK (posedge CP)) (-26) (38)) of instance :DUT.\reg_reg_bias_value_reg[8]  of module DFCNQD1BWP30P140 <../logical/results/gate_level/convolution_analysis_view_0p90v_25c_captyp_nominal.sdf, line 44618>.
xmelab: *W,SDFNET: Unable to annotate to non-existent timing check (RECREM (posedge CDN) (COND D_SDFCHK (posedge CP)) (-26) (38)) of instance :DUT.\reg_reg_bias_value_reg[18]  of module DFCNQD1BWP30P140 <../logical/results/gate_level/convolution_analysis_view_0p90v_25c_captyp_nominal.sdf, line 44639>.
xmelab: *W,SDFNET: Unable to annotate to non-existent timing check (RECREM (posedge CDN) (COND D_SDFCHK (posedge CP)) (-26) (38)) of instance :DUT.\reg_reg_bias_value_reg[7]  of module DFCNQD1BWP30P140 <../logical/results/gate_level/convolution_analysis_view_0p90v_25c_captyp_nominal.sdf, line 44660>.
xmelab: *W,SDFNET: Unable to annotate to non-existent timing check (RECREM (posedge CDN) (COND D_SDFCHK (posedge CP)) (-26) (38)) of instance :DUT.\reg_reg_bias_value_reg[14]  of module DFCNQD1BWP30P140 <../logical/results/gate_level/convolution_analysis_view_0p90v_25c_captyp_nominal.sdf, line 44681>.
xmelab: *W,SDFNET: Unable to annotate to non-existent timing check (RECREM (posedge CDN) (COND D_SDFCHK (posedge CP)) (-26) (38)) of instance :DUT.\reg_reg_bias_value_reg[6]  of module DFCNQD1BWP30P140 <../logical/results/gate_level/convolution_analysis_view_0p90v_25c_captyp_nominal.sdf, line 44702>.
xmelab: *W,SDFNET: Unable to annotate to non-existent timing check (RECREM (posedge CDN) (COND D_SDFCHK (posedge CP)) (-26) (38)) of instance :DUT.\reg_bias_value_reg[14]  of module DFCNQD1BWP30P140 <../logical/results/gate_level/convolution_analysis_view_0p90v_25c_captyp_nominal.sdf, line 44723>.
xmelab: *W,SDFNET: Unable to annotate to non-existent timing check (RECREM (posedge CDN) (COND D_SDFCHK (posedge CP)) (-26) (38)) of instance :DUT.\reg_bias_value_reg[18]  of module DFCNQD1BWP30P140 <../logical/results/gate_level/convolution_analysis_view_0p90v_25c_captyp_nominal.sdf, line 44744>.
xmelab: *W,SDFNET: Unable to annotate to non-existent timing check (RECREM (posedge CDN) (COND D_SDFCHK (posedge CP)) (-26) (38)) of instance :DUT.\reg_bias_value_reg[0]  of module DFCNQD1BWP30P140 <../logical/results/gate_level/convolution_analysis_view_0p90v_25c_captyp_nominal.sdf, line 44765>.
xmelab: *W,SDFNET: Unable to annotate to non-existent timing check (RECREM (posedge CDN) (COND D_SDFCHK (posedge CP)) (-26) (38)) of instance :DUT.\reg_bias_value_reg[19]  of module DFCNQD1BWP30P140 <../logical/results/gate_level/convolution_analysis_view_0p90v_25c_captyp_nominal.sdf, line 44786>.
xmelab: *W,SDFNET: Unable to annotate to non-existent timing check (RECREM (posedge CDN) (COND D_SDFCHK (posedge CP)) (-26) (38)) of instance :DUT.\reg_bias_value_reg[8]  of module DFCNQD1BWP30P140 <../logical/results/gate_level/convolution_analysis_view_0p90v_25c_captyp_nominal.sdf, line 44807>.
xmelab: *W,SDFNET: Unable to annotate to non-existent timing check (RECREM (posedge CDN) (COND D_SDFCHK (posedge CP)) (-26) (38)) of instance :DUT.\reg_bias_value_reg[17]  of module DFCNQD1BWP30P140 <../logical/results/gate_level/convolution_analysis_view_0p90v_25c_captyp_nominal.sdf, line 44828>.
xmelab: *W,SDFNET: Unable to annotate to non-existent timing check (RECREM (posedge CDN) (COND D_SDFCHK (posedge CP)) (-26) (38)) of instance :DUT.\reg_bias_value_reg[15]  of module DFCNQD1BWP30P140 <../logical/results/gate_level/convolution_analysis_view_0p90v_25c_captyp_nominal.sdf, line 44849>.
xmelab: *W,SDFNET: Unable to annotate to non-existent timing check (RECREM (posedge CDN) (COND D_SDFCHK (posedge CP)) (-26) (38)) of instance :DUT.\reg_bias_value_reg[16]  of module DFCNQD1BWP30P140 <../logical/results/gate_level/convolution_analysis_view_0p90v_25c_captyp_nominal.sdf, line 44870>.
xmelab: *W,SDFNET: Unable to annotate to non-existent timing check (RECREM (posedge CDN) (COND D_SDFCHK (posedge CP)) (-26) (38)) of instance :DUT.\reg_bias_value_reg[11]  of module DFCNQD1BWP30P140 <../logical/results/gate_level/convolution_analysis_view_0p90v_25c_captyp_nominal.sdf, line 44891>.
xmelab: *W,SDFNET: Unable to annotate to non-existent timing check (RECREM (posedge CDN) (COND D_SDFCHK (posedge CP)) (-26) (38)) of instance :DUT.\reg_bias_value_reg[12]  of module DFCNQD1BWP30P140 <../logical/results/gate_level/convolution_analysis_view_0p90v_25c_captyp_nominal.sdf, line 44912>.
xmelab: *W,SDFNET: Unable to annotate to non-existent timing check (RECREM (posedge CDN) (COND D_SDFCHK (posedge CP)) (-26) (38)) of instance :DUT.\reg_bias_value_reg[6]  of module DFCNQD1BWP30P140 <../logical/results/gate_level/convolution_analysis_view_0p90v_25c_captyp_nominal.sdf, line 44933>.
xmelab: *W,SDFNET: Unable to annotate to non-existent timing check (RECREM (posedge CDN) (COND D_SDFCHK (posedge CP)) (-26) (38)) of instance :DUT.\reg_bias_value_reg[9]  of module DFCNQD1BWP30P140 <../logical/results/gate_level/convolution_analysis_view_0p90v_25c_captyp_nominal.sdf, line 44954>.
xmelab: *W,SDFNET: Unable to annotate to non-existent timing check (RECREM (posedge CDN) (COND D_SDFCHK (posedge CP)) (-26) (38)) of instance :DUT.\reg_bias_value_reg[10]  of module DFCNQD1BWP30P140 <../logical/results/gate_level/convolution_analysis_view_0p90v_25c_captyp_nominal.sdf, line 44975>.
xmelab: *W,SDFNET: Unable to annotate to non-existent timing check (RECREM (posedge CDN) (COND D_SDFCHK (posedge CP)) (-26) (38)) of instance :DUT.\reg_bias_value_reg[5]  of module DFCNQD1BWP30P140 <../logical/results/gate_level/convolution_analysis_view_0p90v_25c_captyp_nominal.sdf, line 44996>.
xmelab: *W,SDFNET: Unable to annotate to non-existent timing check (RECREM (posedge CDN) (COND D_SDFCHK (posedge CP)) (-26) (38)) of instance :DUT.\reg_bias_value_reg[7]  of module DFCNQD1BWP30P140 <../logical/results/gate_level/convolution_analysis_view_0p90v_25c_captyp_nominal.sdf, line 45017>.
xmelab: *W,SDFNET: Unable to annotate to non-existent timing check (RECREM (posedge CDN) (COND D_SDFCHK (posedge CP)) (-26) (38)) of instance :DUT.\reg_bias_value_reg[13]  of module DFCNQD1BWP30P140 <../logical/results/gate_level/convolution_analysis_view_0p90v_25c_captyp_nominal.sdf, line 45038>.
xmelab: *W,SDFNET: Unable to annotate to non-existent timing check (RECREM (posedge CDN) (COND D_SDFCHK (posedge CP)) (-26) (38)) of instance :DUT.\reg_bias_value_reg[1]  of module DFCNQD1BWP30P140 <../logical/results/gate_level/convolution_analysis_view_0p90v_25c_captyp_nominal.sdf, line 45059>.
xmelab: *W,SDFNET: Unable to annotate to non-existent timing check (RECREM (posedge CDN) (COND D_SDFCHK (posedge CP)) (-26) (38)) of instance :DUT.\reg_bias_value_reg[4]  of module DFCNQD1BWP30P140 <../logical/results/gate_level/convolution_analysis_view_0p90v_25c_captyp_nominal.sdf, line 45080>.
xmelab: *W,SDFNET: Unable to annotate to non-existent timing check (RECREM (posedge CDN) (COND D_SDFCHK (posedge CP)) (-26) (38)) of instance :DUT.\reg_bias_value_reg[2]  of module DFCNQD1BWP30P140 <../logical/results/gate_level/convolution_analysis_view_0p90v_25c_captyp_nominal.sdf, line 45101>.
xmelab: *W,SDFNET: Unable to annotate to non-existent timing check (RECREM (posedge CDN) (COND D_SDFCHK (posedge CP)) (-26) (38)) of instance :DUT.\reg_bias_value_reg[3]  of module DFCNQD1BWP30P140 <../logical/results/gate_level/convolution_analysis_view_0p90v_25c_captyp_nominal.sdf, line 45122>.
xmelab: *W,SDFNET: Unable to annotate to non-existent timing check (RECREM (posedge CDN) (COND D_SDFCHK (posedge CP)) (-26) (38)) of instance :DUT.\EA_add_reg[2]  of module DFCNQD1BWP30P140 <../logical/results/gate_level/convolution_analysis_view_0p90v_25c_captyp_nominal.sdf, line 45155>.
xmelab: *W,SDFNET: Unable to annotate to non-existent timing check (RECREM (posedge CDN) (COND D_SDFCHK (posedge CP)) (-26) (38)) of instance :DUT.\add_reg[0][0]  of module DFCNQD1BWP30P140 <../logical/results/gate_level/convolution_analysis_view_0p90v_25c_captyp_nominal.sdf, line 45176>.
xmelab: *W,SDFNET: Unable to annotate to non-existent timing check (RECREM (posedge CDN) (COND D_SDFCHK (posedge CP)) (-26) (38)) of instance :DUT.\add_reg[0][1]  of module DFCNQD1BWP30P140 <../logical/results/gate_level/convolution_analysis_view_0p90v_25c_captyp_nominal.sdf, line 45197>.
xmelab: *W,SDFNET: Unable to annotate to non-existent timing check (RECREM (posedge CDN) (COND D_SDFCHK (posedge CP)) (-26) (38)) of instance :DUT.\add_reg[0][2]  of module DFCNQD1BWP30P140 <../logical/results/gate_level/convolution_analysis_view_0p90v_25c_captyp_nominal.sdf, line 45218>.
xmelab: *W,SDFNET: Unable to annotate to non-existent timing check (RECREM (posedge CDN) (COND D_SDFCHK (posedge CP)) (-26) (38)) of instance :DUT.\add_reg[0][3]  of module DFCNQD1BWP30P140 <../logical/results/gate_level/convolution_analysis_view_0p90v_25c_captyp_nominal.sdf, line 45239>.
xmelab: *W,SDFNET: Unable to annotate to non-existent timing check (RECREM (posedge CDN) (COND D_SDFCHK (posedge CP)) (-26) (38)) of instance :DUT.\add_reg[0][4]  of module DFCNQD1BWP30P140 <../logical/results/gate_level/convolution_analysis_view_0p90v_25c_captyp_nominal.sdf, line 45260>.
xmelab: *W,SDFNET: Unable to annotate to non-existent timing check (RECREM (posedge CDN) (COND D_SDFCHK (posedge CP)) (-26) (38)) of instance :DUT.\add_reg[0][5]  of module DFCNQD1BWP30P140 <../logical/results/gate_level/convolution_analysis_view_0p90v_25c_captyp_nominal.sdf, line 45281>.
xmelab: *W,SDFNET: Unable to annotate to non-existent timing check (RECREM (posedge CDN) (COND D_SDFCHK (posedge CP)) (-26) (38)) of instance :DUT.\add_reg[0][6]  of module DFCNQD1BWP30P140 <../logical/results/gate_level/convolution_analysis_view_0p90v_25c_captyp_nominal.sdf, line 45302>.
xmelab: *W,SDFNET: Unable to annotate to non-existent timing check (RECREM (posedge CDN) (COND D_SDFCHK (posedge CP)) (-26) (38)) of instance :DUT.\add_reg[0][7]  of module DFCNQD1BWP30P140 <../logical/results/gate_level/convolution_analysis_view_0p90v_25c_captyp_nominal.sdf, line 45323>.
xmelab: *W,SDFNET: Unable to annotate to non-existent timing check (RECREM (posedge CDN) (COND D_SDFCHK (posedge CP)) (-26) (38)) of instance :DUT.\add_reg[0][8]  of module DFCNQD1BWP30P140 <../logical/results/gate_level/convolution_analysis_view_0p90v_25c_captyp_nominal.sdf, line 45344>.
xmelab: *W,SDFNET: Unable to annotate to non-existent timing check (RECREM (posedge CDN) (COND D_SDFCHK (posedge CP)) (-26) (38)) of instance :DUT.\add_reg[0][9]  of module DFCNQD1BWP30P140 <../logical/results/gate_level/convolution_analysis_view_0p90v_25c_captyp_nominal.sdf, line 45365>.
xmelab: *W,SDFNET: Unable to annotate to non-existent timing check (RECREM (posedge CDN) (COND D_SDFCHK (posedge CP)) (-26) (38)) of instance :DUT.\add_reg[0][10]  of module DFCNQD1BWP30P140 <../logical/results/gate_level/convolution_analysis_view_0p90v_25c_captyp_nominal.sdf, line 45386>.
xmelab: *W,SDFNET: Unable to annotate to non-existent timing check (RECREM (posedge CDN) (COND D_SDFCHK (posedge CP)) (-26) (38)) of instance :DUT.\add_reg[0][11]  of module DFCNQD1BWP30P140 <../logical/results/gate_level/convolution_analysis_view_0p90v_25c_captyp_nominal.sdf, line 45407>.
xmelab: *W,SDFNET: Unable to annotate to non-existent timing check (RECREM (posedge CDN) (COND D_SDFCHK (posedge CP)) (-26) (38)) of instance :DUT.\add_reg[0][12]  of module DFCNQD1BWP30P140 <../logical/results/gate_level/convolution_analysis_view_0p90v_25c_captyp_nominal.sdf, line 45428>.
xmelab: *W,SDFNET: Unable to annotate to non-existent timing check (RECREM (posedge CDN) (COND D_SDFCHK (posedge CP)) (-26) (38)) of instance :DUT.\add_reg[0][13]  of module DFCNQD1BWP30P140 <../logical/results/gate_level/convolution_analysis_view_0p90v_25c_captyp_nominal.sdf, line 45449>.
xmelab: *W,SDFNET: Unable to annotate to non-existent timing check (RECREM (posedge CDN) (COND D_SDFCHK (posedge CP)) (-26) (38)) of instance :DUT.\add_reg[0][14]  of module DFCNQD1BWP30P140 <../logical/results/gate_level/convolution_analysis_view_0p90v_25c_captyp_nominal.sdf, line 45470>.
xmelab: *W,SDFNET: Unable to annotate to non-existent timing check (RECREM (posedge CDN) (COND D_SDFCHK (posedge CP)) (-26) (38)) of instance :DUT.\add_reg[0][15]  of module DFCNQD1BWP30P140 <../logical/results/gate_level/convolution_analysis_view_0p90v_25c_captyp_nominal.sdf, line 45491>.
xmelab: *W,SDFNET: Unable to annotate to non-existent timing check (RECREM (posedge CDN) (COND D_SDFCHK (posedge CP)) (-26) (38)) of instance :DUT.\add_reg[1][0]  of module DFCNQD1BWP30P140 <../logical/results/gate_level/convolution_analysis_view_0p90v_25c_captyp_nominal.sdf, line 45512>.
xmelab: *W,SDFNET: Unable to annotate to non-existent timing check (RECREM (posedge CDN) (COND D_SDFCHK (posedge CP)) (-26) (38)) of instance :DUT.\add_reg[1][1]  of module DFCNQD1BWP30P140 <../logical/results/gate_level/convolution_analysis_view_0p90v_25c_captyp_nominal.sdf, line 45533>.
xmelab: *W,SDFNET: Unable to annotate to non-existent timing check (RECREM (posedge CDN) (COND D_SDFCHK (posedge CP)) (-26) (38)) of instance :DUT.\add_reg[1][2]  of module DFCNQD1BWP30P140 <../logical/results/gate_level/convolution_analysis_view_0p90v_25c_captyp_nominal.sdf, line 45554>.
xmelab: *W,SDFNET: Unable to annotate to non-existent timing check (RECREM (posedge CDN) (COND D_SDFCHK (posedge CP)) (-26) (38)) of instance :DUT.\add_reg[1][3]  of module DFCNQD1BWP30P140 <../logical/results/gate_level/convolution_analysis_view_0p90v_25c_captyp_nominal.sdf, line 45575>.
xmelab: *W,SDFNET: Unable to annotate to non-existent timing check (RECREM (posedge CDN) (COND D_SDFCHK (posedge CP)) (-26) (38)) of instance :DUT.\add_reg[1][4]  of module DFCNQD1BWP30P140 <../logical/results/gate_level/convolution_analysis_view_0p90v_25c_captyp_nominal.sdf, line 45596>.
xmelab: *W,SDFNET: Unable to annotate to non-existent timing check (RECREM (posedge CDN) (COND D_SDFCHK (posedge CP)) (-26) (38)) of instance :DUT.\add_reg[1][5]  of module DFCNQD1BWP30P140 <../logical/results/gate_level/convolution_analysis_view_0p90v_25c_captyp_nominal.sdf, line 45617>.
xmelab: *W,SDFNET: Unable to annotate to non-existent timing check (RECREM (posedge CDN) (COND D_SDFCHK (posedge CP)) (-26) (38)) of instance :DUT.\add_reg[1][6]  of module DFCNQD1BWP30P140 <../logical/results/gate_level/convolution_analysis_view_0p90v_25c_captyp_nominal.sdf, line 45638>.
xmelab: *W,SDFNET: Unable to annotate to non-existent timing check (RECREM (posedge CDN) (COND D_SDFCHK (posedge CP)) (-26) (38)) of instance :DUT.\add_reg[1][7]  of module DFCNQD1BWP30P140 <../logical/results/gate_level/convolution_analysis_view_0p90v_25c_captyp_nominal.sdf, line 45659>.
xmelab: *W,SDFNET: Unable to annotate to non-existent timing check (RECREM (posedge CDN) (COND D_SDFCHK (posedge CP)) (-26) (38)) of instance :DUT.\add_reg[1][8]  of module DFCNQD1BWP30P140 <../logical/results/gate_level/convolution_analysis_view_0p90v_25c_captyp_nominal.sdf, line 45680>.
xmelab: *W,SDFNET: Unable to annotate to non-existent timing check (RECREM (posedge CDN) (COND D_SDFCHK (posedge CP)) (-26) (38)) of instance :DUT.\add_reg[1][9]  of module DFCNQD1BWP30P140 <../logical/results/gate_level/convolution_analysis_view_0p90v_25c_captyp_nominal.sdf, line 45701>.
xmelab: *W,SDFNET: Unable to annotate to non-existent timing check (RECREM (posedge CDN) (COND D_SDFCHK (posedge CP)) (-26) (38)) of instance :DUT.\add_reg[1][10]  of module DFCNQD1BWP30P140 <../logical/results/gate_level/convolution_analysis_view_0p90v_25c_captyp_nominal.sdf, line 45722>.
xmelab: *W,SDFNET: Unable to annotate to non-existent timing check (RECREM (posedge CDN) (COND D_SDFCHK (posedge CP)) (-26) (38)) of instance :DUT.\add_reg[1][11]  of module DFCNQD1BWP30P140 <../logical/results/gate_level/convolution_analysis_view_0p90v_25c_captyp_nominal.sdf, line 45743>.
xmelab: *W,SDFNET: Unable to annotate to non-existent timing check (RECREM (posedge CDN) (COND D_SDFCHK (posedge CP)) (-26) (38)) of instance :DUT.\add_reg[1][12]  of module DFCNQD1BWP30P140 <../logical/results/gate_level/convolution_analysis_view_0p90v_25c_captyp_nominal.sdf, line 45764>.
xmelab: *W,SDFNET: Unable to annotate to non-existent timing check (RECREM (posedge CDN) (COND D_SDFCHK (posedge CP)) (-26) (38)) of instance :DUT.\add_reg[1][13]  of module DFCNQD1BWP30P140 <../logical/results/gate_level/convolution_analysis_view_0p90v_25c_captyp_nominal.sdf, line 45785>.
xmelab: *W,SDFNET: Unable to annotate to non-existent timing check (RECREM (posedge CDN) (COND D_SDFCHK (posedge CP)) (-26) (38)) of instance :DUT.\add_reg[1][14]  of module DFCNQD1BWP30P140 <../logical/results/gate_level/convolution_analysis_view_0p90v_25c_captyp_nominal.sdf, line 45806>.
xmelab: *W,SDFNET: Unable to annotate to non-existent timing check (RECREM (posedge CDN) (COND D_SDFCHK (posedge CP)) (-26) (38)) of instance :DUT.\add_reg[1][15]  of module DFCNQD1BWP30P140 <../logical/results/gate_level/convolution_analysis_view_0p90v_25c_captyp_nominal.sdf, line 45827>.
xmelab: *W,SDFNET: Unable to annotate to non-existent timing check (RECREM (posedge CDN) (COND D_SDFCHK (posedge CP)) (-26) (38)) of instance :DUT.\add_reg[2][0]  of module DFCNQD1BWP30P140 <../logical/results/gate_level/convolution_analysis_view_0p90v_25c_captyp_nominal.sdf, line 45848>.
xmelab: *W,SDFNET: Unable to annotate to non-existent timing check (RECREM (posedge CDN) (COND D_SDFCHK (posedge CP)) (-26) (38)) of instance :DUT.\add_reg[2][1]  of module DFCNQD1BWP30P140 <../logical/results/gate_level/convolution_analysis_view_0p90v_25c_captyp_nominal.sdf, line 45869>.
xmelab: *W,SDFNET: Unable to annotate to non-existent timing check (RECREM (posedge CDN) (COND D_SDFCHK (posedge CP)) (-26) (38)) of instance :DUT.\add_reg[2][2]  of module DFCNQD1BWP30P140 <../logical/results/gate_level/convolution_analysis_view_0p90v_25c_captyp_nominal.sdf, line 45890>.
xmelab: *W,SDFNET: Unable to annotate to non-existent timing check (RECREM (posedge CDN) (COND D_SDFCHK (posedge CP)) (-26) (38)) of instance :DUT.\add_reg[2][3]  of module DFCNQD1BWP30P140 <../logical/results/gate_level/convolution_analysis_view_0p90v_25c_captyp_nominal.sdf, line 45911>.
xmelab: *W,SDFNET: Unable to annotate to non-existent timing check (RECREM (posedge CDN) (COND D_SDFCHK (posedge CP)) (-26) (38)) of instance :DUT.\add_reg[2][4]  of module DFCNQD1BWP30P140 <../logical/results/gate_level/convolution_analysis_view_0p90v_25c_captyp_nominal.sdf, line 45932>.
xmelab: *W,SDFNET: Unable to annotate to non-existent timing check (RECREM (posedge CDN) (COND D_SDFCHK (posedge CP)) (-26) (38)) of instance :DUT.\add_reg[2][5]  of module DFCNQD1BWP30P140 <../logical/results/gate_level/convolution_analysis_view_0p90v_25c_captyp_nominal.sdf, line 45953>.
xmelab: *W,SDFNET: Unable to annotate to non-existent timing check (RECREM (posedge CDN) (COND D_SDFCHK (posedge CP)) (-26) (38)) of instance :DUT.\add_reg[2][6]  of module DFCNQD1BWP30P140 <../logical/results/gate_level/convolution_analysis_view_0p90v_25c_captyp_nominal.sdf, line 45974>.
xmelab: *W,SDFNET: Unable to annotate to non-existent timing check (RECREM (posedge CDN) (COND D_SDFCHK (posedge CP)) (-26) (38)) of instance :DUT.\add_reg[2][7]  of module DFCNQD1BWP30P140 <../logical/results/gate_level/convolution_analysis_view_0p90v_25c_captyp_nominal.sdf, line 45995>.
xmelab: *W,SDFNET: Unable to annotate to non-existent timing check (RECREM (posedge CDN) (COND D_SDFCHK (posedge CP)) (-26) (38)) of instance :DUT.\add_reg[2][8]  of module DFCNQD1BWP30P140 <../logical/results/gate_level/convolution_analysis_view_0p90v_25c_captyp_nominal.sdf, line 46016>.
xmelab: *W,SDFNET: Unable to annotate to non-existent timing check (RECREM (posedge CDN) (COND D_SDFCHK (posedge CP)) (-26) (38)) of instance :DUT.\add_reg[2][9]  of module DFCNQD1BWP30P140 <../logical/results/gate_level/convolution_analysis_view_0p90v_25c_captyp_nominal.sdf, line 46037>.
xmelab: *W,SDFNET: Unable to annotate to non-existent timing check (RECREM (posedge CDN) (COND D_SDFCHK (posedge CP)) (-26) (38)) of instance :DUT.\add_reg[2][10]  of module DFCNQD1BWP30P140 <../logical/results/gate_level/convolution_analysis_view_0p90v_25c_captyp_nominal.sdf, line 46058>.
xmelab: *W,SDFNET: Unable to annotate to non-existent timing check (RECREM (posedge CDN) (COND D_SDFCHK (posedge CP)) (-26) (38)) of instance :DUT.\add_reg[2][11]  of module DFCNQD1BWP30P140 <../logical/results/gate_level/convolution_analysis_view_0p90v_25c_captyp_nominal.sdf, line 46079>.
xmelab: *W,SDFNET: Unable to annotate to non-existent timing check (RECREM (posedge CDN) (COND D_SDFCHK (posedge CP)) (-26) (38)) of instance :DUT.\add_reg[2][12]  of module DFCNQD1BWP30P140 <../logical/results/gate_level/convolution_analysis_view_0p90v_25c_captyp_nominal.sdf, line 46100>.
xmelab: *W,SDFNET: Unable to annotate to non-existent timing check (RECREM (posedge CDN) (COND D_SDFCHK (posedge CP)) (-26) (38)) of instance :DUT.\add_reg[2][13]  of module DFCNQD1BWP30P140 <../logical/results/gate_level/convolution_analysis_view_0p90v_25c_captyp_nominal.sdf, line 46121>.
xmelab: *W,SDFNET: Unable to annotate to non-existent timing check (RECREM (posedge CDN) (COND D_SDFCHK (posedge CP)) (-26) (38)) of instance :DUT.\add_reg[2][14]  of module DFCNQD1BWP30P140 <../logical/results/gate_level/convolution_analysis_view_0p90v_25c_captyp_nominal.sdf, line 46142>.
xmelab: *W,SDFNET: Unable to annotate to non-existent timing check (RECREM (posedge CDN) (COND D_SDFCHK (posedge CP)) (-26) (38)) of instance :DUT.\add_reg[2][15]  of module DFCNQD1BWP30P140 <../logical/results/gate_level/convolution_analysis_view_0p90v_25c_captyp_nominal.sdf, line 46163>.
xmelab: *W,SDFNET: Unable to annotate to non-existent timing check (RECREM (posedge CDN) (COND D_SDFCHK (posedge CP)) (-26) (38)) of instance :DUT.\buffer_features_reg[0][0]  of module DFCNQD1BWP30P140 <../logical/results/gate_level/convolution_analysis_view_0p90v_25c_captyp_nominal.sdf, line 46184>.
xmelab: *W,SDFNET: Unable to annotate to non-existent timing check (RECREM (posedge CDN) (COND D_SDFCHK (posedge CP)) (-26) (38)) of instance :DUT.\buffer_features_reg[0][1]  of module DFCNQD1BWP30P140 <../logical/results/gate_level/convolution_analysis_view_0p90v_25c_captyp_nominal.sdf, line 46205>.
xmelab: *W,SDFNET: Unable to annotate to non-existent timing check (RECREM (posedge CDN) (COND D_SDFCHK (posedge CP)) (-26) (38)) of instance :DUT.\buffer_features_reg[0][2]  of module DFCNQD1BWP30P140 <../logical/results/gate_level/convolution_analysis_view_0p90v_25c_captyp_nominal.sdf, line 46226>.
xmelab: *W,SDFNET: Unable to annotate to non-existent timing check (RECREM (posedge CDN) (COND D_SDFCHK (posedge CP)) (-26) (38)) of instance :DUT.\buffer_features_reg[0][3]  of module DFCNQD1BWP30P140 <../logical/results/gate_level/convolution_analysis_view_0p90v_25c_captyp_nominal.sdf, line 46247>.
xmelab: *W,SDFNET: Unable to annotate to non-existent timing check (RECREM (posedge CDN) (COND D_SDFCHK (posedge CP)) (-26) (38)) of instance :DUT.\buffer_features_reg[0][4]  of module DFCNQD1BWP30P140 <../logical/results/gate_level/convolution_analysis_view_0p90v_25c_captyp_nominal.sdf, line 46268>.
xmelab: *W,SDFNET: Unable to annotate to non-existent timing check (RECREM (posedge CDN) (COND D_SDFCHK (posedge CP)) (-26) (38)) of instance :DUT.\buffer_features_reg[0][5]  of module DFCNQD1BWP30P140 <../logical/results/gate_level/convolution_analysis_view_0p90v_25c_captyp_nominal.sdf, line 46289>.
xmelab: *W,SDFNET: Unable to annotate to non-existent timing check (RECREM (posedge CDN) (COND D_SDFCHK (posedge CP)) (-26) (38)) of instance :DUT.\buffer_features_reg[0][6]  of module DFCNQD1BWP30P140 <../logical/results/gate_level/convolution_analysis_view_0p90v_25c_captyp_nominal.sdf, line 46310>.
xmelab: *W,SDFNET: Unable to annotate to non-existent timing check (RECREM (posedge CDN) (COND D_SDFCHK (posedge CP)) (-26) (38)) of instance :DUT.\buffer_features_reg[0][7]  of module DFCNQD1BWP30P140 <../logical/results/gate_level/convolution_analysis_view_0p90v_25c_captyp_nominal.sdf, line 46331>.
xmelab: *W,SDFNET: Unable to annotate to non-existent timing check (RECREM (posedge CDN) (COND D_SDFCHK (posedge CP)) (-26) (38)) of instance :DUT.\buffer_features_reg[0][8]  of module DFCNQD1BWP30P140 <../logical/results/gate_level/convolution_analysis_view_0p90v_25c_captyp_nominal.sdf, line 46352>.
xmelab: *W,SDFNET: Unable to annotate to non-existent timing check (RECREM (posedge CDN) (COND D_SDFCHK (posedge CP)) (-26) (38)) of instance :DUT.\buffer_features_reg[0][9]  of module DFCNQD1BWP30P140 <../logical/results/gate_level/convolution_analysis_view_0p90v_25c_captyp_nominal.sdf, line 46373>.
xmelab: *W,SDFNET: Unable to annotate to non-existent timing check (RECREM (posedge CDN) (COND D_SDFCHK (posedge CP)) (-26) (38)) of instance :DUT.\buffer_features_reg[1][0]  of module DFCNQD1BWP30P140 <../logical/results/gate_level/convolution_analysis_view_0p90v_25c_captyp_nominal.sdf, line 46394>.
xmelab: *W,SDFNET: Unable to annotate to non-existent timing check (RECREM (posedge CDN) (COND D_SDFCHK (posedge CP)) (-26) (38)) of instance :DUT.\buffer_features_reg[1][1]  of module DFCNQD1BWP30P140 <../logical/results/gate_level/convolution_analysis_view_0p90v_25c_captyp_nominal.sdf, line 46415>.
xmelab: *W,SDFNET: Unable to annotate to non-existent timing check (RECREM (posedge CDN) (COND D_SDFCHK (posedge CP)) (-26) (38)) of instance :DUT.\buffer_features_reg[1][2]  of module DFCNQD1BWP30P140 <../logical/results/gate_level/convolution_analysis_view_0p90v_25c_captyp_nominal.sdf, line 46436>.
xmelab: *W,SDFNET: Unable to annotate to non-existent timing check (RECREM (posedge CDN) (COND D_SDFCHK (posedge CP)) (-26) (38)) of instance :DUT.\buffer_features_reg[1][3]  of module DFCNQD1BWP30P140 <../logical/results/gate_level/convolution_analysis_view_0p90v_25c_captyp_nominal.sdf, line 46457>.
xmelab: *W,SDFNET: Unable to annotate to non-existent timing check (RECREM (posedge CDN) (COND D_SDFCHK (posedge CP)) (-26) (38)) of instance :DUT.\buffer_features_reg[1][4]  of module DFCNQD1BWP30P140 <../logical/results/gate_level/convolution_analysis_view_0p90v_25c_captyp_nominal.sdf, line 46478>.
xmelab: *W,SDFNET: Unable to annotate to non-existent timing check (RECREM (posedge CDN) (COND D_SDFCHK (posedge CP)) (-26) (38)) of instance :DUT.\buffer_features_reg[1][5]  of module DFCNQD1BWP30P140 <../logical/results/gate_level/convolution_analysis_view_0p90v_25c_captyp_nominal.sdf, line 46499>.
xmelab: *W,SDFNET: Unable to annotate to non-existent timing check (RECREM (posedge CDN) (COND D_SDFCHK (posedge CP)) (-26) (38)) of instance :DUT.\buffer_features_reg[1][6]  of module DFCNQD1BWP30P140 <../logical/results/gate_level/convolution_analysis_view_0p90v_25c_captyp_nominal.sdf, line 46520>.
xmelab: *W,SDFNET: Unable to annotate to non-existent timing check (RECREM (posedge CDN) (COND D_SDFCHK (posedge CP)) (-26) (38)) of instance :DUT.\buffer_features_reg[1][7]  of module DFCNQD1BWP30P140 <../logical/results/gate_level/convolution_analysis_view_0p90v_25c_captyp_nominal.sdf, line 46541>.
xmelab: *W,SDFNET: Unable to annotate to non-existent timing check (RECREM (posedge CDN) (COND D_SDFCHK (posedge CP)) (-26) (38)) of instance :DUT.\buffer_features_reg[1][8]  of module DFCNQD1BWP30P140 <../logical/results/gate_level/convolution_analysis_view_0p90v_25c_captyp_nominal.sdf, line 46562>.
xmelab: *W,SDFNET: Unable to annotate to non-existent timing check (RECREM (posedge CDN) (COND D_SDFCHK (posedge CP)) (-26) (38)) of instance :DUT.\buffer_features_reg[1][9]  of module DFCNQD1BWP30P140 <../logical/results/gate_level/convolution_analysis_view_0p90v_25c_captyp_nominal.sdf, line 46583>.
xmelab: *W,SDFNET: Unable to annotate to non-existent timing check (RECREM (posedge CDN) (COND D_SDFCHK (posedge CP)) (-26) (38)) of instance :DUT.\buffer_features_reg[2][0]  of module DFCNQD1BWP30P140 <../logical/results/gate_level/convolution_analysis_view_0p90v_25c_captyp_nominal.sdf, line 46604>.
xmelab: *W,SDFNET: Unable to annotate to non-existent timing check (RECREM (posedge CDN) (COND D_SDFCHK (posedge CP)) (-26) (38)) of instance :DUT.\buffer_features_reg[2][1]  of module DFCNQD1BWP30P140 <../logical/results/gate_level/convolution_analysis_view_0p90v_25c_captyp_nominal.sdf, line 46625>.
xmelab: *W,SDFNET: Unable to annotate to non-existent timing check (RECREM (posedge CDN) (COND D_SDFCHK (posedge CP)) (-26) (38)) of instance :DUT.\buffer_features_reg[2][2]  of module DFCNQD1BWP30P140 <../logical/results/gate_level/convolution_analysis_view_0p90v_25c_captyp_nominal.sdf, line 46646>.
xmelab: *W,SDFNET: Unable to annotate to non-existent timing check (RECREM (posedge CDN) (COND D_SDFCHK (posedge CP)) (-26) (38)) of instance :DUT.\buffer_features_reg[2][3]  of module DFCNQD1BWP30P140 <../logical/results/gate_level/convolution_analysis_view_0p90v_25c_captyp_nominal.sdf, line 46667>.
xmelab: *W,SDFNET: Unable to annotate to non-existent timing check (RECREM (posedge CDN) (COND D_SDFCHK (posedge CP)) (-26) (38)) of instance :DUT.\buffer_features_reg[2][4]  of module DFCNQD1BWP30P140 <../logical/results/gate_level/convolution_analysis_view_0p90v_25c_captyp_nominal.sdf, line 46688>.
xmelab: *W,SDFNET: Unable to annotate to non-existent timing check (RECREM (posedge CDN) (COND D_SDFCHK (posedge CP)) (-26) (38)) of instance :DUT.\buffer_features_reg[2][5]  of module DFCNQD1BWP30P140 <../logical/results/gate_level/convolution_analysis_view_0p90v_25c_captyp_nominal.sdf, line 46709>.
xmelab: *W,SDFNET: Unable to annotate to non-existent timing check (RECREM (posedge CDN) (COND D_SDFCHK (posedge CP)) (-26) (38)) of instance :DUT.\buffer_features_reg[2][6]  of module DFCNQD1BWP30P140 <../logical/results/gate_level/convolution_analysis_view_0p90v_25c_captyp_nominal.sdf, line 46730>.
xmelab: *W,SDFNET: Unable to annotate to non-existent timing check (RECREM (posedge CDN) (COND D_SDFCHK (posedge CP)) (-26) (38)) of instance :DUT.\buffer_features_reg[2][7]  of module DFCNQD1BWP30P140 <../logical/results/gate_level/convolution_analysis_view_0p90v_25c_captyp_nominal.sdf, line 46751>.
xmelab: *W,SDFNET: Unable to annotate to non-existent timing check (RECREM (posedge CDN) (COND D_SDFCHK (posedge CP)) (-26) (38)) of instance :DUT.\buffer_features_reg[2][8]  of module DFCNQD1BWP30P140 <../logical/results/gate_level/convolution_analysis_view_0p90v_25c_captyp_nominal.sdf, line 46772>.
xmelab: *W,SDFNET: Unable to annotate to non-existent timing check (RECREM (posedge CDN) (COND D_SDFCHK (posedge CP)) (-26) (38)) of instance :DUT.\buffer_features_reg[2][9]  of module DFCNQD1BWP30P140 <../logical/results/gate_level/convolution_analysis_view_0p90v_25c_captyp_nominal.sdf, line 46793>.
xmelab: *W,SDFNET: Unable to annotate to non-existent timing check (RECREM (posedge CDN) (COND D_SDFCHK (posedge CP)) (-26) (38)) of instance :DUT.en_reg_flag_reg of module DFCNQD1BWP30P140 <../logical/results/gate_level/convolution_analysis_view_0p90v_25c_captyp_nominal.sdf, line 46814>.
xmelab: *W,SDFNET: Unable to annotate to non-existent timing check (RECREM (posedge CDN) (COND D_SDFCHK (posedge CP)) (-26) (38)) of instance :DUT.\partial2_reg[0]  of module DFCNQD1BWP30P140 <../logical/results/gate_level/convolution_analysis_view_0p90v_25c_captyp_nominal.sdf, line 46835>.
xmelab: *W,SDFNET: Unable to annotate to non-existent timing check (RECREM (posedge CDN) (COND D_SDFCHK (posedge CP)) (-26) (38)) of instance :DUT.\partial2_reg[1]  of module DFCNQD1BWP30P140 <../logical/results/gate_level/convolution_analysis_view_0p90v_25c_captyp_nominal.sdf, line 46856>.
xmelab: *W,SDFNET: Unable to annotate to non-existent timing check (RECREM (posedge CDN) (COND D_SDFCHK (posedge CP)) (-26) (38)) of instance :DUT.\partial2_reg[2]  of module DFCNQD1BWP30P140 <../logical/results/gate_level/convolution_analysis_view_0p90v_25c_captyp_nominal.sdf, line 46877>.
xmelab: *W,SDFNET: Unable to annotate to non-existent timing check (RECREM (posedge CDN) (COND D_SDFCHK (posedge CP)) (-26) (38)) of instance :DUT.\partial2_reg[3]  of module DFCNQD1BWP30P140 <../logical/results/gate_level/convolution_analysis_view_0p90v_25c_captyp_nominal.sdf, line 46898>.
xmelab: *W,SDFNET: Unable to annotate to non-existent timing check (RECREM (posedge CDN) (COND D_SDFCHK (posedge CP)) (-26) (38)) of instance :DUT.\partial2_reg[4]  of module DFCNQD1BWP30P140 <../logical/results/gate_level/convolution_analysis_view_0p90v_25c_captyp_nominal.sdf, line 46919>.
xmelab: *W,SDFNET: Unable to annotate to non-existent timing check (RECREM (posedge CDN) (COND D_SDFCHK (posedge CP)) (-26) (38)) of instance :DUT.\partial2_reg[5]  of module DFCNQD1BWP30P140 <../logical/results/gate_level/convolution_analysis_view_0p90v_25c_captyp_nominal.sdf, line 46940>.
xmelab: *W,SDFNET: Unable to annotate to non-existent timing check (RECREM (posedge CDN) (COND D_SDFCHK (posedge CP)) (-26) (38)) of instance :DUT.\partial2_reg[6]  of module DFCNQD1BWP30P140 <../logical/results/gate_level/convolution_analysis_view_0p90v_25c_captyp_nominal.sdf, line 46961>.
xmelab: *W,SDFNET: Unable to annotate to non-existent timing check (RECREM (posedge CDN) (COND D_SDFCHK (posedge CP)) (-26) (38)) of instance :DUT.\partial2_reg[7]  of module DFCNQD1BWP30P140 <../logical/results/gate_level/convolution_analysis_view_0p90v_25c_captyp_nominal.sdf, line 46982>.
xmelab: *W,SDFNET: Unable to annotate to non-existent timing check (RECREM (posedge CDN) (COND D_SDFCHK (posedge CP)) (-26) (38)) of instance :DUT.\partial2_reg[8]  of module DFCNQD1BWP30P140 <../logical/results/gate_level/convolution_analysis_view_0p90v_25c_captyp_nominal.sdf, line 47003>.
xmelab: *W,SDFNET: Unable to annotate to non-existent timing check (RECREM (posedge CDN) (COND D_SDFCHK (posedge CP)) (-26) (38)) of instance :DUT.\partial2_reg[9]  of module DFCNQD1BWP30P140 <../logical/results/gate_level/convolution_analysis_view_0p90v_25c_captyp_nominal.sdf, line 47024>.
xmelab: *W,SDFNET: Unable to annotate to non-existent timing check (RECREM (posedge CDN) (COND D_SDFCHK (posedge CP)) (-26) (38)) of instance :DUT.\partial2_reg[10]  of module DFCNQD1BWP30P140 <../logical/results/gate_level/convolution_analysis_view_0p90v_25c_captyp_nominal.sdf, line 47045>.
xmelab: *W,SDFNET: Unable to annotate to non-existent timing check (RECREM (posedge CDN) (COND D_SDFCHK (posedge CP)) (-26) (38)) of instance :DUT.\partial2_reg[11]  of module DFCNQD1BWP30P140 <../logical/results/gate_level/convolution_analysis_view_0p90v_25c_captyp_nominal.sdf, line 47066>.
xmelab: *W,SDFNET: Unable to annotate to non-existent timing check (RECREM (posedge CDN) (COND D_SDFCHK (posedge CP)) (-26) (38)) of instance :DUT.\partial2_reg[12]  of module DFCNQD1BWP30P140 <../logical/results/gate_level/convolution_analysis_view_0p90v_25c_captyp_nominal.sdf, line 47087>.
xmelab: *W,SDFNET: Unable to annotate to non-existent timing check (RECREM (posedge CDN) (COND D_SDFCHK (posedge CP)) (-26) (38)) of instance :DUT.\partial2_reg[13]  of module DFCNQD1BWP30P140 <../logical/results/gate_level/convolution_analysis_view_0p90v_25c_captyp_nominal.sdf, line 47108>.
xmelab: *W,SDFNET: Unable to annotate to non-existent timing check (RECREM (posedge CDN) (COND D_SDFCHK (posedge CP)) (-26) (38)) of instance :DUT.\partial2_reg[14]  of module DFCNQD1BWP30P140 <../logical/results/gate_level/convolution_analysis_view_0p90v_25c_captyp_nominal.sdf, line 47129>.
xmelab: *W,SDFNET: Unable to annotate to non-existent timing check (RECREM (posedge CDN) (COND D_SDFCHK (posedge CP)) (-26) (38)) of instance :DUT.\partial2_reg[15]  of module DFCNQD1BWP30P140 <../logical/results/gate_level/convolution_analysis_view_0p90v_25c_captyp_nominal.sdf, line 47150>.
xmelab: *W,SDFNET: Unable to annotate to non-existent timing check (RECREM (posedge CDN) (COND D_SDFCHK (posedge CP)) (-26) (38)) of instance :DUT.\partial2_reg[16]  of module DFCNQD1BWP30P140 <../logical/results/gate_level/convolution_analysis_view_0p90v_25c_captyp_nominal.sdf, line 47171>.
xmelab: *W,SDFNET: Unable to annotate to non-existent timing check (RECREM (posedge CDN) (COND D_SDFCHK (posedge CP)) (-26) (38)) of instance :DUT.\partial2_reg[17]  of module DFCNQD1BWP30P140 <../logical/results/gate_level/convolution_analysis_view_0p90v_25c_captyp_nominal.sdf, line 47192>.
xmelab: *W,SDFNET: Unable to annotate to non-existent timing check (RECREM (posedge CDN) (COND D_SDFCHK (posedge CP)) (-26) (38)) of instance :DUT.\partial2_reg[18]  of module DFCNQD1BWP30P140 <../logical/results/gate_level/convolution_analysis_view_0p90v_25c_captyp_nominal.sdf, line 47213>.
xmelab: *W,SDFNET: Unable to annotate to non-existent timing check (RECREM (posedge CDN) (COND D_SDFCHK (posedge CP)) (-26) (38)) of instance :DUT.\partial2_reg[19]  of module DFCNQD1BWP30P140 <../logical/results/gate_level/convolution_analysis_view_0p90v_25c_captyp_nominal.sdf, line 47234>.
xmelab: *W,SDFNET: Unable to annotate to non-existent timing check (RECREM (posedge CDN) (COND D_SDFCHK (posedge CP)) (-26) (38)) of instance :DUT.\partial2_reg[20]  of module DFCNQD1BWP30P140 <../logical/results/gate_level/convolution_analysis_view_0p90v_25c_captyp_nominal.sdf, line 47255>.
xmelab: *W,SDFNET: Unable to annotate to non-existent timing check (RECREM (posedge CDN) (COND D_SDFCHK (posedge CP)) (-26) (38)) of instance :DUT.\partial2_reg[21]  of module DFCNQD1BWP30P140 <../logical/results/gate_level/convolution_analysis_view_0p90v_25c_captyp_nominal.sdf, line 47276>.
xmelab: *W,SDFNET: Unable to annotate to non-existent timing check (RECREM (posedge CDN) (COND D_SDFCHK (posedge CP)) (-26) (38)) of instance :DUT.\partial2_reg[22]  of module DFCNQD1BWP30P140 <../logical/results/gate_level/convolution_analysis_view_0p90v_25c_captyp_nominal.sdf, line 47297>.
xmelab: *W,SDFNET: Unable to annotate to non-existent timing check (RECREM (posedge CDN) (COND D_SDFCHK (posedge CP)) (-26) (38)) of instance :DUT.\partial2_reg[23]  of module DFCNQD1BWP30P140 <../logical/results/gate_level/convolution_analysis_view_0p90v_25c_captyp_nominal.sdf, line 47318>.
xmelab: *W,SDFNET: Unable to annotate to non-existent timing check (RECREM (posedge CDN) (COND D_SDFCHK (posedge CP)) (-26) (38)) of instance :DUT.\EA_add_reg[0]  of module DFCNQD1BWP30P140 <../logical/results/gate_level/convolution_analysis_view_0p90v_25c_captyp_nominal.sdf, line 52940>.
xmelab: *W,SDFNET: Unable to annotate to non-existent timing check (RECREM (posedge CDN) (COND D_SDFCHK (posedge CP)) (-26) (38)) of instance :DUT.\EA_add_reg[1]  of module DFCNQD1BWP30P140 <../logical/results/gate_level/convolution_analysis_view_0p90v_25c_captyp_nominal.sdf, line 52961>.
xmelab: *W,SDFNET: Unable to annotate to non-existent timing check (RECREM (posedge CDN) (COND D_SDFCHK (posedge CP)) (-26) (38)) of instance :DUT.\EA_read_reg[1]  of module DFCNQD1BWP30P140 <../logical/results/gate_level/convolution_analysis_view_0p90v_25c_captyp_nominal.sdf, line 52982>.
xmelab: *W,SDFNET: Unable to annotate to non-existent timing check (RECREM (posedge CDN) (COND D_SDFCHK (posedge CP)) (-26) (38)) of instance :DUT.\H_reg[0]  of module DFCNQD1BWP30P140 <../logical/results/gate_level/convolution_analysis_view_0p90v_25c_captyp_nominal.sdf, line 53003>.
xmelab: *W,SDFNET: Unable to annotate to non-existent timing check (RECREM (posedge CDN) (COND D_SDFCHK (posedge CP)) (-26) (38)) of instance :DUT.\H_reg[1]  of module DFCNQD1BWP30P140 <../logical/results/gate_level/convolution_analysis_view_0p90v_25c_captyp_nominal.sdf, line 53024>.
xmelab: *W,SDFNET: Unable to annotate to non-existent timing check (RECREM (posedge CDN) (COND D_SDFCHK (posedge CP)) (-26) (38)) of instance :DUT.\H_reg[2]  of module DFCNQD1BWP30P140 <../logical/results/gate_level/convolution_analysis_view_0p90v_25c_captyp_nominal.sdf, line 53045>.
xmelab: *W,SDFNET: Unable to annotate to non-existent timing check (RECREM (posedge CDN) (COND D_SDFCHK (posedge CP)) (-26) (38)) of instance :DUT.\H_reg[3]  of module DFCNQD1BWP30P140 <../logical/results/gate_level/convolution_analysis_view_0p90v_25c_captyp_nominal.sdf, line 53066>.
xmelab: *W,SDFNET: Unable to annotate to non-existent timing check (RECREM (posedge CDN) (COND D_SDFCHK (posedge CP)) (-26) (38)) of instance :DUT.\H_reg[4]  of module DFCNQD1BWP30P140 <../logical/results/gate_level/convolution_analysis_view_0p90v_25c_captyp_nominal.sdf, line 53087>.
xmelab: *W,SDFNET: Unable to annotate to non-existent timing check (RECREM (posedge CDN) (COND D_SDFCHK (posedge CP)) (-26) (38)) of instance :DUT.\V_reg[5]  of module DFCNQD1BWP30P140 <../logical/results/gate_level/convolution_analysis_view_0p90v_25c_captyp_nominal.sdf, line 53108>.
xmelab: *W,SDFNET: Unable to annotate to non-existent timing check (RECREM (posedge CDN) (COND D_SDFCHK (posedge CP)) (-26) (38)) of instance :DUT.\V_reg[6]  of module DFCNQD1BWP30P140 <../logical/results/gate_level/convolution_analysis_view_0p90v_25c_captyp_nominal.sdf, line 53129>.
xmelab: *W,SDFNET: Unable to annotate to non-existent timing check (RECREM (posedge CDN) (COND D_SDFCHK (posedge CP)) (-26) (38)) of instance :DUT.\V_reg[7]  of module DFCNQD1BWP30P140 <../logical/results/gate_level/convolution_analysis_view_0p90v_25c_captyp_nominal.sdf, line 53150>.
xmelab: *W,SDFNET: Unable to annotate to non-existent timing check (RECREM (posedge CDN) (COND D_SDFCHK (posedge CP)) (-26) (38)) of instance :DUT.\V_reg[8]  of module DFCNQD1BWP30P140 <../logical/results/gate_level/convolution_analysis_view_0p90v_25c_captyp_nominal.sdf, line 53171>.
xmelab: *W,SDFNET: Unable to annotate to non-existent timing check (RECREM (posedge CDN) (COND D_SDFCHK (posedge CP)) (-26) (38)) of instance :DUT.\V_reg[9]  of module DFCNQD1BWP30P140 <../logical/results/gate_level/convolution_analysis_view_0p90v_25c_captyp_nominal.sdf, line 53192>.
xmelab: *W,SDFNET: Unable to annotate to non-existent timing check (RECREM (posedge CDN) (COND D_SDFCHK (posedge CP)) (-26) (38)) of instance :DUT.\V_reg[10]  of module DFCNQD1BWP30P140 <../logical/results/gate_level/convolution_analysis_view_0p90v_25c_captyp_nominal.sdf, line 53213>.
xmelab: *W,SDFNET: Unable to annotate to non-existent timing check (RECREM (posedge CDN) (COND D_SDFCHK (posedge CP)) (-26) (38)) of instance :DUT.\V_reg[11]  of module DFCNQD1BWP30P140 <../logical/results/gate_level/convolution_analysis_view_0p90v_25c_captyp_nominal.sdf, line 53234>.
xmelab: *W,SDFNET: Unable to annotate to non-existent timing check (RECREM (posedge CDN) (COND D_SDFCHK (posedge CP)) (-26) (38)) of instance :DUT.\V_reg[12]  of module DFCNQD1BWP30P140 <../logical/results/gate_level/convolution_analysis_view_0p90v_25c_captyp_nominal.sdf, line 53255>.
xmelab: *W,SDFNET: Unable to annotate to non-existent timing check (RECREM (posedge CDN) (COND D_SDFCHK (posedge CP)) (-26) (38)) of instance :DUT.\V_reg[13]  of module DFCNQD1BWP30P140 <../logical/results/gate_level/convolution_analysis_view_0p90v_25c_captyp_nominal.sdf, line 53276>.
xmelab: *W,SDFNET: Unable to annotate to non-existent timing check (RECREM (posedge CDN) (COND D_SDFCHK (posedge CP)) (-26) (38)) of instance :DUT.\V_reg[14]  of module DFCNQD1BWP30P140 <../logical/results/gate_level/convolution_analysis_view_0p90v_25c_captyp_nominal.sdf, line 53297>.
xmelab: *W,SDFNET: Unable to annotate to non-existent timing check (RECREM (posedge CDN) (COND D_SDFCHK (posedge CP)) (-26) (38)) of instance :DUT.\V_reg[15]  of module DFCNQD1BWP30P140 <../logical/results/gate_level/convolution_analysis_view_0p90v_25c_captyp_nominal.sdf, line 53318>.
xmelab: *W,SDFNET: Unable to annotate to non-existent timing check (RECREM (posedge CDN) (COND D_SDFCHK (posedge CP)) (-26) (38)) of instance :DUT.\address_base_reg[10]  of module DFCNQD1BWP30P140 <../logical/results/gate_level/convolution_analysis_view_0p90v_25c_captyp_nominal.sdf, line 53339>.
xmelab: *W,SDFNET: Unable to annotate to non-existent timing check (RECREM (posedge CDN) (COND D_SDFCHK (posedge CP)) (-26) (38)) of instance :DUT.\address_base_reg[11]  of module DFCNQD1BWP30P140 <../logical/results/gate_level/convolution_analysis_view_0p90v_25c_captyp_nominal.sdf, line 53360>.
xmelab: *W,SDFNET: Unable to annotate to non-existent timing check (RECREM (posedge CDN) (COND D_SDFCHK (posedge CP)) (-26) (38)) of instance :DUT.\address_base_reg[12]  of module DFCNQD1BWP30P140 <../logical/results/gate_level/convolution_analysis_view_0p90v_25c_captyp_nominal.sdf, line 53381>.
xmelab: *W,SDFNET: Unable to annotate to non-existent timing check (RECREM (posedge CDN) (COND D_SDFCHK (posedge CP)) (-26) (38)) of instance :DUT.\address_base_reg[13]  of module DFCNQD1BWP30P140 <../logical/results/gate_level/convolution_analysis_view_0p90v_25c_captyp_nominal.sdf, line 53402>.
xmelab: *W,SDFNET: Unable to annotate to non-existent timing check (RECREM (posedge CDN) (COND D_SDFCHK (posedge CP)) (-26) (38)) of instance :DUT.\address_base_reg[14]  of module DFCNQD1BWP30P140 <../logical/results/gate_level/convolution_analysis_view_0p90v_25c_captyp_nominal.sdf, line 53423>.
xmelab: *W,SDFNET: Unable to annotate to non-existent timing check (RECREM (posedge CDN) (COND D_SDFCHK (posedge CP)) (-26) (38)) of instance :DUT.\address_base_reg[15]  of module DFCNQD1BWP30P140 <../logical/results/gate_level/convolution_analysis_view_0p90v_25c_captyp_nominal.sdf, line 53444>.
xmelab: *W,SDFNET: Unable to annotate to non-existent timing check (RECREM (posedge CDN) (COND D_SDFCHK (posedge CP)) (-26) (38)) of instance :DUT.\bias_x_reg[1]  of module DFCNQD1BWP30P140 <../logical/results/gate_level/convolution_analysis_view_0p90v_25c_captyp_nominal.sdf, line 53465>.
xmelab: *W,SDFNET: Unable to annotate to non-existent timing check (RECREM (posedge CDN) (COND D_SDFCHK (posedge CP)) (-26) (38)) of instance :DUT.\bias_x_reg[2]  of module DFCNQD1BWP30P140 <../logical/results/gate_level/convolution_analysis_view_0p90v_25c_captyp_nominal.sdf, line 53486>.
xmelab: *W,SDFNET: Unable to annotate to non-existent timing check (RECREM (posedge CDN) (COND D_SDFCHK (posedge CP)) (-26) (38)) of instance :DUT.\bias_x_reg[3]  of module DFCNQD1BWP30P140 <../logical/results/gate_level/convolution_analysis_view_0p90v_25c_captyp_nominal.sdf, line 53507>.
xmelab: *W,SDFNET: Unable to annotate to non-existent timing check (RECREM (posedge CDN) (COND D_SDFCHK (posedge CP)) (-26) (38)) of instance :DUT.\bias_x_reg[4]  of module DFCNQD1BWP30P140 <../logical/results/gate_level/convolution_analysis_view_0p90v_25c_captyp_nominal.sdf, line 53528>.
xmelab: *W,SDFNET: Unable to annotate to non-existent timing check (RECREM (posedge CDN) (COND D_SDFCHK (posedge CP)) (-26) (38)) of instance :DUT.\bias_x_reg[5]  of module DFCNQD1BWP30P140 <../logical/results/gate_level/convolution_analysis_view_0p90v_25c_captyp_nominal.sdf, line 53549>.
xmelab: *W,SDFNET: Unable to annotate to non-existent timing check (RECREM (posedge CDN) (COND D_SDFCHK (posedge CP)) (-26) (38)) of instance :DUT.\bias_x_reg[6]  of module DFCNQD1BWP30P140 <../logical/results/gate_level/convolution_analysis_view_0p90v_25c_captyp_nominal.sdf, line 53570>.
xmelab: *W,SDFNET: Unable to annotate to non-existent timing check (RECREM (posedge CDN) (COND D_SDFCHK (posedge CP)) (-26) (38)) of instance :DUT.\bias_x_reg[7]  of module DFCNQD1BWP30P140 <../logical/results/gate_level/convolution_analysis_view_0p90v_25c_captyp_nominal.sdf, line 53591>.
xmelab: *W,SDFNET: Unable to annotate to non-existent timing check (RECREM (posedge CDN) (COND D_SDFCHK (posedge CP)) (-26) (38)) of instance :DUT.\bias_x_reg[8]  of module DFCNQD1BWP30P140 <../logical/results/gate_level/convolution_analysis_view_0p90v_25c_captyp_nominal.sdf, line 53612>.
xmelab: *W,SDFNET: Unable to annotate to non-existent timing check (RECREM (posedge CDN) (COND D_SDFCHK (posedge CP)) (-26) (38)) of instance :DUT.\bias_x_reg[9]  of module DFCNQD1BWP30P140 <../logical/results/gate_level/convolution_analysis_view_0p90v_25c_captyp_nominal.sdf, line 53633>.
xmelab: *W,SDFNET: Unable to annotate to non-existent timing check (RECREM (posedge CDN) (COND D_SDFCHK (posedge CP)) (-26) (38)) of instance :DUT.\bias_x_reg[10]  of module DFCNQD1BWP30P140 <../logical/results/gate_level/convolution_analysis_view_0p90v_25c_captyp_nominal.sdf, line 53654>.
xmelab: *W,SDFNET: Unable to annotate to non-existent timing check (RECREM (posedge CDN) (COND D_SDFCHK (posedge CP)) (-26) (38)) of instance :DUT.\bias_x_reg[11]  of module DFCNQD1BWP30P140 <../logical/results/gate_level/convolution_analysis_view_0p90v_25c_captyp_nominal.sdf, line 53675>.
xmelab: *W,SDFNET: Unable to annotate to non-existent timing check (RECREM (posedge CDN) (COND D_SDFCHK (posedge CP)) (-26) (38)) of instance :DUT.\bias_x_reg[12]  of module DFCNQD1BWP30P140 <../logical/results/gate_level/convolution_analysis_view_0p90v_25c_captyp_nominal.sdf, line 53696>.
xmelab: *W,SDFNET: Unable to annotate to non-existent timing check (RECREM (posedge CDN) (COND D_SDFCHK (posedge CP)) (-26) (38)) of instance :DUT.\bias_x_reg[13]  of module DFCNQD1BWP30P140 <../logical/results/gate_level/convolution_analysis_view_0p90v_25c_captyp_nominal.sdf, line 53717>.
xmelab: *W,SDFNET: Unable to annotate to non-existent timing check (RECREM (posedge CDN) (COND D_SDFCHK (posedge CP)) (-26) (38)) of instance :DUT.\bias_x_reg[14]  of module DFCNQD1BWP30P140 <../logical/results/gate_level/convolution_analysis_view_0p90v_25c_captyp_nominal.sdf, line 53738>.
xmelab: *W,SDFNET: Unable to annotate to non-existent timing check (RECREM (posedge CDN) (COND D_E_SDFCHK (posedge CP)) (-19) (30)) of instance :DUT.ce_control_reg of module EDFCNQD1BWP30P140 <../logical/results/gate_level/convolution_analysis_view_0p90v_25c_captyp_nominal.sdf, line 53764>.
xmelab: *W,SDFNET: Unable to annotate to non-existent timing check (RECREM (posedge CDN) (COND D_SDFCHK (posedge CP)) (-26) (38)) of instance :DUT.ce_flag_reg of module DFCNQD1BWP30P140 <../logical/results/gate_level/convolution_analysis_view_0p90v_25c_captyp_nominal.sdf, line 53789>.
xmelab: *W,SDFNET: Unable to annotate to non-existent timing check (RECREM (posedge CDN) (COND D_E_SDFCHK (posedge CP)) (-19) (30)) of instance :DUT.\channel_control_reg[0]  of module EDFCNQD1BWP30P140 <../logical/results/gate_level/convolution_analysis_view_0p90v_25c_captyp_nominal.sdf, line 53815>.
xmelab: *W,SDFNET: Unable to annotate to non-existent timing check (RECREM (posedge CDN) (COND D_SDFCHK (posedge CP)) (-26) (38)) of instance :DUT.\cont_conv_plus1_reg[0]  of module DFCNQD1BWP30P140 <../logical/results/gate_level/convolution_analysis_view_0p90v_25c_captyp_nominal.sdf, line 53840>.
xmelab: *W,SDFNET: Unable to annotate to non-existent timing check (RECREM (posedge CDN) (COND D_SDFCHK (posedge CP)) (-26) (38)) of instance :DUT.\cont_conv_plus1_reg[1]  of module DFCNQD1BWP30P140 <../logical/results/gate_level/convolution_analysis_view_0p90v_25c_captyp_nominal.sdf, line 53861>.
xmelab: *W,SDFNET: Unable to annotate to non-existent timing check (RECREM (posedge CDN) (COND D_SDFCHK (posedge CP)) (-26) (38)) of instance :DUT.\cont_conv_plus1_reg[2]  of module DFCNQD1BWP30P140 <../logical/results/gate_level/convolution_analysis_view_0p90v_25c_captyp_nominal.sdf, line 53882>.
xmelab: *W,SDFNET: Unable to annotate to non-existent timing check (RECREM (posedge CDN) (COND D_SDFCHK (posedge CP)) (-26) (38)) of instance :DUT.\cont_conv_plus1_reg[3]  of module DFCNQD1BWP30P140 <../logical/results/gate_level/convolution_analysis_view_0p90v_25c_captyp_nominal.sdf, line 53903>.
xmelab: *W,SDFNET: Unable to annotate to non-existent timing check (RECREM (posedge CDN) (COND D_SDFCHK (posedge CP)) (-26) (38)) of instance :DUT.\cont_conv_plus1_reg[4]  of module DFCNQD1BWP30P140 <../logical/results/gate_level/convolution_analysis_view_0p90v_25c_captyp_nominal.sdf, line 53924>.
xmelab: *W,SDFNET: Unable to annotate to non-existent timing check (RECREM (posedge CDN) (COND D_SDFCHK (posedge CP)) (-26) (38)) of instance :DUT.\cont_conv_plus1_reg[5]  of module DFCNQD1BWP30P140 <../logical/results/gate_level/convolution_analysis_view_0p90v_25c_captyp_nominal.sdf, line 53945>.
xmelab: *W,SDFNET: Unable to annotate to non-existent timing check (RECREM (posedge CDN) (COND D_SDFCHK (posedge CP)) (-26) (38)) of instance :DUT.\cont_conv_plus1_reg[6]  of module DFCNQD1BWP30P140 <../logical/results/gate_level/convolution_analysis_view_0p90v_25c_captyp_nominal.sdf, line 53966>.
xmelab: *W,SDFNET: Unable to annotate to non-existent timing check (RECREM (posedge CDN) (COND D_SDFCHK (posedge CP)) (-26) (38)) of instance :DUT.\cont_conv_plus1_reg[7]  of module DFCNQD1BWP30P140 <../logical/results/gate_level/convolution_analysis_view_0p90v_25c_captyp_nominal.sdf, line 53987>.
xmelab: *W,SDFNET: Unable to annotate to non-existent timing check (RECREM (posedge CDN) (COND D_SDFCHK (posedge CP)) (-26) (38)) of instance :DUT.\cont_conv_plus1_reg[8]  of module DFCNQD1BWP30P140 <../logical/results/gate_level/convolution_analysis_view_0p90v_25c_captyp_nominal.sdf, line 54008>.
xmelab: *W,SDFNET: Unable to annotate to non-existent timing check (RECREM (posedge CDN) (COND D_SDFCHK (posedge CP)) (-26) (38)) of instance :DUT.\cont_conv_plus1_reg[9]  of module DFCNQD1BWP30P140 <../logical/results/gate_level/convolution_analysis_view_0p90v_25c_captyp_nominal.sdf, line 54029>.
xmelab: *W,SDFNET: Unable to annotate to non-existent timing check (RECREM (posedge CDN) (COND D_SDFCHK (posedge CP)) (-26) (38)) of instance :DUT.\cont_conv_plus1_reg[10]  of module DFCNQD1BWP30P140 <../logical/results/gate_level/convolution_analysis_view_0p90v_25c_captyp_nominal.sdf, line 54050>.
xmelab: *W,SDFNET: Unable to annotate to non-existent timing check (RECREM (posedge CDN) (COND D_SDFCHK (posedge CP)) (-26) (38)) of instance :DUT.\cont_conv_plus1_reg[11]  of module DFCNQD1BWP30P140 <../logical/results/gate_level/convolution_analysis_view_0p90v_25c_captyp_nominal.sdf, line 54071>.
xmelab: *W,SDFNET: Unable to annotate to non-existent timing check (RECREM (posedge CDN) (COND D_SDFCHK (posedge CP)) (-26) (38)) of instance :DUT.\cont_conv_plus1_reg[12]  of module DFCNQD1BWP30P140 <../logical/results/gate_level/convolution_analysis_view_0p90v_25c_captyp_nominal.sdf, line 54092>.
xmelab: *W,SDFNET: Unable to annotate to non-existent timing check (RECREM (posedge CDN) (COND D_SDFCHK (posedge CP)) (-26) (38)) of instance :DUT.\cont_conv_plus1_reg[13]  of module DFCNQD1BWP30P140 <../logical/results/gate_level/convolution_analysis_view_0p90v_25c_captyp_nominal.sdf, line 54113>.
xmelab: *W,SDFNET: Unable to annotate to non-existent timing check (RECREM (posedge CDN) (COND D_SDFCHK (posedge CP)) (-26) (38)) of instance :DUT.\cont_conv_plus1_reg[14]  of module DFCNQD1BWP30P140 <../logical/results/gate_level/convolution_analysis_view_0p90v_25c_captyp_nominal.sdf, line 54134>.
xmelab: *W,SDFNET: Unable to annotate to non-existent timing check (RECREM (posedge CDN) (COND D_SDFCHK (posedge CP)) (-26) (38)) of instance :DUT.\cont_conv_plus1_reg[15]  of module DFCNQD1BWP30P140 <../logical/results/gate_level/convolution_analysis_view_0p90v_25c_captyp_nominal.sdf, line 54155>.
xmelab: *W,SDFNET: Unable to annotate to non-existent timing check (RECREM (posedge CDN) (COND D_SDFCHK (posedge CP)) (-26) (38)) of instance :DUT.\cont_conv_plus1_reg[16]  of module DFCNQD1BWP30P140 <../logical/results/gate_level/convolution_analysis_view_0p90v_25c_captyp_nominal.sdf, line 54176>.
xmelab: *W,SDFNET: Unable to annotate to non-existent timing check (RECREM (posedge CDN) (COND D_SDFCHK (posedge CP)) (-26) (38)) of instance :DUT.\cont_conv_plus1_reg[17]  of module DFCNQD1BWP30P140 <../logical/results/gate_level/convolution_analysis_view_0p90v_25c_captyp_nominal.sdf, line 54197>.
xmelab: *W,SDFNET: Unable to annotate to non-existent timing check (RECREM (posedge CDN) (COND D_SDFCHK (posedge CP)) (-26) (38)) of instance :DUT.\cont_conv_plus1_reg[18]  of module DFCNQD1BWP30P140 <../logical/results/gate_level/convolution_analysis_view_0p90v_25c_captyp_nominal.sdf, line 54218>.
xmelab: *W,SDFNET: Unable to annotate to non-existent timing check (RECREM (posedge CDN) (COND D_SDFCHK (posedge CP)) (-26) (38)) of instance :DUT.\cont_conv_plus1_reg[19]  of module DFCNQD1BWP30P140 <../logical/results/gate_level/convolution_analysis_view_0p90v_25c_captyp_nominal.sdf, line 54239>.
xmelab: *W,SDFNET: Unable to annotate to non-existent timing check (RECREM (posedge CDN) (COND D_SDFCHK (posedge CP)) (-26) (38)) of instance :DUT.\cont_conv_plus1_reg[20]  of module DFCNQD1BWP30P140 <../logical/results/gate_level/convolution_analysis_view_0p90v_25c_captyp_nominal.sdf, line 54260>.
xmelab: *W,SDFNET: Unable to annotate to non-existent timing check (RECREM (posedge CDN) (COND D_SDFCHK (posedge CP)) (-26) (38)) of instance :DUT.\cont_conv_plus1_reg[21]  of module DFCNQD1BWP30P140 <../logical/results/gate_level/convolution_analysis_view_0p90v_25c_captyp_nominal.sdf, line 54281>.
xmelab: *W,SDFNET: Unable to annotate to non-existent timing check (RECREM (posedge CDN) (COND D_SDFCHK (posedge CP)) (-26) (38)) of instance :DUT.\cont_conv_plus1_reg[22]  of module DFCNQD1BWP30P140 <../logical/results/gate_level/convolution_analysis_view_0p90v_25c_captyp_nominal.sdf, line 54302>.
xmelab: *W,SDFNET: Unable to annotate to non-existent timing check (RECREM (posedge CDN) (COND D_SDFCHK (posedge CP)) (-26) (38)) of instance :DUT.\cont_conv_plus1_reg[23]  of module DFCNQD1BWP30P140 <../logical/results/gate_level/convolution_analysis_view_0p90v_25c_captyp_nominal.sdf, line 54323>.
xmelab: *W,SDFNET: Unable to annotate to non-existent timing check (RECREM (posedge CDN) (COND D_SDFCHK (posedge CP)) (-26) (38)) of instance :DUT.\cont_conv_plus1_reg[24]  of module DFCNQD1BWP30P140 <../logical/results/gate_level/convolution_analysis_view_0p90v_25c_captyp_nominal.sdf, line 54344>.
xmelab: *W,SDFNET: Unable to annotate to non-existent timing check (RECREM (posedge CDN) (COND D_SDFCHK (posedge CP)) (-26) (38)) of instance :DUT.\cont_conv_plus1_reg[25]  of module DFCNQD1BWP30P140 <../logical/results/gate_level/convolution_analysis_view_0p90v_25c_captyp_nominal.sdf, line 54365>.
xmelab: *W,SDFNET: Unable to annotate to non-existent timing check (RECREM (posedge CDN) (COND D_SDFCHK (posedge CP)) (-26) (38)) of instance :DUT.\cont_conv_plus1_reg[26]  of module DFCNQD1BWP30P140 <../logical/results/gate_level/convolution_analysis_view_0p90v_25c_captyp_nominal.sdf, line 54386>.
xmelab: *W,SDFNET: Unable to annotate to non-existent timing check (RECREM (posedge CDN) (COND D_SDFCHK (posedge CP)) (-26) (38)) of instance :DUT.\cont_conv_plus1_reg[27]  of module DFCNQD1BWP30P140 <../logical/results/gate_level/convolution_analysis_view_0p90v_25c_captyp_nominal.sdf, line 54407>.
xmelab: *W,SDFNET: Unable to annotate to non-existent timing check (RECREM (posedge CDN) (COND D_SDFCHK (posedge CP)) (-26) (38)) of instance :DUT.\cont_conv_plus1_reg[28]  of module DFCNQD1BWP30P140 <../logical/results/gate_level/convolution_analysis_view_0p90v_25c_captyp_nominal.sdf, line 54428>.
xmelab: *W,SDFNET: Unable to annotate to non-existent timing check (RECREM (posedge CDN) (COND D_SDFCHK (posedge CP)) (-26) (38)) of instance :DUT.\cont_conv_plus1_reg[29]  of module DFCNQD1BWP30P140 <../logical/results/gate_level/convolution_analysis_view_0p90v_25c_captyp_nominal.sdf, line 54449>.
xmelab: *W,SDFNET: Unable to annotate to non-existent timing check (RECREM (posedge CDN) (COND D_SDFCHK (posedge CP)) (-26) (38)) of instance :DUT.\cont_conv_plus1_reg[30]  of module DFCNQD1BWP30P140 <../logical/results/gate_level/convolution_analysis_view_0p90v_25c_captyp_nominal.sdf, line 54470>.
xmelab: *W,SDFNET: Unable to annotate to non-existent timing check (RECREM (posedge CDN) (COND D_SDFCHK (posedge CP)) (-26) (38)) of instance :DUT.\cont_conv_plus1_reg[31]  of module DFCNQD1BWP30P140 <../logical/results/gate_level/convolution_analysis_view_0p90v_25c_captyp_nominal.sdf, line 54491>.
xmelab: *W,SDFNET: Unable to annotate to non-existent timing check (RECREM (posedge CDN) (COND D_SDFCHK (posedge CP)) (-26) (38)) of instance :DUT.\cont_conv_reg[0]  of module DFCNQD1BWP30P140 <../logical/results/gate_level/convolution_analysis_view_0p90v_25c_captyp_nominal.sdf, line 54512>.
xmelab: *W,SDFNET: Unable to annotate to non-existent timing check (RECREM (posedge CDN) (COND D_SDFCHK (posedge CP)) (-26) (38)) of instance :DUT.\cont_conv_reg[1]  of module DFCNQD1BWP30P140 <../logical/results/gate_level/convolution_analysis_view_0p90v_25c_captyp_nominal.sdf, line 54533>.
xmelab: *W,SDFNET: Unable to annotate to non-existent timing check (RECREM (posedge CDN) (COND D_SDFCHK (posedge CP)) (-26) (38)) of instance :DUT.\cont_conv_reg[2]  of module DFCNQD1BWP30P140 <../logical/results/gate_level/convolution_analysis_view_0p90v_25c_captyp_nominal.sdf, line 54554>.
xmelab: *W,SDFNET: Unable to annotate to non-existent timing check (RECREM (posedge CDN) (COND D_SDFCHK (posedge CP)) (-26) (38)) of instance :DUT.\cont_conv_reg[3]  of module DFCNQD1BWP30P140 <../logical/results/gate_level/convolution_analysis_view_0p90v_25c_captyp_nominal.sdf, line 54575>.
xmelab: *W,SDFNET: Unable to annotate to non-existent timing check (RECREM (posedge CDN) (COND D_SDFCHK (posedge CP)) (-26) (38)) of instance :DUT.\cont_conv_reg[4]  of module DFCNQD1BWP30P140 <../logical/results/gate_level/convolution_analysis_view_0p90v_25c_captyp_nominal.sdf, line 54596>.
xmelab: *W,SDFNET: Unable to annotate to non-existent timing check (RECREM (posedge CDN) (COND D_SDFCHK (posedge CP)) (-26) (38)) of instance :DUT.\cont_conv_reg[5]  of module DFCNQD1BWP30P140 <../logical/results/gate_level/convolution_analysis_view_0p90v_25c_captyp_nominal.sdf, line 54617>.
xmelab: *W,SDFNET: Unable to annotate to non-existent timing check (RECREM (posedge CDN) (COND D_SDFCHK (posedge CP)) (-26) (38)) of instance :DUT.\cont_conv_reg[6]  of module DFCNQD1BWP30P140 <../logical/results/gate_level/convolution_analysis_view_0p90v_25c_captyp_nominal.sdf, line 54638>.
xmelab: *W,SDFNET: Unable to annotate to non-existent timing check (RECREM (posedge CDN) (COND D_SDFCHK (posedge CP)) (-26) (38)) of instance :DUT.\cont_conv_reg[7]  of module DFCNQD1BWP30P140 <../logical/results/gate_level/convolution_analysis_view_0p90v_25c_captyp_nominal.sdf, line 54659>.
xmelab: *W,SDFNET: Unable to annotate to non-existent timing check (RECREM (posedge CDN) (COND D_SDFCHK (posedge CP)) (-26) (38)) of instance :DUT.\cont_conv_reg[8]  of module DFCNQD1BWP30P140 <../logical/results/gate_level/convolution_analysis_view_0p90v_25c_captyp_nominal.sdf, line 54680>.
xmelab: *W,SDFNET: Unable to annotate to non-existent timing check (RECREM (posedge CDN) (COND D_SDFCHK (posedge CP)) (-26) (38)) of instance :DUT.\cont_conv_reg[9]  of module DFCNQD1BWP30P140 <../logical/results/gate_level/convolution_analysis_view_0p90v_25c_captyp_nominal.sdf, line 54701>.
xmelab: *W,SDFNET: Unable to annotate to non-existent timing check (RECREM (posedge CDN) (COND D_SDFCHK (posedge CP)) (-26) (38)) of instance :DUT.\cont_conv_reg[10]  of module DFCNQD1BWP30P140 <../logical/results/gate_level/convolution_analysis_view_0p90v_25c_captyp_nominal.sdf, line 54722>.
xmelab: *W,SDFNET: Unable to annotate to non-existent timing check (RECREM (posedge CDN) (COND D_SDFCHK (posedge CP)) (-26) (38)) of instance :DUT.\cont_conv_reg[11]  of module DFCNQD1BWP30P140 <../logical/results/gate_level/convolution_analysis_view_0p90v_25c_captyp_nominal.sdf, line 54743>.
xmelab: *W,SDFNET: Unable to annotate to non-existent timing check (RECREM (posedge CDN) (COND D_SDFCHK (posedge CP)) (-26) (38)) of instance :DUT.\cont_conv_reg[12]  of module DFCNQD1BWP30P140 <../logical/results/gate_level/convolution_analysis_view_0p90v_25c_captyp_nominal.sdf, line 54764>.
xmelab: *W,SDFNET: Unable to annotate to non-existent timing check (RECREM (posedge CDN) (COND D_SDFCHK (posedge CP)) (-26) (38)) of instance :DUT.\cont_conv_reg[13]  of module DFCNQD1BWP30P140 <../logical/results/gate_level/convolution_analysis_view_0p90v_25c_captyp_nominal.sdf, line 54785>.
xmelab: *W,SDFNET: Unable to annotate to non-existent timing check (RECREM (posedge CDN) (COND D_SDFCHK (posedge CP)) (-26) (38)) of instance :DUT.\cont_conv_reg[14]  of module DFCNQD1BWP30P140 <../logical/results/gate_level/convolution_analysis_view_0p90v_25c_captyp_nominal.sdf, line 54806>.
xmelab: *W,SDFNET: Unable to annotate to non-existent timing check (RECREM (posedge CDN) (COND D_SDFCHK (posedge CP)) (-26) (38)) of instance :DUT.\cont_conv_reg[15]  of module DFCNQD1BWP30P140 <../logical/results/gate_level/convolution_analysis_view_0p90v_25c_captyp_nominal.sdf, line 54827>.
xmelab: *W,SDFNET: Unable to annotate to non-existent timing check (RECREM (posedge CDN) (COND D_SDFCHK (posedge CP)) (-26) (38)) of instance :DUT.\cont_conv_reg[16]  of module DFCNQD1BWP30P140 <../logical/results/gate_level/convolution_analysis_view_0p90v_25c_captyp_nominal.sdf, line 54848>.
xmelab: *W,SDFNET: Unable to annotate to non-existent timing check (RECREM (posedge CDN) (COND D_SDFCHK (posedge CP)) (-26) (38)) of instance :DUT.\cont_conv_reg[17]  of module DFCNQD1BWP30P140 <../logical/results/gate_level/convolution_analysis_view_0p90v_25c_captyp_nominal.sdf, line 54869>.
xmelab: *W,SDFNET: Unable to annotate to non-existent timing check (RECREM (posedge CDN) (COND D_SDFCHK (posedge CP)) (-26) (38)) of instance :DUT.\cont_conv_reg[18]  of module DFCNQD1BWP30P140 <../logical/results/gate_level/convolution_analysis_view_0p90v_25c_captyp_nominal.sdf, line 54890>.
xmelab: *W,SDFNET: Unable to annotate to non-existent timing check (RECREM (posedge CDN) (COND D_SDFCHK (posedge CP)) (-26) (38)) of instance :DUT.\cont_conv_reg[19]  of module DFCNQD1BWP30P140 <../logical/results/gate_level/convolution_analysis_view_0p90v_25c_captyp_nominal.sdf, line 54911>.
xmelab: *W,SDFNET: Unable to annotate to non-existent timing check (RECREM (posedge CDN) (COND D_SDFCHK (posedge CP)) (-26) (38)) of instance :DUT.\cont_conv_reg[20]  of module DFCNQD1BWP30P140 <../logical/results/gate_level/convolution_analysis_view_0p90v_25c_captyp_nominal.sdf, line 54932>.
xmelab: *W,SDFNET: Unable to annotate to non-existent timing check (RECREM (posedge CDN) (COND D_SDFCHK (posedge CP)) (-26) (38)) of instance :DUT.\cont_conv_reg[21]  of module DFCNQD1BWP30P140 <../logical/results/gate_level/convolution_analysis_view_0p90v_25c_captyp_nominal.sdf, line 54953>.
xmelab: *W,SDFNET: Unable to annotate to non-existent timing check (RECREM (posedge CDN) (COND D_SDFCHK (posedge CP)) (-26) (38)) of instance :DUT.\cont_conv_reg[22]  of module DFCNQD1BWP30P140 <../logical/results/gate_level/convolution_analysis_view_0p90v_25c_captyp_nominal.sdf, line 54974>.
xmelab: *W,SDFNET: Unable to annotate to non-existent timing check (RECREM (posedge CDN) (COND D_SDFCHK (posedge CP)) (-26) (38)) of instance :DUT.\cont_conv_reg[23]  of module DFCNQD1BWP30P140 <../logical/results/gate_level/convolution_analysis_view_0p90v_25c_captyp_nominal.sdf, line 54995>.
xmelab: *W,SDFNET: Unable to annotate to non-existent timing check (RECREM (posedge CDN) (COND D_SDFCHK (posedge CP)) (-26) (38)) of instance :DUT.\cont_conv_reg[24]  of module DFCNQD1BWP30P140 <../logical/results/gate_level/convolution_analysis_view_0p90v_25c_captyp_nominal.sdf, line 55016>.
xmelab: *W,SDFNET: Unable to annotate to non-existent timing check (RECREM (posedge CDN) (COND D_SDFCHK (posedge CP)) (-26) (38)) of instance :DUT.\cont_conv_reg[25]  of module DFCNQD1BWP30P140 <../logical/results/gate_level/convolution_analysis_view_0p90v_25c_captyp_nominal.sdf, line 55037>.
xmelab: *W,SDFNET: Unable to annotate to non-existent timing check (RECREM (posedge CDN) (COND D_SDFCHK (posedge CP)) (-26) (38)) of instance :DUT.\cont_conv_reg[26]  of module DFCNQD1BWP30P140 <../logical/results/gate_level/convolution_analysis_view_0p90v_25c_captyp_nominal.sdf, line 55058>.
xmelab: *W,SDFNET: Unable to annotate to non-existent timing check (RECREM (posedge CDN) (COND D_SDFCHK (posedge CP)) (-26) (38)) of instance :DUT.\cont_conv_reg[27]  of module DFCNQD1BWP30P140 <../logical/results/gate_level/convolution_analysis_view_0p90v_25c_captyp_nominal.sdf, line 55079>.
xmelab: *W,SDFNET: Unable to annotate to non-existent timing check (RECREM (posedge CDN) (COND D_SDFCHK (posedge CP)) (-26) (38)) of instance :DUT.\cont_conv_reg[28]  of module DFCNQD1BWP30P140 <../logical/results/gate_level/convolution_analysis_view_0p90v_25c_captyp_nominal.sdf, line 55100>.
xmelab: *W,SDFNET: Unable to annotate to non-existent timing check (RECREM (posedge CDN) (COND D_SDFCHK (posedge CP)) (-26) (38)) of instance :DUT.\cont_conv_reg[29]  of module DFCNQD1BWP30P140 <../logical/results/gate_level/convolution_analysis_view_0p90v_25c_captyp_nominal.sdf, line 55121>.
xmelab: *W,SDFNET: Unable to annotate to non-existent timing check (RECREM (posedge CDN) (COND D_SDFCHK (posedge CP)) (-26) (38)) of instance :DUT.\cont_conv_reg[30]  of module DFCNQD1BWP30P140 <../logical/results/gate_level/convolution_analysis_view_0p90v_25c_captyp_nominal.sdf, line 55142>.
xmelab: *W,SDFNET: Unable to annotate to non-existent timing check (RECREM (posedge CDN) (COND D_SDFCHK (posedge CP)) (-26) (38)) of instance :DUT.\cont_conv_reg[31]  of module DFCNQD1BWP30P140 <../logical/results/gate_level/convolution_analysis_view_0p90v_25c_captyp_nominal.sdf, line 55163>.
xmelab: *W,SDFNET: Unable to annotate to non-existent timing check (RECREM (posedge CDN) (COND D_SDFCHK (posedge CP)) (-26) (38)) of instance :DUT.\cont_debug_reg[0]  of module DFCNQD1BWP30P140 <../logical/results/gate_level/convolution_analysis_view_0p90v_25c_captyp_nominal.sdf, line 55184>.
xmelab: *W,SDFNET: Unable to annotate to non-existent timing check (RECREM (posedge CDN) (COND D_SDFCHK (posedge CP)) (-26) (38)) of instance :DUT.\cont_debug_reg[1]  of module DFCNQD1BWP30P140 <../logical/results/gate_level/convolution_analysis_view_0p90v_25c_captyp_nominal.sdf, line 55205>.
xmelab: *W,SDFNET: Unable to annotate to non-existent timing check (RECREM (posedge CDN) (COND D_SDFCHK (posedge CP)) (-26) (38)) of instance :DUT.\cont_debug_reg[2]  of module DFCNQD1BWP30P140 <../logical/results/gate_level/convolution_analysis_view_0p90v_25c_captyp_nominal.sdf, line 55226>.
xmelab: *W,SDFNET: Unable to annotate to non-existent timing check (RECREM (posedge CDN) (COND D_SDFCHK (posedge CP)) (-26) (38)) of instance :DUT.\cont_debug_reg[3]  of module DFCNQD1BWP30P140 <../logical/results/gate_level/convolution_analysis_view_0p90v_25c_captyp_nominal.sdf, line 55247>.
xmelab: *W,SDFNET: Unable to annotate to non-existent timing check (RECREM (posedge CDN) (COND D_SDFCHK (posedge CP)) (-26) (38)) of instance :DUT.\cont_debug_reg[4]  of module DFCNQD1BWP30P140 <../logical/results/gate_level/convolution_analysis_view_0p90v_25c_captyp_nominal.sdf, line 55268>.
xmelab: *W,SDFNET: Unable to annotate to non-existent timing check (RECREM (posedge CDN) (COND D_SDFCHK (posedge CP)) (-26) (38)) of instance :DUT.\cont_debug_reg[5]  of module DFCNQD1BWP30P140 <../logical/results/gate_level/convolution_analysis_view_0p90v_25c_captyp_nominal.sdf, line 55289>.
xmelab: *W,SDFNET: Unable to annotate to non-existent timing check (RECREM (posedge CDN) (COND D_SDFCHK (posedge CP)) (-26) (38)) of instance :DUT.\cont_debug_reg[6]  of module DFCNQD1BWP30P140 <../logical/results/gate_level/convolution_analysis_view_0p90v_25c_captyp_nominal.sdf, line 55310>.
xmelab: *W,SDFNET: Unable to annotate to non-existent timing check (RECREM (posedge CDN) (COND D_SDFCHK (posedge CP)) (-26) (38)) of instance :DUT.\cont_debug_reg[7]  of module DFCNQD1BWP30P140 <../logical/results/gate_level/convolution_analysis_view_0p90v_25c_captyp_nominal.sdf, line 55331>.
xmelab: *W,SDFNET: Unable to annotate to non-existent timing check (RECREM (posedge CDN) (COND D_SDFCHK (posedge CP)) (-26) (38)) of instance :DUT.\cont_debug_reg[8]  of module DFCNQD1BWP30P140 <../logical/results/gate_level/convolution_analysis_view_0p90v_25c_captyp_nominal.sdf, line 55352>.
xmelab: *W,SDFNET: Unable to annotate to non-existent timing check (RECREM (posedge CDN) (COND D_SDFCHK (posedge CP)) (-26) (38)) of instance :DUT.\cont_debug_reg[9]  of module DFCNQD1BWP30P140 <../logical/results/gate_level/convolution_analysis_view_0p90v_25c_captyp_nominal.sdf, line 55373>.
xmelab: *W,SDFNET: Unable to annotate to non-existent timing check (RECREM (posedge CDN) (COND D_SDFCHK (posedge CP)) (-26) (38)) of instance :DUT.\cont_debug_reg[10]  of module DFCNQD1BWP30P140 <../logical/results/gate_level/convolution_analysis_view_0p90v_25c_captyp_nominal.sdf, line 55394>.
xmelab: *W,SDFNET: Unable to annotate to non-existent timing check (RECREM (posedge CDN) (COND D_SDFCHK (posedge CP)) (-26) (38)) of instance :DUT.\cont_debug_reg[11]  of module DFCNQD1BWP30P140 <../logical/results/gate_level/convolution_analysis_view_0p90v_25c_captyp_nominal.sdf, line 55415>.
xmelab: *W,SDFNET: Unable to annotate to non-existent timing check (RECREM (posedge CDN) (COND D_SDFCHK (posedge CP)) (-26) (38)) of instance :DUT.\cont_debug_reg[12]  of module DFCNQD1BWP30P140 <../logical/results/gate_level/convolution_analysis_view_0p90v_25c_captyp_nominal.sdf, line 55436>.
xmelab: *W,SDFNET: Unable to annotate to non-existent timing check (RECREM (posedge CDN) (COND D_SDFCHK (posedge CP)) (-26) (38)) of instance :DUT.\cont_debug_reg[13]  of module DFCNQD1BWP30P140 <../logical/results/gate_level/convolution_analysis_view_0p90v_25c_captyp_nominal.sdf, line 55457>.
xmelab: *W,SDFNET: Unable to annotate to non-existent timing check (RECREM (posedge CDN) (COND D_SDFCHK (posedge CP)) (-26) (38)) of instance :DUT.\cont_debug_reg[14]  of module DFCNQD1BWP30P140 <../logical/results/gate_level/convolution_analysis_view_0p90v_25c_captyp_nominal.sdf, line 55478>.
xmelab: *W,SDFNET: Unable to annotate to non-existent timing check (RECREM (posedge CDN) (COND D_SDFCHK (posedge CP)) (-26) (38)) of instance :DUT.\cont_debug_reg[15]  of module DFCNQD1BWP30P140 <../logical/results/gate_level/convolution_analysis_view_0p90v_25c_captyp_nominal.sdf, line 55499>.
xmelab: *W,SDFNET: Unable to annotate to non-existent timing check (RECREM (posedge CDN) (COND D_SDFCHK (posedge CP)) (-26) (38)) of instance :DUT.\cont_debug_reg[16]  of module DFCNQD1BWP30P140 <../logical/results/gate_level/convolution_analysis_view_0p90v_25c_captyp_nominal.sdf, line 55520>.
xmelab: *W,SDFNET: Unable to annotate to non-existent timing check (RECREM (posedge CDN) (COND D_SDFCHK (posedge CP)) (-26) (38)) of instance :DUT.\cont_debug_reg[17]  of module DFCNQD1BWP30P140 <../logical/results/gate_level/convolution_analysis_view_0p90v_25c_captyp_nominal.sdf, line 55541>.
xmelab: *W,SDFNET: Unable to annotate to non-existent timing check (RECREM (posedge CDN) (COND D_SDFCHK (posedge CP)) (-26) (38)) of instance :DUT.\cont_debug_reg[18]  of module DFCNQD1BWP30P140 <../logical/results/gate_level/convolution_analysis_view_0p90v_25c_captyp_nominal.sdf, line 55562>.
xmelab: *W,SDFNET: Unable to annotate to non-existent timing check (RECREM (posedge CDN) (COND D_SDFCHK (posedge CP)) (-26) (38)) of instance :DUT.\cont_debug_reg[19]  of module DFCNQD1BWP30P140 <../logical/results/gate_level/convolution_analysis_view_0p90v_25c_captyp_nominal.sdf, line 55583>.
xmelab: *W,SDFNET: Unable to annotate to non-existent timing check (RECREM (posedge CDN) (COND D_SDFCHK (posedge CP)) (-26) (38)) of instance :DUT.\cont_debug_reg[20]  of module DFCNQD1BWP30P140 <../logical/results/gate_level/convolution_analysis_view_0p90v_25c_captyp_nominal.sdf, line 55604>.
xmelab: *W,SDFNET: Unable to annotate to non-existent timing check (RECREM (posedge CDN) (COND D_SDFCHK (posedge CP)) (-26) (38)) of instance :DUT.\cont_debug_reg[21]  of module DFCNQD1BWP30P140 <../logical/results/gate_level/convolution_analysis_view_0p90v_25c_captyp_nominal.sdf, line 55625>.
xmelab: *W,SDFNET: Unable to annotate to non-existent timing check (RECREM (posedge CDN) (COND D_SDFCHK (posedge CP)) (-26) (38)) of instance :DUT.\cont_debug_reg[22]  of module DFCNQD1BWP30P140 <../logical/results/gate_level/convolution_analysis_view_0p90v_25c_captyp_nominal.sdf, line 55646>.
xmelab: *W,SDFNET: Unable to annotate to non-existent timing check (RECREM (posedge CDN) (COND D_SDFCHK (posedge CP)) (-26) (38)) of instance :DUT.\cont_debug_reg[23]  of module DFCNQD1BWP30P140 <../logical/results/gate_level/convolution_analysis_view_0p90v_25c_captyp_nominal.sdf, line 55667>.
xmelab: *W,SDFNET: Unable to annotate to non-existent timing check (RECREM (posedge CDN) (COND D_SDFCHK (posedge CP)) (-26) (38)) of instance :DUT.\cont_debug_reg[24]  of module DFCNQD1BWP30P140 <../logical/results/gate_level/convolution_analysis_view_0p90v_25c_captyp_nominal.sdf, line 55688>.
xmelab: *W,SDFNET: Unable to annotate to non-existent timing check (RECREM (posedge CDN) (COND D_SDFCHK (posedge CP)) (-26) (38)) of instance :DUT.\cont_debug_reg[25]  of module DFCNQD1BWP30P140 <../logical/results/gate_level/convolution_analysis_view_0p90v_25c_captyp_nominal.sdf, line 55709>.
xmelab: *W,SDFNET: Unable to annotate to non-existent timing check (RECREM (posedge CDN) (COND D_SDFCHK (posedge CP)) (-26) (38)) of instance :DUT.\cont_debug_reg[26]  of module DFCNQD1BWP30P140 <../logical/results/gate_level/convolution_analysis_view_0p90v_25c_captyp_nominal.sdf, line 55730>.
xmelab: *W,SDFNET: Unable to annotate to non-existent timing check (RECREM (posedge CDN) (COND D_SDFCHK (posedge CP)) (-26) (38)) of instance :DUT.\cont_debug_reg[27]  of module DFCNQD1BWP30P140 <../logical/results/gate_level/convolution_analysis_view_0p90v_25c_captyp_nominal.sdf, line 55751>.
xmelab: *W,SDFNET: Unable to annotate to non-existent timing check (RECREM (posedge CDN) (COND D_SDFCHK (posedge CP)) (-26) (38)) of instance :DUT.\cont_debug_reg[28]  of module DFCNQD1BWP30P140 <../logical/results/gate_level/convolution_analysis_view_0p90v_25c_captyp_nominal.sdf, line 55772>.
xmelab: *W,SDFNET: Unable to annotate to non-existent timing check (RECREM (posedge CDN) (COND D_SDFCHK (posedge CP)) (-26) (38)) of instance :DUT.\cont_debug_reg[29]  of module DFCNQD1BWP30P140 <../logical/results/gate_level/convolution_analysis_view_0p90v_25c_captyp_nominal.sdf, line 55793>.
xmelab: *W,SDFNET: Unable to annotate to non-existent timing check (RECREM (posedge CDN) (COND D_SDFCHK (posedge CP)) (-26) (38)) of instance :DUT.\cont_debug_reg[30]  of module DFCNQD1BWP30P140 <../logical/results/gate_level/convolution_analysis_view_0p90v_25c_captyp_nominal.sdf, line 55814>.
xmelab: *W,SDFNET: Unable to annotate to non-existent timing check (RECREM (posedge CDN) (COND D_SDFCHK (posedge CP)) (-26) (38)) of instance :DUT.\cont_debug_reg[31]  of module DFCNQD1BWP30P140 <../logical/results/gate_level/convolution_analysis_view_0p90v_25c_captyp_nominal.sdf, line 55835>.
xmelab: *W,SDFNET: Unable to annotate to non-existent timing check (RECREM (posedge CDN) (COND D_SDFCHK (posedge CP)) (-26) (38)) of instance :DUT.\cont_iterations_reg[0]  of module DFCNQD1BWP30P140 <../logical/results/gate_level/convolution_analysis_view_0p90v_25c_captyp_nominal.sdf, line 55856>.
xmelab: *W,SDFNET: Unable to annotate to non-existent timing check (RECREM (posedge CDN) (COND D_SDFCHK (posedge CP)) (-26) (38)) of instance :DUT.\cont_iterations_reg[1]  of module DFCNQD1BWP30P140 <../logical/results/gate_level/convolution_analysis_view_0p90v_25c_captyp_nominal.sdf, line 55877>.
xmelab: *W,SDFNET: Unable to annotate to non-existent timing check (RECREM (posedge CDN) (COND D_SDFCHK (posedge CP)) (-26) (38)) of instance :DUT.\cont_iterations_reg[2]  of module DFCNQD1BWP30P140 <../logical/results/gate_level/convolution_analysis_view_0p90v_25c_captyp_nominal.sdf, line 55898>.
xmelab: *W,SDFNET: Unable to annotate to non-existent timing check (RECREM (posedge CDN) (COND D_SDFCHK (posedge CP)) (-26) (38)) of instance :DUT.\cont_iterations_reg[3]  of module DFCNQD1BWP30P140 <../logical/results/gate_level/convolution_analysis_view_0p90v_25c_captyp_nominal.sdf, line 55919>.
xmelab: *W,SDFNET: Unable to annotate to non-existent timing check (RECREM (posedge CDN) (COND D_SDFCHK (posedge CP)) (-26) (38)) of instance :DUT.\cont_steps_reg[0]  of module DFCNQD1BWP30P140 <../logical/results/gate_level/convolution_analysis_view_0p90v_25c_captyp_nominal.sdf, line 55940>.
