xrun(64): 23.03-s003: (c) Copyright 1995-2023 Cadence Design Systems, Inc.
TOOL:	xrun(64)	23.03-s003: Started on Jan 27, 2026 at 17:26:56 -03
xrun
	-access +rwc
	-input /sim/tarsio/acc_dse_env/synthesis/convolution/sim/shm.tcl
	-f args.txt
		-smartorder
		-work work
		-top tb
		-access +rw
		-maxdelays
		-sdf_cmd_file sdf_cmd.cmd
		-timescale 1ns/1ps
		/pdk/tsmc/PDK28/PDK_TSMC28_bv/tcbn28hpcplusbwp30p140_190a/TSMCHOME/digital/Front_End/verilog/tcbn28hpcplusbwp30p140_110a/tcbn28hpcplusbwp30p140.v
	-sv
	/sim/tarsio/acc_dse_env/rtl/convolution-split/syst2d_ws_split_stride1/tb_syst2d_ws_split_stride1_file_synth.vhd
	../logical/results/gate_level/convolution_logic_mapped.v
	-v200x
	/sim/tarsio/acc_dse_env/rtl/core/util_pkg.vhd
	/sim/tarsio/acc_dse_env/rtl/components/mac/mac.vhd
	/sim/tarsio/acc_dse_env/rtl/components/reg/reg.vhd
	/sim/tarsio/acc_dse_env/rtl/components/mem_file/mem_file.vhd
file: /pdk/tsmc/PDK28/PDK_TSMC28_bv/tcbn28hpcplusbwp30p140_190a/TSMCHOME/digital/Front_End/verilog/tcbn28hpcplusbwp30p140_110a/tcbn28hpcplusbwp30p140.v
	module work.AN2D0BWP30P140:v
		errors: 0, warnings: 0
	module work.AN2D16BWP30P140:v
		errors: 0, warnings: 0
	module work.AN2D1BWP30P140:v
		errors: 0, warnings: 0
	module work.AN2D2BWP30P140:v
		errors: 0, warnings: 0
	module work.AN2D4BWP30P140:v
		errors: 0, warnings: 0
	module work.AN2D6BWP30P140:v
		errors: 0, warnings: 0
	module work.AN2D8BWP30P140:v
		errors: 0, warnings: 0
	module work.AN3D0BWP30P140:v
		errors: 0, warnings: 0
	module work.AN3D16BWP30P140:v
		errors: 0, warnings: 0
	module work.AN3D1BWP30P140:v
		errors: 0, warnings: 0
	module work.AN3D2BWP30P140:v
		errors: 0, warnings: 0
	module work.AN3D4BWP30P140:v
		errors: 0, warnings: 0
	module work.AN3D6BWP30P140:v
		errors: 0, warnings: 0
	module work.AN3D8BWP30P140:v
		errors: 0, warnings: 0
	module work.AN4D0BWP30P140:v
		errors: 0, warnings: 0
	module work.AN4D1BWP30P140:v
		errors: 0, warnings: 0
	module work.AN4D2BWP30P140:v
		errors: 0, warnings: 0
	module work.AN4D4BWP30P140:v
		errors: 0, warnings: 0
	module work.AN4D8BWP30P140:v
		errors: 0, warnings: 0
	module work.ANTENNABWP30P140:v
		errors: 0, warnings: 0
	module work.AO211D0BWP30P140:v
		errors: 0, warnings: 0
	module work.AO211D1BWP30P140:v
		errors: 0, warnings: 0
	module work.AO211D2BWP30P140:v
		errors: 0, warnings: 0
	module work.AO211D4BWP30P140:v
		errors: 0, warnings: 0
	module work.AO21D0BWP30P140:v
		errors: 0, warnings: 0
	module work.AO21D1BWP30P140:v
		errors: 0, warnings: 0
	module work.AO21D2BWP30P140:v
		errors: 0, warnings: 0
	module work.AO21D4BWP30P140:v
		errors: 0, warnings: 0
	module work.AO22D0BWP30P140:v
		errors: 0, warnings: 0
	module work.AO22D16BWP30P140:v
		errors: 0, warnings: 0
	module work.AO22D1BWP30P140:v
		errors: 0, warnings: 0
	module work.AO22D2BWP30P140:v
		errors: 0, warnings: 0
	module work.AO22D4BWP30P140:v
		errors: 0, warnings: 0
	module work.AO22D6BWP30P140:v
		errors: 0, warnings: 0
	module work.AO22D8BWP30P140:v
		errors: 0, warnings: 0
	module work.AOI211D0BWP30P140:v
		errors: 0, warnings: 0
	module work.AOI211D16BWP30P140:v
		errors: 0, warnings: 0
	module work.AOI211D1BWP30P140:v
		errors: 0, warnings: 0
	module work.AOI211D2BWP30P140:v
		errors: 0, warnings: 0
	module work.AOI211D4BWP30P140:v
		errors: 0, warnings: 0
	module work.AOI211D6BWP30P140:v
		errors: 0, warnings: 0
	module work.AOI211D8BWP30P140:v
		errors: 0, warnings: 0
	module work.AOI211OPTREPBD12BWP30P140:v
		errors: 0, warnings: 0
	module work.AOI211OPTREPBD16BWP30P140:v
		errors: 0, warnings: 0
	module work.AOI211OPTREPBD1BWP30P140:v
		errors: 0, warnings: 0
	module work.AOI211OPTREPBD2BWP30P140:v
		errors: 0, warnings: 0
	module work.AOI211OPTREPBD4BWP30P140:v
		errors: 0, warnings: 0
	module work.AOI211OPTREPBD6BWP30P140:v
		errors: 0, warnings: 0
	module work.AOI211OPTREPBD8BWP30P140:v
		errors: 0, warnings: 0
	module work.AOI21D0BWP30P140:v
		errors: 0, warnings: 0
	module work.AOI21D0P7BWP30P140:v
		errors: 0, warnings: 0
	module work.AOI21D16BWP30P140:v
		errors: 0, warnings: 0
	module work.AOI21D1BWP30P140:v
		errors: 0, warnings: 0
	module work.AOI21D1P5BWP30P140:v
		errors: 0, warnings: 0
	module work.AOI21D2BWP30P140:v
		errors: 0, warnings: 0
	module work.AOI21D4BWP30P140:v
		errors: 0, warnings: 0
	module work.AOI21D6BWP30P140:v
		errors: 0, warnings: 0
	module work.AOI21D8BWP30P140:v
		errors: 0, warnings: 0
	module work.AOI21OPTREPBD12BWP30P140:v
		errors: 0, warnings: 0
	module work.AOI21OPTREPBD16BWP30P140:v
		errors: 0, warnings: 0
	module work.AOI21OPTREPBD1BWP30P140:v
		errors: 0, warnings: 0
	module work.AOI21OPTREPBD2BWP30P140:v
		errors: 0, warnings: 0
	module work.AOI21OPTREPBD4BWP30P140:v
		errors: 0, warnings: 0
	module work.AOI21OPTREPBD6BWP30P140:v
		errors: 0, warnings: 0
	module work.AOI21OPTREPBD8BWP30P140:v
		errors: 0, warnings: 0
	module work.AOI221D0BWP30P140:v
		errors: 0, warnings: 0
	module work.AOI221D1BWP30P140:v
		errors: 0, warnings: 0
	module work.AOI221D2BWP30P140:v
		errors: 0, warnings: 0
	module work.AOI221D4BWP30P140:v
		errors: 0, warnings: 0
	module work.AOI222D0BWP30P140:v
		errors: 0, warnings: 0
	module work.AOI222D1BWP30P140:v
		errors: 0, warnings: 0
	module work.AOI222D2BWP30P140:v
		errors: 0, warnings: 0
	module work.AOI222D4BWP30P140:v
		errors: 0, warnings: 0
	module work.AOI22D0BWP30P140:v
		errors: 0, warnings: 0
	module work.AOI22D0P7BWP30P140:v
		errors: 0, warnings: 0
	module work.AOI22D16BWP30P140:v
		errors: 0, warnings: 0
	module work.AOI22D1BWP30P140:v
		errors: 0, warnings: 0
	module work.AOI22D1P5BWP30P140:v
		errors: 0, warnings: 0
	module work.AOI22D2BWP30P140:v
		errors: 0, warnings: 0
	module work.AOI22D4BWP30P140:v
		errors: 0, warnings: 0
	module work.AOI22D6BWP30P140:v
		errors: 0, warnings: 0
	module work.AOI22D8BWP30P140:v
		errors: 0, warnings: 0
	module work.AOI31D0BWP30P140:v
		errors: 0, warnings: 0
	module work.AOI31D1BWP30P140:v
		errors: 0, warnings: 0
	module work.AOI31D2BWP30P140:v
		errors: 0, warnings: 0
	module work.AOI31D4BWP30P140:v
		errors: 0, warnings: 0
	module work.AOI32D0BWP30P140:v
		errors: 0, warnings: 0
	module work.AOI32D1BWP30P140:v
		errors: 0, warnings: 0
	module work.AOI32D2BWP30P140:v
		errors: 0, warnings: 0
	module work.AOI32D4BWP30P140:v
		errors: 0, warnings: 0
	module work.AOI33D0BWP30P140:v
		errors: 0, warnings: 0
	module work.AOI33D1BWP30P140:v
		errors: 0, warnings: 0
	module work.AOI33D2BWP30P140:v
		errors: 0, warnings: 0
	module work.AOI33D4BWP30P140:v
		errors: 0, warnings: 0
	module work.BHDBWP30P140:v
		errors: 0, warnings: 0
	module work.BOUNDARY_LEFTBWP30P140:v
		errors: 0, warnings: 0
	module work.BOUNDARY_RIGHTBWP30P140:v
		errors: 0, warnings: 0
	module work.BUFFD0BWP30P140:v
		errors: 0, warnings: 0
	module work.BUFFD0P7BWP30P140:v
		errors: 0, warnings: 0
	module work.BUFFD12BWP30P140:v
		errors: 0, warnings: 0
	module work.BUFFD16BWP30P140:v
		errors: 0, warnings: 0
	module work.BUFFD1BWP30P140:v
		errors: 0, warnings: 0
	module work.BUFFD1P5BWP30P140:v
		errors: 0, warnings: 0
	module work.BUFFD20BWP30P140:v
		errors: 0, warnings: 0
	module work.BUFFD24BWP30P140:v
		errors: 0, warnings: 0
	module work.BUFFD2BWP30P140:v
		errors: 0, warnings: 0
	module work.BUFFD3BWP30P140:v
		errors: 0, warnings: 0
	module work.BUFFD4BWP30P140:v
		errors: 0, warnings: 0
	module work.BUFFD6BWP30P140:v
		errors: 0, warnings: 0
	module work.BUFFD8BWP30P140:v
		errors: 0, warnings: 0
	module work.BUFTD12BWP30P140:v
		errors: 0, warnings: 0
	module work.BUFTD16BWP30P140:v
		errors: 0, warnings: 0
	module work.BUFTD20BWP30P140:v
		errors: 0, warnings: 0
	module work.BUFTD24BWP30P140:v
		errors: 0, warnings: 0
	module work.BUFTD4BWP30P140:v
		errors: 0, warnings: 0
	module work.BUFTD6BWP30P140:v
		errors: 0, warnings: 0
	module work.BUFTD8BWP30P140:v
		errors: 0, warnings: 0
	module work.CKAN2D0BWP30P140:v
		errors: 0, warnings: 0
	module work.CKAN2D1BWP30P140:v
		errors: 0, warnings: 0
	module work.CKAN2D2BWP30P140:v
		errors: 0, warnings: 0
	module work.CKAN2D4BWP30P140:v
		errors: 0, warnings: 0
	module work.CKAN2D8BWP30P140:v
		errors: 0, warnings: 0
	module work.CKBD0BWP30P140:v
		errors: 0, warnings: 0
	module work.CKBD12BWP30P140:v
		errors: 0, warnings: 0
	module work.CKBD16BWP30P140:v
		errors: 0, warnings: 0
	module work.CKBD1BWP30P140:v
		errors: 0, warnings: 0
	module work.CKBD20BWP30P140:v
		errors: 0, warnings: 0
	module work.CKBD24BWP30P140:v
		errors: 0, warnings: 0
	module work.CKBD2BWP30P140:v
		errors: 0, warnings: 0
	module work.CKBD3BWP30P140:v
		errors: 0, warnings: 0
	module work.CKBD4BWP30P140:v
		errors: 0, warnings: 0
	module work.CKBD6BWP30P140:v
		errors: 0, warnings: 0
	module work.CKBD8BWP30P140:v
		errors: 0, warnings: 0
	module work.CKLHQD12BWP30P140:v
		errors: 0, warnings: 0
	module work.CKLHQD16BWP30P140:v
		errors: 0, warnings: 0
	module work.CKLHQD1BWP30P140:v
		errors: 0, warnings: 0
	module work.CKLHQD20BWP30P140:v
		errors: 0, warnings: 0
	module work.CKLHQD24BWP30P140:v
		errors: 0, warnings: 0
	module work.CKLHQD2BWP30P140:v
		errors: 0, warnings: 0
	module work.CKLHQD3BWP30P140:v
		errors: 0, warnings: 0
	module work.CKLHQD4BWP30P140:v
		errors: 0, warnings: 0
	module work.CKLHQD6BWP30P140:v
		errors: 0, warnings: 0
	module work.CKLHQD8BWP30P140:v
		errors: 0, warnings: 0
	module work.CKLNQD12BWP30P140:v
		errors: 0, warnings: 0
	module work.CKLNQD16BWP30P140:v
		errors: 0, warnings: 0
	module work.CKLNQD1BWP30P140:v
		errors: 0, warnings: 0
	module work.CKLNQD20BWP30P140:v
		errors: 0, warnings: 0
	module work.CKLNQD24BWP30P140:v
		errors: 0, warnings: 0
	module work.CKLNQD2BWP30P140:v
		errors: 0, warnings: 0
	module work.CKLNQD3BWP30P140:v
		errors: 0, warnings: 0
	module work.CKLNQD4BWP30P140:v
		errors: 0, warnings: 0
	module work.CKLNQD6BWP30P140:v
		errors: 0, warnings: 0
	module work.CKLNQD8BWP30P140:v
		errors: 0, warnings: 0
	module work.CKLNQOPTMAD16BWP30P140:v
		errors: 0, warnings: 0
	module work.CKLNQOPTMAD4BWP30P140:v
		errors: 0, warnings: 0
	module work.CKLNQOPTMAD8BWP30P140:v
		errors: 0, warnings: 0
	module work.CKMUX2D0BWP30P140:v
		errors: 0, warnings: 0
	module work.CKMUX2D1BWP30P140:v
		errors: 0, warnings: 0
	module work.CKMUX2D2BWP30P140:v
		errors: 0, warnings: 0
	module work.CKMUX2D4BWP30P140:v
		errors: 0, warnings: 0
	module work.CKND0BWP30P140:v
		errors: 0, warnings: 0
	module work.CKND12BWP30P140:v
		errors: 0, warnings: 0
	module work.CKND16BWP30P140:v
		errors: 0, warnings: 0
	module work.CKND1BWP30P140:v
		errors: 0, warnings: 0
	module work.CKND20BWP30P140:v
		errors: 0, warnings: 0
	module work.CKND24BWP30P140:v
		errors: 0, warnings: 0
	module work.CKND2BWP30P140:v
		errors: 0, warnings: 0
	module work.CKND2D0BWP30P140:v
		errors: 0, warnings: 0
	module work.CKND2D1BWP30P140:v
		errors: 0, warnings: 0
	module work.CKND2D2BWP30P140:v
		errors: 0, warnings: 0
	module work.CKND2D3BWP30P140:v
		errors: 0, warnings: 0
	module work.CKND2D4BWP30P140:v
		errors: 0, warnings: 0
	module work.CKND2D8BWP30P140:v
		errors: 0, warnings: 0
	module work.CKND3BWP30P140:v
		errors: 0, warnings: 0
	module work.CKND4BWP30P140:v
		errors: 0, warnings: 0
	module work.CKND6BWP30P140:v
		errors: 0, warnings: 0
	module work.CKND8BWP30P140:v
		errors: 0, warnings: 0
	module work.CKXOR2D0BWP30P140:v
		errors: 0, warnings: 0
	module work.CKXOR2D1BWP30P140:v
		errors: 0, warnings: 0
	module work.CKXOR2D2BWP30P140:v
		errors: 0, warnings: 0
	module work.CKXOR2D4BWP30P140:v
		errors: 0, warnings: 0
	module work.DCAP16BWP30P140:v
		errors: 0, warnings: 0
	module work.DCAP32BWP30P140:v
		errors: 0, warnings: 0
	module work.DCAP4BWP30P140:v
		errors: 0, warnings: 0
	module work.DCAP64BWP30P140:v
		errors: 0, warnings: 0
	module work.DCAP8BWP30P140:v
		errors: 0, warnings: 0
	module work.DCCKBD12BWP30P140:v
		errors: 0, warnings: 0
	module work.DCCKBD16BWP30P140:v
		errors: 0, warnings: 0
	module work.DCCKBD20BWP30P140:v
		errors: 0, warnings: 0
	module work.DCCKBD4BWP30P140:v
		errors: 0, warnings: 0
	module work.DCCKBD8BWP30P140:v
		errors: 0, warnings: 0
	module work.DCCKND12BWP30P140:v
		errors: 0, warnings: 0
	module work.DCCKND16BWP30P140:v
		errors: 0, warnings: 0
	module work.DCCKND20BWP30P140:v
		errors: 0, warnings: 0
	module work.DCCKND4BWP30P140:v
		errors: 0, warnings: 0
	module work.DCCKND8BWP30P140:v
		errors: 0, warnings: 0
	module work.DEL025D1BWP30P140:v
		errors: 0, warnings: 0
	module work.DEL050MD1BWP30P140:v
		errors: 0, warnings: 0
	module work.DEL075MD1BWP30P140:v
		errors: 0, warnings: 0
	module work.DEL100MD1BWP30P140:v
		errors: 0, warnings: 0
	module work.DEL150MD1BWP30P140:v
		errors: 0, warnings: 0
	module work.DEL200MD1BWP30P140:v
		errors: 0, warnings: 0
	module work.DEL250MD1BWP30P140:v
		errors: 0, warnings: 0
	module work.DFCND1BWP30P140:v
		errors: 0, warnings: 0
	module work.DFCND2BWP30P140:v
		errors: 0, warnings: 0
	module work.DFCND4BWP30P140:v
		errors: 0, warnings: 0
	module work.DFCNQD1BWP30P140:v
		errors: 0, warnings: 0
	module work.DFCNQD2BWP30P140:v
		errors: 0, warnings: 0
	module work.DFCNQD4BWP30P140:v
		errors: 0, warnings: 0
	module work.DFCSND1BWP30P140:v
		errors: 0, warnings: 0
	module work.DFCSND2BWP30P140:v
		errors: 0, warnings: 0
	module work.DFCSND4BWP30P140:v
		errors: 0, warnings: 0
	module work.DFCSNQD1BWP30P140:v
		errors: 0, warnings: 0
	module work.DFCSNQD2BWP30P140:v
		errors: 0, warnings: 0
	module work.DFCSNQD4BWP30P140:v
		errors: 0, warnings: 0
	module work.DFD1BWP30P140:v
		errors: 0, warnings: 0
	module work.DFD2BWP30P140:v
		errors: 0, warnings: 0
	module work.DFD4BWP30P140:v
		errors: 0, warnings: 0
	module work.DFKCND1BWP30P140:v
		errors: 0, warnings: 0
	module work.DFKCND2BWP30P140:v
		errors: 0, warnings: 0
	module work.DFKCND4BWP30P140:v
		errors: 0, warnings: 0
	module work.DFKCNQD1BWP30P140:v
		errors: 0, warnings: 0
	module work.DFKCNQD2BWP30P140:v
		errors: 0, warnings: 0
	module work.DFKCNQD4BWP30P140:v
		errors: 0, warnings: 0
	module work.DFKCSND1BWP30P140:v
		errors: 0, warnings: 0
	module work.DFKCSND2BWP30P140:v
		errors: 0, warnings: 0
	module work.DFKCSND4BWP30P140:v
		errors: 0, warnings: 0
	module work.DFKSND1BWP30P140:v
		errors: 0, warnings: 0
	module work.DFKSND2BWP30P140:v
		errors: 0, warnings: 0
	module work.DFKSND4BWP30P140:v
		errors: 0, warnings: 0
	module work.DFMD1BWP30P140:v
		errors: 0, warnings: 0
	module work.DFMD2BWP30P140:v
		errors: 0, warnings: 0
	module work.DFMD4BWP30P140:v
		errors: 0, warnings: 0
	module work.DFMQD1BWP30P140:v
		errors: 0, warnings: 0
	module work.DFMQD2BWP30P140:v
		errors: 0, warnings: 0
	module work.DFMQD4BWP30P140:v
		errors: 0, warnings: 0
	module work.DFNCND1BWP30P140:v
		errors: 0, warnings: 0
	module work.DFNCND2BWP30P140:v
		errors: 0, warnings: 0
	module work.DFNCND4BWP30P140:v
		errors: 0, warnings: 0
	module work.DFNCSND1BWP30P140:v
		errors: 0, warnings: 0
	module work.DFNCSND2BWP30P140:v
		errors: 0, warnings: 0
	module work.DFNCSND4BWP30P140:v
		errors: 0, warnings: 0
	module work.DFND1BWP30P140:v
		errors: 0, warnings: 0
	module work.DFND2BWP30P140:v
		errors: 0, warnings: 0
	module work.DFND4BWP30P140:v
		errors: 0, warnings: 0
	module work.DFNSND1BWP30P140:v
		errors: 0, warnings: 0
	module work.DFNSND2BWP30P140:v
		errors: 0, warnings: 0
	module work.DFNSND4BWP30P140:v
		errors: 0, warnings: 0
	module work.DFQD1BWP30P140:v
		errors: 0, warnings: 0
	module work.DFQD2BWP30P140:v
		errors: 0, warnings: 0
	module work.DFQD4BWP30P140:v
		errors: 0, warnings: 0
	module work.DFSND1BWP30P140:v
		errors: 0, warnings: 0
	module work.DFSND2BWP30P140:v
		errors: 0, warnings: 0
	module work.DFSND4BWP30P140:v
		errors: 0, warnings: 0
	module work.DFSNQD1BWP30P140:v
		errors: 0, warnings: 0
	module work.DFSNQD2BWP30P140:v
		errors: 0, warnings: 0
	module work.DFSNQD4BWP30P140:v
		errors: 0, warnings: 0
	module work.EDFCND1BWP30P140:v
		errors: 0, warnings: 0
	module work.EDFCND2BWP30P140:v
		errors: 0, warnings: 0
	module work.EDFCND4BWP30P140:v
		errors: 0, warnings: 0
	module work.EDFCNQD1BWP30P140:v
		errors: 0, warnings: 0
	module work.EDFCNQD2BWP30P140:v
		errors: 0, warnings: 0
	module work.EDFCNQD4BWP30P140:v
		errors: 0, warnings: 0
	module work.EDFD1BWP30P140:v
		errors: 0, warnings: 0
	module work.EDFD2BWP30P140:v
		errors: 0, warnings: 0
	module work.EDFD4BWP30P140:v
		errors: 0, warnings: 0
	module work.EDFQD1BWP30P140:v
		errors: 0, warnings: 0
	module work.EDFQD2BWP30P140:v
		errors: 0, warnings: 0
	module work.EDFQD4BWP30P140:v
		errors: 0, warnings: 0
	module work.FA1D0BWP30P140:v
		errors: 0, warnings: 0
	module work.FA1D1BWP30P140:v
		errors: 0, warnings: 0
	module work.FA1D2BWP30P140:v
		errors: 0, warnings: 0
	module work.FA1D4BWP30P140:v
		errors: 0, warnings: 0
	module work.FA1OPTCD1BWP30P140:v
		errors: 0, warnings: 0
	module work.FA1OPTCD2BWP30P140:v
		errors: 0, warnings: 0
	module work.FA1OPTSD1BWP30P140:v
		errors: 0, warnings: 0
	module work.FA1OPTSD2BWP30P140:v
		errors: 0, warnings: 0
	module work.FILL16BWP30P140:v
		errors: 0, warnings: 0
	module work.FILL2BWP30P140:v
		errors: 0, warnings: 0
	module work.FILL32BWP30P140:v
		errors: 0, warnings: 0
	module work.FILL3BWP30P140:v
		errors: 0, warnings: 0
	module work.FILL4BWP30P140:v
		errors: 0, warnings: 0
	module work.FILL64BWP30P140:v
		errors: 0, warnings: 0
	module work.FILL8BWP30P140:v
		errors: 0, warnings: 0
	module work.GAN2D1BWP30P140:v
		errors: 0, warnings: 0
	module work.GAN2D2BWP30P140:v
		errors: 0, warnings: 0
	module work.GAN2MCOD1BWP30P140:v
		errors: 0, warnings: 0
	module work.GAN2MCOD2BWP30P140:v
		errors: 0, warnings: 0
	module work.GAOI21D1BWP30P140:v
		errors: 0, warnings: 0
	module work.GAOI21D2BWP30P140:v
		errors: 0, warnings: 0
	module work.GAOI21MCOD1BWP30P140:v
		errors: 0, warnings: 0
	module work.GAOI21MCOD2BWP30P140:v
		errors: 0, warnings: 0
	module work.GAOI22D1BWP30P140:v
		errors: 0, warnings: 0
	module work.GAOI22MCOD1BWP30P140:v
		errors: 0, warnings: 0
	module work.GBUFFD1BWP30P140:v
		errors: 0, warnings: 0
	module work.GBUFFD2BWP30P140:v
		errors: 0, warnings: 0
	module work.GBUFFD3BWP30P140:v
		errors: 0, warnings: 0
	module work.GBUFFD4BWP30P140:v
		errors: 0, warnings: 0
	module work.GBUFFD8BWP30P140:v
		errors: 0, warnings: 0
	module work.GBUFFMCOD1BWP30P140:v
		errors: 0, warnings: 0
	module work.GBUFFMCOD2BWP30P140:v
		errors: 0, warnings: 0
	module work.GBUFFMCOD3BWP30P140:v
		errors: 0, warnings: 0
	module work.GBUFFMCOD4BWP30P140:v
		errors: 0, warnings: 0
	module work.GBUFFMCOD8BWP30P140:v
		errors: 0, warnings: 0
	module work.GDCAP10BWP30P140:v
		errors: 0, warnings: 0
	module work.GDCAP10MCOBWP30P140:v
		errors: 0, warnings: 0
	module work.GDCAP12BWP30P140:v
		errors: 0, warnings: 0
	module work.GDCAP12MCOBWP30P140:v
		errors: 0, warnings: 0
	module work.GDCAP2BWP30P140:v
		errors: 0, warnings: 0
	module work.GDCAP2MCOBWP30P140:v
		errors: 0, warnings: 0
	module work.GDCAP3BWP30P140:v
		errors: 0, warnings: 0
	module work.GDCAP3MCOBWP30P140:v
		errors: 0, warnings: 0
	module work.GDCAP4BWP30P140:v
		errors: 0, warnings: 0
	module work.GDCAP4MCOBWP30P140:v
		errors: 0, warnings: 0
	module work.GDCAPBWP30P140:v
		errors: 0, warnings: 0
	module work.GDCAPMCOBWP30P140:v
		errors: 0, warnings: 0
	module work.GDFCNQD1BWP30P140:v
		errors: 0, warnings: 0
	module work.GDFCNQMCOD1BWP30P140:v
		errors: 0, warnings: 0
	module work.GDFQD1BWP30P140:v
		errors: 0, warnings: 0
	module work.GDFQMCOD1BWP30P140:v
		errors: 0, warnings: 0
	module work.GFILL10BWP30P140:v
		errors: 0, warnings: 0
	module work.GFILL10MCOBWP30P140:v
		errors: 0, warnings: 0
	module work.GFILL12BWP30P140:v
		errors: 0, warnings: 0
	module work.GFILL12MCOBWP30P140:v
		errors: 0, warnings: 0
	module work.GFILL2BWP30P140:v
		errors: 0, warnings: 0
	module work.GFILL2MCOBWP30P140:v
		errors: 0, warnings: 0
	module work.GFILL3BWP30P140:v
		errors: 0, warnings: 0
	module work.GFILL3MCOBWP30P140:v
		errors: 0, warnings: 0
	module work.GFILL4BWP30P140:v
		errors: 0, warnings: 0
	module work.GFILL4MCOBWP30P140:v
		errors: 0, warnings: 0
	module work.GFILLBWP30P140:v
		errors: 0, warnings: 0
	module work.GFILLMCOBWP30P140:v
		errors: 0, warnings: 0
	module work.GINVD1BWP30P140:v
		errors: 0, warnings: 0
	module work.GINVD2BWP30P140:v
		errors: 0, warnings: 0
	module work.GINVD3BWP30P140:v
		errors: 0, warnings: 0
	module work.GINVD4BWP30P140:v
		errors: 0, warnings: 0
	module work.GINVD8BWP30P140:v
		errors: 0, warnings: 0
	module work.GINVMCOD1BWP30P140:v
		errors: 0, warnings: 0
	module work.GINVMCOD2BWP30P140:v
		errors: 0, warnings: 0
	module work.GINVMCOD3BWP30P140:v
		errors: 0, warnings: 0
	module work.GINVMCOD4BWP30P140:v
		errors: 0, warnings: 0
	module work.GINVMCOD8BWP30P140:v
		errors: 0, warnings: 0
	module work.GMUX2D1BWP30P140:v
		errors: 0, warnings: 0
	module work.GMUX2D2BWP30P140:v
		errors: 0, warnings: 0
	module work.GMUX2MCOD1BWP30P140:v
		errors: 0, warnings: 0
	module work.GMUX2MCOD2BWP30P140:v
		errors: 0, warnings: 0
	module work.GMUX2ND1BWP30P140:v
		errors: 0, warnings: 0
	module work.GMUX2ND2BWP30P140:v
		errors: 0, warnings: 0
	module work.GMUX2NMCOD1BWP30P140:v
		errors: 0, warnings: 0
	module work.GMUX2NMCOD2BWP30P140:v
		errors: 0, warnings: 0
	module work.GND2D1BWP30P140:v
		errors: 0, warnings: 0
	module work.GND2D2BWP30P140:v
		errors: 0, warnings: 0
	module work.GND2D3BWP30P140:v
		errors: 0, warnings: 0
	module work.GND2D4BWP30P140:v
		errors: 0, warnings: 0
	module work.GND2MCOD1BWP30P140:v
		errors: 0, warnings: 0
	module work.GND2MCOD2BWP30P140:v
		errors: 0, warnings: 0
	module work.GND2MCOD3BWP30P140:v
		errors: 0, warnings: 0
	module work.GND2MCOD4BWP30P140:v
		errors: 0, warnings: 0
	module work.GND3D1BWP30P140:v
		errors: 0, warnings: 0
	module work.GND3D2BWP30P140:v
		errors: 0, warnings: 0
	module work.GND3MCOD1BWP30P140:v
		errors: 0, warnings: 0
	module work.GND3MCOD2BWP30P140:v
		errors: 0, warnings: 0
	module work.GNR2D1BWP30P140:v
		errors: 0, warnings: 0
	module work.GNR2D2BWP30P140:v
		errors: 0, warnings: 0
	module work.GNR2MCOD1BWP30P140:v
		errors: 0, warnings: 0
	module work.GNR2MCOD2BWP30P140:v
		errors: 0, warnings: 0
	module work.GNR3D1BWP30P140:v
		errors: 0, warnings: 0
	module work.GNR3D2BWP30P140:v
		errors: 0, warnings: 0
	module work.GNR3MCOD1BWP30P140:v
		errors: 0, warnings: 0
	module work.GNR3MCOD2BWP30P140:v
		errors: 0, warnings: 0
	module work.GOAI21D1BWP30P140:v
		errors: 0, warnings: 0
	module work.GOAI21D2BWP30P140:v
		errors: 0, warnings: 0
	module work.GOAI21MCOD1BWP30P140:v
		errors: 0, warnings: 0
	module work.GOAI21MCOD2BWP30P140:v
		errors: 0, warnings: 0
	module work.GOR2D1BWP30P140:v
		errors: 0, warnings: 0
	module work.GOR2D2BWP30P140:v
		errors: 0, warnings: 0
	module work.GOR2MCOD1BWP30P140:v
		errors: 0, warnings: 0
	module work.GOR2MCOD2BWP30P140:v
		errors: 0, warnings: 0
	module work.GSDFCNQD1BWP30P140:v
		errors: 0, warnings: 0
	module work.GSDFCNQMCOD1BWP30P140:v
		errors: 0, warnings: 0
	module work.GTIEHBWP30P140:v
		errors: 0, warnings: 0
	module work.GTIEHMCOBWP30P140:v
		errors: 0, warnings: 0
	module work.GTIELBWP30P140:v
		errors: 0, warnings: 0
	module work.GTIELMCOBWP30P140:v
		errors: 0, warnings: 0
	module work.GXNR2D1BWP30P140:v
		errors: 0, warnings: 0
	module work.GXNR2D2BWP30P140:v
		errors: 0, warnings: 0
	module work.GXNR2MCOD1BWP30P140:v
		errors: 0, warnings: 0
	module work.GXNR2MCOD2BWP30P140:v
		errors: 0, warnings: 0
	module work.GXOR2D1BWP30P140:v
		errors: 0, warnings: 0
	module work.GXOR2D2BWP30P140:v
		errors: 0, warnings: 0
	module work.GXOR2MCOD1BWP30P140:v
		errors: 0, warnings: 0
	module work.GXOR2MCOD2BWP30P140:v
		errors: 0, warnings: 0
	module work.HA1D0BWP30P140:v
		errors: 0, warnings: 0
	module work.HA1D1BWP30P140:v
		errors: 0, warnings: 0
	module work.HA1D2BWP30P140:v
		errors: 0, warnings: 0
	module work.HA1D4BWP30P140:v
		errors: 0, warnings: 0
	module work.IAO21D0BWP30P140:v
		errors: 0, warnings: 0
	module work.IAO21D1BWP30P140:v
		errors: 0, warnings: 0
	module work.IAO21D2BWP30P140:v
		errors: 0, warnings: 0
	module work.IAO21D4BWP30P140:v
		errors: 0, warnings: 0
	module work.IAO22D0BWP30P140:v
		errors: 0, warnings: 0
	module work.IAO22D1BWP30P140:v
		errors: 0, warnings: 0
	module work.IAO22D2BWP30P140:v
		errors: 0, warnings: 0
	module work.IAO22D4BWP30P140:v
		errors: 0, warnings: 0
	module work.IND2D0BWP30P140:v
		errors: 0, warnings: 0
	module work.IND2D16BWP30P140:v
		errors: 0, warnings: 0
	module work.IND2D1BWP30P140:v
		errors: 0, warnings: 0
	module work.IND2D2BWP30P140:v
		errors: 0, warnings: 0
	module work.IND2D4BWP30P140:v
		errors: 0, warnings: 0
	module work.IND2D6BWP30P140:v
		errors: 0, warnings: 0
	module work.IND2D8BWP30P140:v
		errors: 0, warnings: 0
	module work.IND3D0BWP30P140:v
		errors: 0, warnings: 0
	module work.IND3D16BWP30P140:v
		errors: 0, warnings: 0
	module work.IND3D1BWP30P140:v
		errors: 0, warnings: 0
	module work.IND3D2BWP30P140:v
		errors: 0, warnings: 0
	module work.IND3D4BWP30P140:v
		errors: 0, warnings: 0
	module work.IND3D6BWP30P140:v
		errors: 0, warnings: 0
	module work.IND3D8BWP30P140:v
		errors: 0, warnings: 0
	module work.IND4D0BWP30P140:v
		errors: 0, warnings: 0
	module work.IND4D1BWP30P140:v
		errors: 0, warnings: 0
	module work.IND4D2BWP30P140:v
		errors: 0, warnings: 0
	module work.IND4D4BWP30P140:v
		errors: 0, warnings: 0
	module work.INR2D0BWP30P140:v
		errors: 0, warnings: 0
	module work.INR2D16BWP30P140:v
		errors: 0, warnings: 0
	module work.INR2D1BWP30P140:v
		errors: 0, warnings: 0
	module work.INR2D2BWP30P140:v
		errors: 0, warnings: 0
	module work.INR2D4BWP30P140:v
		errors: 0, warnings: 0
	module work.INR2D6BWP30P140:v
		errors: 0, warnings: 0
	module work.INR2D8BWP30P140:v
		errors: 0, warnings: 0
	module work.INR3D0BWP30P140:v
		errors: 0, warnings: 0
	module work.INR3D16BWP30P140:v
		errors: 0, warnings: 0
	module work.INR3D1BWP30P140:v
		errors: 0, warnings: 0
	module work.INR3D2BWP30P140:v
		errors: 0, warnings: 0
	module work.INR3D4BWP30P140:v
		errors: 0, warnings: 0
	module work.INR3D6BWP30P140:v
		errors: 0, warnings: 0
	module work.INR3D8BWP30P140:v
		errors: 0, warnings: 0
	module work.INR4D0BWP30P140:v
		errors: 0, warnings: 0
	module work.INR4D1BWP30P140:v
		errors: 0, warnings: 0
	module work.INR4D2BWP30P140:v
		errors: 0, warnings: 0
	module work.INR4D4BWP30P140:v
		errors: 0, warnings: 0
	module work.INVD0BWP30P140:v
		errors: 0, warnings: 0
	module work.INVD0P7BWP30P140:v
		errors: 0, warnings: 0
	module work.INVD12BWP30P140:v
		errors: 0, warnings: 0
	module work.INVD15BWP30P140:v
		errors: 0, warnings: 0
	module work.INVD16BWP30P140:v
		errors: 0, warnings: 0
	module work.INVD18BWP30P140:v
		errors: 0, warnings: 0
	module work.INVD1BWP30P140:v
		errors: 0, warnings: 0
	module work.INVD1P5BWP30P140:v
		errors: 0, warnings: 0
	module work.INVD20BWP30P140:v
		errors: 0, warnings: 0
	module work.INVD21BWP30P140:v
		errors: 0, warnings: 0
	module work.INVD24BWP30P140:v
		errors: 0, warnings: 0
	module work.INVD2BWP30P140:v
		errors: 0, warnings: 0
	module work.INVD32BWP30P140:v
		errors: 0, warnings: 0
	module work.INVD3BWP30P140:v
		errors: 0, warnings: 0
	module work.INVD4BWP30P140:v
		errors: 0, warnings: 0
	module work.INVD6BWP30P140:v
		errors: 0, warnings: 0
	module work.INVD8BWP30P140:v
		errors: 0, warnings: 0
	module work.INVD9BWP30P140:v
		errors: 0, warnings: 0
	module work.IOA21D0BWP30P140:v
		errors: 0, warnings: 0
	module work.IOA21D1BWP30P140:v
		errors: 0, warnings: 0
	module work.IOA21D2BWP30P140:v
		errors: 0, warnings: 0
	module work.IOA21D4BWP30P140:v
		errors: 0, warnings: 0
	module work.IOA22D0BWP30P140:v
		errors: 0, warnings: 0
	module work.IOA22D1BWP30P140:v
		errors: 0, warnings: 0
	module work.IOA22D2BWP30P140:v
		errors: 0, warnings: 0
	module work.IOA22D4BWP30P140:v
		errors: 0, warnings: 0
	module work.LHCNDD1BWP30P140:v
		errors: 0, warnings: 0
	module work.LHCNDD2BWP30P140:v
		errors: 0, warnings: 0
	module work.LHCNDD4BWP30P140:v
		errors: 0, warnings: 0
	module work.LHCNDQD1BWP30P140:v
		errors: 0, warnings: 0
	module work.LHCNDQD2BWP30P140:v
		errors: 0, warnings: 0
	module work.LHCNDQD4BWP30P140:v
		errors: 0, warnings: 0
	module work.LHCSNDD1BWP30P140:v
		errors: 0, warnings: 0
	module work.LHCSNDD2BWP30P140:v
		errors: 0, warnings: 0
	module work.LHCSNDD4BWP30P140:v
		errors: 0, warnings: 0
	module work.LHCSNDQD1BWP30P140:v
		errors: 0, warnings: 0
	module work.LHCSNDQD2BWP30P140:v
		errors: 0, warnings: 0
	module work.LHCSNDQD4BWP30P140:v
		errors: 0, warnings: 0
	module work.LHD1BWP30P140:v
		errors: 0, warnings: 0
	module work.LHD2BWP30P140:v
		errors: 0, warnings: 0
	module work.LHD4BWP30P140:v
		errors: 0, warnings: 0
	module work.LHQD1BWP30P140:v
		errors: 0, warnings: 0
	module work.LHQD2BWP30P140:v
		errors: 0, warnings: 0
	module work.LHQD4BWP30P140:v
		errors: 0, warnings: 0
	module work.LHQOPTDAD1BWP30P140:v
		errors: 0, warnings: 0
	module work.LHQOPTDAD2BWP30P140:v
		errors: 0, warnings: 0
	module work.LHQOPTDAD4BWP30P140:v
		errors: 0, warnings: 0
	module work.LHQOPTDAD8BWP30P140:v
		errors: 0, warnings: 0
	module work.LHSNDD1BWP30P140:v
		errors: 0, warnings: 0
	module work.LHSNDD2BWP30P140:v
		errors: 0, warnings: 0
	module work.LHSNDD4BWP30P140:v
		errors: 0, warnings: 0
	module work.LHSNDQD1BWP30P140:v
		errors: 0, warnings: 0
	module work.LHSNDQD2BWP30P140:v
		errors: 0, warnings: 0
	module work.LHSNDQD4BWP30P140:v
		errors: 0, warnings: 0
	module work.LNCNDD1BWP30P140:v
		errors: 0, warnings: 0
	module work.LNCNDD2BWP30P140:v
		errors: 0, warnings: 0
	module work.LNCNDD4BWP30P140:v
		errors: 0, warnings: 0
	module work.LNCNDQD1BWP30P140:v
		errors: 0, warnings: 0
	module work.LNCNDQD2BWP30P140:v
		errors: 0, warnings: 0
	module work.LNCNDQD4BWP30P140:v
		errors: 0, warnings: 0
	module work.LNCSNDD1BWP30P140:v
		errors: 0, warnings: 0
	module work.LNCSNDD2BWP30P140:v
		errors: 0, warnings: 0
	module work.LNCSNDD4BWP30P140:v
		errors: 0, warnings: 0
	module work.LNCSNDQD1BWP30P140:v
		errors: 0, warnings: 0
	module work.LNCSNDQD2BWP30P140:v
		errors: 0, warnings: 0
	module work.LNCSNDQD4BWP30P140:v
		errors: 0, warnings: 0
	module work.LND1BWP30P140:v
		errors: 0, warnings: 0
	module work.LND2BWP30P140:v
		errors: 0, warnings: 0
	module work.LND4BWP30P140:v
		errors: 0, warnings: 0
	module work.LNQD1BWP30P140:v
		errors: 0, warnings: 0
	module work.LNQD2BWP30P140:v
		errors: 0, warnings: 0
	module work.LNQD4BWP30P140:v
		errors: 0, warnings: 0
	module work.LNSNDD1BWP30P140:v
		errors: 0, warnings: 0
	module work.LNSNDD2BWP30P140:v
		errors: 0, warnings: 0
	module work.LNSNDD4BWP30P140:v
		errors: 0, warnings: 0
	module work.LNSNDQD1BWP30P140:v
		errors: 0, warnings: 0
	module work.LNSNDQD2BWP30P140:v
		errors: 0, warnings: 0
	module work.LNSNDQD4BWP30P140:v
		errors: 0, warnings: 0
	module work.MAOI222D0BWP30P140:v
		errors: 0, warnings: 0
	module work.MAOI222D1BWP30P140:v
		errors: 0, warnings: 0
	module work.MAOI222D2BWP30P140:v
		errors: 0, warnings: 0
	module work.MAOI222D4BWP30P140:v
		errors: 0, warnings: 0
	module work.MAOI22D0BWP30P140:v
		errors: 0, warnings: 0
	module work.MAOI22D1BWP30P140:v
		errors: 0, warnings: 0
	module work.MAOI22D2BWP30P140:v
		errors: 0, warnings: 0
	module work.MAOI22D4BWP30P140:v
		errors: 0, warnings: 0
	module work.MOAI22D0BWP30P140:v
		errors: 0, warnings: 0
	module work.MOAI22D1BWP30P140:v
		errors: 0, warnings: 0
	module work.MOAI22D2BWP30P140:v
		errors: 0, warnings: 0
	module work.MOAI22D4BWP30P140:v
		errors: 0, warnings: 0
	module work.MUX2D0BWP30P140:v
		errors: 0, warnings: 0
	module work.MUX2D1BWP30P140:v
		errors: 0, warnings: 0
	module work.MUX2D2BWP30P140:v
		errors: 0, warnings: 0
	module work.MUX2D4BWP30P140:v
		errors: 0, warnings: 0
	module work.MUX2ND0BWP30P140:v
		errors: 0, warnings: 0
	module work.MUX2ND1BWP30P140:v
		errors: 0, warnings: 0
	module work.MUX2ND2BWP30P140:v
		errors: 0, warnings: 0
	module work.MUX2ND4BWP30P140:v
		errors: 0, warnings: 0
	module work.MUX2NOPTD2BWP30P140:v
		errors: 0, warnings: 0
	module work.MUX2NOPTD4BWP30P140:v
		errors: 0, warnings: 0
	module work.MUX2NOPTD6BWP30P140:v
		errors: 0, warnings: 0
	module work.MUX2NOPTD8BWP30P140:v
		errors: 0, warnings: 0
	module work.MUX2NUD1BWP30P140:v
		errors: 0, warnings: 0
	module work.MUX2OPTD12BWP30P140:v
		errors: 0, warnings: 0
	module work.MUX2OPTD2BWP30P140:v
		errors: 0, warnings: 0
	module work.MUX2OPTD4BWP30P140:v
		errors: 0, warnings: 0
	module work.MUX2OPTD6BWP30P140:v
		errors: 0, warnings: 0
	module work.MUX2OPTD8BWP30P140:v
		errors: 0, warnings: 0
	module work.MUX3D0BWP30P140:v
		errors: 0, warnings: 0
	module work.MUX3D1BWP30P140:v
		errors: 0, warnings: 0
	module work.MUX3D2BWP30P140:v
		errors: 0, warnings: 0
	module work.MUX3D4BWP30P140:v
		errors: 0, warnings: 0
	module work.MUX3ND0BWP30P140:v
		errors: 0, warnings: 0
	module work.MUX3ND1BWP30P140:v
		errors: 0, warnings: 0
	module work.MUX3ND2BWP30P140:v
		errors: 0, warnings: 0
	module work.MUX3ND4BWP30P140:v
		errors: 0, warnings: 0
	module work.MUX3NUD1BWP30P140:v
		errors: 0, warnings: 0
	module work.MUX4D0BWP30P140:v
		errors: 0, warnings: 0
	module work.MUX4D1BWP30P140:v
		errors: 0, warnings: 0
	module work.MUX4D2BWP30P140:v
		errors: 0, warnings: 0
	module work.MUX4D4BWP30P140:v
		errors: 0, warnings: 0
	module work.MUX4ND0BWP30P140:v
		errors: 0, warnings: 0
	module work.MUX4ND1BWP30P140:v
		errors: 0, warnings: 0
	module work.MUX4ND2BWP30P140:v
		errors: 0, warnings: 0
	module work.MUX4ND4BWP30P140:v
		errors: 0, warnings: 0
	module work.ND2D0BWP30P140:v
		errors: 0, warnings: 0
	module work.ND2D0P7BWP30P140:v
		errors: 0, warnings: 0
	module work.ND2D16BWP30P140:v
		errors: 0, warnings: 0
	module work.ND2D1BWP30P140:v
		errors: 0, warnings: 0
	module work.ND2D1P5BWP30P140:v
		errors: 0, warnings: 0
	module work.ND2D2BWP30P140:v
		errors: 0, warnings: 0
	module work.ND2D3BWP30P140:v
		errors: 0, warnings: 0
	module work.ND2D4BWP30P140:v
		errors: 0, warnings: 0
	module work.ND2D6BWP30P140:v
		errors: 0, warnings: 0
	module work.ND2D8BWP30P140:v
		errors: 0, warnings: 0
	module work.ND2OPTD12BWP30P140:v
		errors: 0, warnings: 0
	module work.ND2OPTD20BWP30P140:v
		errors: 0, warnings: 0
	module work.ND2OPTD6BWP30P140:v
		errors: 0, warnings: 0
	module work.ND2OPTIBD12BWP30P140:v
		errors: 0, warnings: 0
	module work.ND2OPTIBD16BWP30P140:v
		errors: 0, warnings: 0
	module work.ND2OPTIBD1BWP30P140:v
		errors: 0, warnings: 0
	module work.ND2OPTIBD20BWP30P140:v
		errors: 0, warnings: 0
	module work.ND2OPTIBD24BWP30P140:v
		errors: 0, warnings: 0
	module work.ND2OPTIBD2BWP30P140:v
		errors: 0, warnings: 0
	module work.ND2OPTIBD4BWP30P140:v
		errors: 0, warnings: 0
	module work.ND2OPTIBD6BWP30P140:v
		errors: 0, warnings: 0
	module work.ND2OPTIBD8BWP30P140:v
		errors: 0, warnings: 0
	module work.ND2OPTPAD12BWP30P140:v
		errors: 0, warnings: 0
	module work.ND2OPTPAD16BWP30P140:v
		errors: 0, warnings: 0
	module work.ND2OPTPAD1BWP30P140:v
		errors: 0, warnings: 0
	module work.ND2OPTPAD20BWP30P140:v
		errors: 0, warnings: 0
	module work.ND2OPTPAD2BWP30P140:v
		errors: 0, warnings: 0
	module work.ND2OPTPAD4BWP30P140:v
		errors: 0, warnings: 0
	module work.ND2OPTPAD6BWP30P140:v
		errors: 0, warnings: 0
	module work.ND2OPTPAD8BWP30P140:v
		errors: 0, warnings: 0
	module work.ND3D0BWP30P140:v
		errors: 0, warnings: 0
	module work.ND3D0P7BWP30P140:v
		errors: 0, warnings: 0
	module work.ND3D16BWP30P140:v
		errors: 0, warnings: 0
	module work.ND3D1BWP30P140:v
		errors: 0, warnings: 0
	module work.ND3D1P5BWP30P140:v
		errors: 0, warnings: 0
	module work.ND3D2BWP30P140:v
		errors: 0, warnings: 0
	module work.ND3D3BWP30P140:v
		errors: 0, warnings: 0
	module work.ND3D4BWP30P140:v
		errors: 0, warnings: 0
	module work.ND3D6BWP30P140:v
		errors: 0, warnings: 0
	module work.ND3D8BWP30P140:v
		errors: 0, warnings: 0
	module work.ND3OPTD12BWP30P140:v
		errors: 0, warnings: 0
	module work.ND3OPTD6BWP30P140:v
		errors: 0, warnings: 0
	module work.ND3OPTPAD12BWP30P140:v
		errors: 0, warnings: 0
	module work.ND3OPTPAD16BWP30P140:v
		errors: 0, warnings: 0
	module work.ND3OPTPAD1BWP30P140:v
		errors: 0, warnings: 0
	module work.ND3OPTPAD2BWP30P140:v
		errors: 0, warnings: 0
	module work.ND3OPTPAD4BWP30P140:v
		errors: 0, warnings: 0
	module work.ND3OPTPAD6BWP30P140:v
		errors: 0, warnings: 0
	module work.ND3OPTPAD8BWP30P140:v
		errors: 0, warnings: 0
	module work.ND4D0BWP30P140:v
		errors: 0, warnings: 0
	module work.ND4D1BWP30P140:v
		errors: 0, warnings: 0
	module work.ND4D2BWP30P140:v
		errors: 0, warnings: 0
	module work.ND4D3BWP30P140:v
		errors: 0, warnings: 0
	module work.ND4D4BWP30P140:v
		errors: 0, warnings: 0
	module work.ND4D8BWP30P140:v
		errors: 0, warnings: 0
	module work.NR2D0BWP30P140:v
		errors: 0, warnings: 0
	module work.NR2D0P7BWP30P140:v
		errors: 0, warnings: 0
	module work.NR2D16BWP30P140:v
		errors: 0, warnings: 0
	module work.NR2D1BWP30P140:v
		errors: 0, warnings: 0
	module work.NR2D1P5BWP30P140:v
		errors: 0, warnings: 0
	module work.NR2D2BWP30P140:v
		errors: 0, warnings: 0
	module work.NR2D3BWP30P140:v
		errors: 0, warnings: 0
	module work.NR2D4BWP30P140:v
		errors: 0, warnings: 0
	module work.NR2D6BWP30P140:v
		errors: 0, warnings: 0
	module work.NR2D8BWP30P140:v
		errors: 0, warnings: 0
	module work.NR2OPTD12BWP30P140:v
		errors: 0, warnings: 0
	module work.NR2OPTD20BWP30P140:v
		errors: 0, warnings: 0
	module work.NR2OPTD6BWP30P140:v
		errors: 0, warnings: 0
	module work.NR2OPTIBD12BWP30P140:v
		errors: 0, warnings: 0
	module work.NR2OPTIBD16BWP30P140:v
		errors: 0, warnings: 0
	module work.NR2OPTIBD1BWP30P140:v
		errors: 0, warnings: 0
	module work.NR2OPTIBD20BWP30P140:v
		errors: 0, warnings: 0
	module work.NR2OPTIBD24BWP30P140:v
		errors: 0, warnings: 0
	module work.NR2OPTIBD2BWP30P140:v
		errors: 0, warnings: 0
	module work.NR2OPTIBD4BWP30P140:v
		errors: 0, warnings: 0
	module work.NR2OPTIBD6BWP30P140:v
		errors: 0, warnings: 0
	module work.NR2OPTIBD8BWP30P140:v
		errors: 0, warnings: 0
	module work.NR2OPTPAD12BWP30P140:v
		errors: 0, warnings: 0
	module work.NR2OPTPAD16BWP30P140:v
		errors: 0, warnings: 0
	module work.NR2OPTPAD1BWP30P140:v
		errors: 0, warnings: 0
	module work.NR2OPTPAD20BWP30P140:v
		errors: 0, warnings: 0
	module work.NR2OPTPAD2BWP30P140:v
		errors: 0, warnings: 0
	module work.NR2OPTPAD4BWP30P140:v
		errors: 0, warnings: 0
	module work.NR2OPTPAD6BWP30P140:v
		errors: 0, warnings: 0
	module work.NR2OPTPAD8BWP30P140:v
		errors: 0, warnings: 0
	module work.NR3D0BWP30P140:v
		errors: 0, warnings: 0
	module work.NR3D0P7BWP30P140:v
		errors: 0, warnings: 0
	module work.NR3D16BWP30P140:v
		errors: 0, warnings: 0
	module work.NR3D1BWP30P140:v
		errors: 0, warnings: 0
	module work.NR3D1P5BWP30P140:v
		errors: 0, warnings: 0
	module work.NR3D2BWP30P140:v
		errors: 0, warnings: 0
	module work.NR3D3BWP30P140:v
		errors: 0, warnings: 0
	module work.NR3D4BWP30P140:v
		errors: 0, warnings: 0
	module work.NR3D6BWP30P140:v
		errors: 0, warnings: 0
	module work.NR3D8BWP30P140:v
		errors: 0, warnings: 0
	module work.NR3OPTD12BWP30P140:v
		errors: 0, warnings: 0
	module work.NR3OPTD6BWP30P140:v
		errors: 0, warnings: 0
	module work.NR3OPTPAD12BWP30P140:v
		errors: 0, warnings: 0
	module work.NR3OPTPAD16BWP30P140:v
		errors: 0, warnings: 0
	module work.NR3OPTPAD1BWP30P140:v
		errors: 0, warnings: 0
	module work.NR3OPTPAD2BWP30P140:v
		errors: 0, warnings: 0
	module work.NR3OPTPAD4BWP30P140:v
		errors: 0, warnings: 0
	module work.NR3OPTPAD6BWP30P140:v
		errors: 0, warnings: 0
	module work.NR3OPTPAD8BWP30P140:v
		errors: 0, warnings: 0
	module work.NR4D0BWP30P140:v
		errors: 0, warnings: 0
	module work.NR4D1BWP30P140:v
		errors: 0, warnings: 0
	module work.NR4D2BWP30P140:v
		errors: 0, warnings: 0
	module work.NR4D3BWP30P140:v
		errors: 0, warnings: 0
	module work.NR4D4BWP30P140:v
		errors: 0, warnings: 0
	module work.NR4D8BWP30P140:v
		errors: 0, warnings: 0
	module work.OA211D0BWP30P140:v
		errors: 0, warnings: 0
	module work.OA211D1BWP30P140:v
		errors: 0, warnings: 0
	module work.OA211D2BWP30P140:v
		errors: 0, warnings: 0
	module work.OA211D4BWP30P140:v
		errors: 0, warnings: 0
	module work.OA21D0BWP30P140:v
		errors: 0, warnings: 0
	module work.OA21D16BWP30P140:v
		errors: 0, warnings: 0
	module work.OA21D1BWP30P140:v
		errors: 0, warnings: 0
	module work.OA21D2BWP30P140:v
		errors: 0, warnings: 0
	module work.OA21D4BWP30P140:v
		errors: 0, warnings: 0
	module work.OA21D6BWP30P140:v
		errors: 0, warnings: 0
	module work.OA21D8BWP30P140:v
		errors: 0, warnings: 0
	module work.OA22D0BWP30P140:v
		errors: 0, warnings: 0
	module work.OA22D16BWP30P140:v
		errors: 0, warnings: 0
	module work.OA22D1BWP30P140:v
		errors: 0, warnings: 0
	module work.OA22D2BWP30P140:v
		errors: 0, warnings: 0
	module work.OA22D4BWP30P140:v
		errors: 0, warnings: 0
	module work.OA22D6BWP30P140:v
		errors: 0, warnings: 0
	module work.OA22D8BWP30P140:v
		errors: 0, warnings: 0
	module work.OAI211D0BWP30P140:v
		errors: 0, warnings: 0
	module work.OAI211D1BWP30P140:v
		errors: 0, warnings: 0
	module work.OAI211D2BWP30P140:v
		errors: 0, warnings: 0
	module work.OAI211D4BWP30P140:v
		errors: 0, warnings: 0
	module work.OAI211OPTD6BWP30P140:v
		errors: 0, warnings: 0
	module work.OAI211OPTD8BWP30P140:v
		errors: 0, warnings: 0
	module work.OAI211OPTREPBD12BWP30P140:v
		errors: 0, warnings: 0
	module work.OAI211OPTREPBD16BWP30P140:v
		errors: 0, warnings: 0
	module work.OAI211OPTREPBD1BWP30P140:v
		errors: 0, warnings: 0
	module work.OAI211OPTREPBD2BWP30P140:v
		errors: 0, warnings: 0
	module work.OAI211OPTREPBD4BWP30P140:v
		errors: 0, warnings: 0
	module work.OAI211OPTREPBD6BWP30P140:v
		errors: 0, warnings: 0
	module work.OAI211OPTREPBD8BWP30P140:v
		errors: 0, warnings: 0
	module work.OAI21D0BWP30P140:v
		errors: 0, warnings: 0
	module work.OAI21D0P7BWP30P140:v
		errors: 0, warnings: 0
	module work.OAI21D16BWP30P140:v
		errors: 0, warnings: 0
	module work.OAI21D1BWP30P140:v
		errors: 0, warnings: 0
	module work.OAI21D1P5BWP30P140:v
		errors: 0, warnings: 0
	module work.OAI21D2BWP30P140:v
		errors: 0, warnings: 0
	module work.OAI21D4BWP30P140:v
		errors: 0, warnings: 0
	module work.OAI21D6BWP30P140:v
		errors: 0, warnings: 0
	module work.OAI21D8BWP30P140:v
		errors: 0, warnings: 0
	module work.OAI21OPTREPBD12BWP30P140:v
		errors: 0, warnings: 0
	module work.OAI21OPTREPBD16BWP30P140:v
		errors: 0, warnings: 0
	module work.OAI21OPTREPBD1BWP30P140:v
		errors: 0, warnings: 0
	module work.OAI21OPTREPBD2BWP30P140:v
		errors: 0, warnings: 0
	module work.OAI21OPTREPBD4BWP30P140:v
		errors: 0, warnings: 0
	module work.OAI21OPTREPBD6BWP30P140:v
		errors: 0, warnings: 0
	module work.OAI21OPTREPBD8BWP30P140:v
		errors: 0, warnings: 0
	module work.OAI221D0BWP30P140:v
		errors: 0, warnings: 0
	module work.OAI221D1BWP30P140:v
		errors: 0, warnings: 0
	module work.OAI221D2BWP30P140:v
		errors: 0, warnings: 0
	module work.OAI221D4BWP30P140:v
		errors: 0, warnings: 0
	module work.OAI222D0BWP30P140:v
		errors: 0, warnings: 0
	module work.OAI222D1BWP30P140:v
		errors: 0, warnings: 0
	module work.OAI222D2BWP30P140:v
		errors: 0, warnings: 0
	module work.OAI222D4BWP30P140:v
		errors: 0, warnings: 0
	module work.OAI22D0BWP30P140:v
		errors: 0, warnings: 0
	module work.OAI22D0P7BWP30P140:v
		errors: 0, warnings: 0
	module work.OAI22D16BWP30P140:v
		errors: 0, warnings: 0
	module work.OAI22D1BWP30P140:v
		errors: 0, warnings: 0
	module work.OAI22D1P5BWP30P140:v
		errors: 0, warnings: 0
	module work.OAI22D2BWP30P140:v
		errors: 0, warnings: 0
	module work.OAI22D4BWP30P140:v
		errors: 0, warnings: 0
	module work.OAI22D6BWP30P140:v
		errors: 0, warnings: 0
	module work.OAI22D8BWP30P140:v
		errors: 0, warnings: 0
	module work.OAI22OPTPBD12BWP30P140:v
		errors: 0, warnings: 0
	module work.OAI22OPTPBD16BWP30P140:v
		errors: 0, warnings: 0
	module work.OAI22OPTPBD1BWP30P140:v
		errors: 0, warnings: 0
	module work.OAI22OPTPBD2BWP30P140:v
		errors: 0, warnings: 0
	module work.OAI22OPTPBD4BWP30P140:v
		errors: 0, warnings: 0
	module work.OAI22OPTPBD6BWP30P140:v
		errors: 0, warnings: 0
	module work.OAI22OPTPBD8BWP30P140:v
		errors: 0, warnings: 0
	module work.OAI31D0BWP30P140:v
		errors: 0, warnings: 0
	module work.OAI31D1BWP30P140:v
		errors: 0, warnings: 0
	module work.OAI31D2BWP30P140:v
		errors: 0, warnings: 0
	module work.OAI31D4BWP30P140:v
		errors: 0, warnings: 0
	module work.OAI32D0BWP30P140:v
		errors: 0, warnings: 0
	module work.OAI32D1BWP30P140:v
		errors: 0, warnings: 0
	module work.OAI32D2BWP30P140:v
		errors: 0, warnings: 0
	module work.OAI32D4BWP30P140:v
		errors: 0, warnings: 0
	module work.OAI33D0BWP30P140:v
		errors: 0, warnings: 0
	module work.OAI33D1BWP30P140:v
		errors: 0, warnings: 0
	module work.OAI33D2BWP30P140:v
		errors: 0, warnings: 0
	module work.OAI33D4BWP30P140:v
		errors: 0, warnings: 0
	module work.OD18DCAP16BWP30P140:v
		errors: 0, warnings: 0
	module work.OD18DCAP32BWP30P140:v
		errors: 0, warnings: 0
	module work.OD18DCAP64BWP30P140:v
		errors: 0, warnings: 0
	module work.OR2D0BWP30P140:v
		errors: 0, warnings: 0
	module work.OR2D16BWP30P140:v
		errors: 0, warnings: 0
	module work.OR2D1BWP30P140:v
		errors: 0, warnings: 0
	module work.OR2D2BWP30P140:v
		errors: 0, warnings: 0
	module work.OR2D4BWP30P140:v
		errors: 0, warnings: 0
	module work.OR2D6BWP30P140:v
		errors: 0, warnings: 0
	module work.OR2D8BWP30P140:v
		errors: 0, warnings: 0
	module work.OR3D0BWP30P140:v
		errors: 0, warnings: 0
	module work.OR3D16BWP30P140:v
		errors: 0, warnings: 0
	module work.OR3D1BWP30P140:v
		errors: 0, warnings: 0
	module work.OR3D2BWP30P140:v
		errors: 0, warnings: 0
	module work.OR3D4BWP30P140:v
		errors: 0, warnings: 0
	module work.OR3D6BWP30P140:v
		errors: 0, warnings: 0
	module work.OR3D8BWP30P140:v
		errors: 0, warnings: 0
	module work.OR4D0BWP30P140:v
		errors: 0, warnings: 0
	module work.OR4D1BWP30P140:v
		errors: 0, warnings: 0
	module work.OR4D2BWP30P140:v
		errors: 0, warnings: 0
	module work.OR4D4BWP30P140:v
		errors: 0, warnings: 0
	module work.OR4D8BWP30P140:v
		errors: 0, warnings: 0
	module work.SDFCNARD1BWP30P140:v
		errors: 0, warnings: 0
	module work.SDFCNARD2BWP30P140:v
		errors: 0, warnings: 0
	module work.SDFCNARD4BWP30P140:v
		errors: 0, warnings: 0
	module work.SDFCND0BWP30P140:v
		errors: 0, warnings: 0
	module work.SDFCND1BWP30P140:v
		errors: 0, warnings: 0
	module work.SDFCND2BWP30P140:v
		errors: 0, warnings: 0
	module work.SDFCND4BWP30P140:v
		errors: 0, warnings: 0
	module work.SDFCNOPTBD1BWP30P140:v
		errors: 0, warnings: 0
	module work.SDFCNOPTBD2BWP30P140:v
		errors: 0, warnings: 0
	module work.SDFCNOPTBD4BWP30P140:v
		errors: 0, warnings: 0
	module work.SDFCNOPTMAD12BWP30P140:v
		errors: 0, warnings: 0
	module work.SDFCNOPTMAD4BWP30P140:v
		errors: 0, warnings: 0
	module work.SDFCNOPTMAD8BWP30P140:v
		errors: 0, warnings: 0
	module work.SDFCNOPTMCD12BWP30P140:v
		errors: 0, warnings: 0
	module work.SDFCNOPTMCD8BWP30P140:v
		errors: 0, warnings: 0
	module work.SDFCNOPTSADD12BWP30P140:v
		errors: 0, warnings: 0
	module work.SDFCNOPTSADD4BWP30P140:v
		errors: 0, warnings: 0
	module work.SDFCNOPTSADD8BWP30P140:v
		errors: 0, warnings: 0
	module work.SDFCNQARD1BWP30P140:v
		errors: 0, warnings: 0
	module work.SDFCNQARD2BWP30P140:v
		errors: 0, warnings: 0
	module work.SDFCNQARD4BWP30P140:v
		errors: 0, warnings: 0
	module work.SDFCNQD0BWP30P140:v
		errors: 0, warnings: 0
	module work.SDFCNQD1BWP30P140:v
		errors: 0, warnings: 0
	module work.SDFCNQD2BWP30P140:v
		errors: 0, warnings: 0
	module work.SDFCNQD4BWP30P140:v
		errors: 0, warnings: 0
	module work.SDFCNQOPTBD1BWP30P140:v
		errors: 0, warnings: 0
	module work.SDFCNQOPTBD2BWP30P140:v
		errors: 0, warnings: 0
	module work.SDFCNQOPTBD4BWP30P140:v
		errors: 0, warnings: 0
	module work.SDFCNQOPTMAD12BWP30P140:v
		errors: 0, warnings: 0
	module work.SDFCNQOPTMAD4BWP30P140:v
		errors: 0, warnings: 0
	module work.SDFCNQOPTMAD8BWP30P140:v
		errors: 0, warnings: 0
	module work.SDFCNQOPTMCD12BWP30P140:v
		errors: 0, warnings: 0
	module work.SDFCNQOPTMCD8BWP30P140:v
		errors: 0, warnings: 0
	module work.SDFCNQOPTSADD12BWP30P140:v
		errors: 0, warnings: 0
	module work.SDFCNQOPTSADD4BWP30P140:v
		errors: 0, warnings: 0
	module work.SDFCNQOPTSADD8BWP30P140:v
		errors: 0, warnings: 0
	module work.SDFCSNARD1BWP30P140:v
		errors: 0, warnings: 0
	module work.SDFCSND0BWP30P140:v
		errors: 0, warnings: 0
	module work.SDFCSND1BWP30P140:v
		errors: 0, warnings: 0
	module work.SDFCSND2BWP30P140:v
		errors: 0, warnings: 0
	module work.SDFCSND4BWP30P140:v
		errors: 0, warnings: 0
	module work.SDFCSNQD0BWP30P140:v
		errors: 0, warnings: 0
	module work.SDFCSNQD1BWP30P140:v
		errors: 0, warnings: 0
	module work.SDFCSNQD2BWP30P140:v
		errors: 0, warnings: 0
	module work.SDFCSNQD4BWP30P140:v
		errors: 0, warnings: 0
	module work.SDFD0BWP30P140:v
		errors: 0, warnings: 0
	module work.SDFD1BWP30P140:v
		errors: 0, warnings: 0
	module work.SDFD2BWP30P140:v
		errors: 0, warnings: 0
	module work.SDFD4BWP30P140:v
		errors: 0, warnings: 0
	module work.SDFKCNARD1BWP30P140:v
		errors: 0, warnings: 0
	module work.SDFKCNARD2BWP30P140:v
		errors: 0, warnings: 0
	module work.SDFKCNARD4BWP30P140:v
		errors: 0, warnings: 0
	module work.SDFKCND0BWP30P140:v
		errors: 0, warnings: 0
	module work.SDFKCND1BWP30P140:v
		errors: 0, warnings: 0
	module work.SDFKCND2BWP30P140:v
		errors: 0, warnings: 0
	module work.SDFKCND4BWP30P140:v
		errors: 0, warnings: 0
	module work.SDFKCNQARD1BWP30P140:v
		errors: 0, warnings: 0
	module work.SDFKCNQARD2BWP30P140:v
		errors: 0, warnings: 0
	module work.SDFKCNQARD4BWP30P140:v
		errors: 0, warnings: 0
	module work.SDFKCNQD0BWP30P140:v
		errors: 0, warnings: 0
	module work.SDFKCNQD1BWP30P140:v
		errors: 0, warnings: 0
	module work.SDFKCNQD2BWP30P140:v
		errors: 0, warnings: 0
	module work.SDFKCNQD4BWP30P140:v
		errors: 0, warnings: 0
	module work.SDFKCNQOPTMAD12BWP30P140:v
		errors: 0, warnings: 0
	module work.SDFKCNQOPTMAD4BWP30P140:v
		errors: 0, warnings: 0
	module work.SDFKCNQOPTMAD8BWP30P140:v
		errors: 0, warnings: 0
	module work.SDFKCSNARD1BWP30P140:v
		errors: 0, warnings: 0
	module work.SDFKCSND0BWP30P140:v
		errors: 0, warnings: 0
	module work.SDFKCSND1BWP30P140:v
		errors: 0, warnings: 0
	module work.SDFKCSND2BWP30P140:v
		errors: 0, warnings: 0
	module work.SDFKCSND4BWP30P140:v
		errors: 0, warnings: 0
	module work.SDFKCSNQD0BWP30P140:v
		errors: 0, warnings: 0
	module work.SDFKCSNQD1BWP30P140:v
		errors: 0, warnings: 0
	module work.SDFKCSNQD2BWP30P140:v
		errors: 0, warnings: 0
	module work.SDFKCSNQD4BWP30P140:v
		errors: 0, warnings: 0
	module work.SDFKSNARD1BWP30P140:v
		errors: 0, warnings: 0
	module work.SDFKSND0BWP30P140:v
		errors: 0, warnings: 0
	module work.SDFKSND1BWP30P140:v
		errors: 0, warnings: 0
	module work.SDFKSND2BWP30P140:v
		errors: 0, warnings: 0
	module work.SDFKSND4BWP30P140:v
		errors: 0, warnings: 0
	module work.SDFKSNQARD1BWP30P140:v
		errors: 0, warnings: 0
	module work.SDFKSNQD0BWP30P140:v
		errors: 0, warnings: 0
	module work.SDFKSNQD1BWP30P140:v
		errors: 0, warnings: 0
	module work.SDFKSNQD2BWP30P140:v
		errors: 0, warnings: 0
	module work.SDFKSNQD4BWP30P140:v
		errors: 0, warnings: 0
	module work.SDFMARD1BWP30P140:v
		errors: 0, warnings: 0
	module work.SDFMD0BWP30P140:v
		errors: 0, warnings: 0
	module work.SDFMD1BWP30P140:v
		errors: 0, warnings: 0
	module work.SDFMD2BWP30P140:v
		errors: 0, warnings: 0
	module work.SDFMD4BWP30P140:v
		errors: 0, warnings: 0
	module work.SDFMQARD1BWP30P140:v
		errors: 0, warnings: 0
	module work.SDFMQD0BWP30P140:v
		errors: 0, warnings: 0
	module work.SDFMQD1BWP30P140:v
		errors: 0, warnings: 0
	module work.SDFMQD2BWP30P140:v
		errors: 0, warnings: 0
	module work.SDFMQD4BWP30P140:v
		errors: 0, warnings: 0
	module work.SDFNCNARD1BWP30P140:v
		errors: 0, warnings: 0
	module work.SDFNCND0BWP30P140:v
		errors: 0, warnings: 0
	module work.SDFNCND1BWP30P140:v
		errors: 0, warnings: 0
	module work.SDFNCND2BWP30P140:v
		errors: 0, warnings: 0
	module work.SDFNCND4BWP30P140:v
		errors: 0, warnings: 0
	module work.SDFNCSNARD1BWP30P140:v
		errors: 0, warnings: 0
	module work.SDFNCSND0BWP30P140:v
		errors: 0, warnings: 0
	module work.SDFNCSND1BWP30P140:v
		errors: 0, warnings: 0
	module work.SDFNCSND2BWP30P140:v
		errors: 0, warnings: 0
	module work.SDFNCSND4BWP30P140:v
		errors: 0, warnings: 0
	module work.SDFND0BWP30P140:v
		errors: 0, warnings: 0
	module work.SDFND1BWP30P140:v
		errors: 0, warnings: 0
	module work.SDFND2BWP30P140:v
		errors: 0, warnings: 0
	module work.SDFND4BWP30P140:v
		errors: 0, warnings: 0
	module work.SDFNSND0BWP30P140:v
		errors: 0, warnings: 0
	module work.SDFNSND1BWP30P140:v
		errors: 0, warnings: 0
	module work.SDFNSND2BWP30P140:v
		errors: 0, warnings: 0
	module work.SDFNSND4BWP30P140:v
		errors: 0, warnings: 0
	module work.SDFNSYNCND1BWP30P140:v
		errors: 0, warnings: 0
	module work.SDFNSYNCND2BWP30P140:v
		errors: 0, warnings: 0
	module work.SDFNSYNCND4BWP30P140:v
		errors: 0, warnings: 0
	module work.SDFNSYNCSND1BWP30P140:v
		errors: 0, warnings: 0
	module work.SDFNSYNCSND2BWP30P140:v
		errors: 0, warnings: 0
	module work.SDFNSYNCSND4BWP30P140:v
		errors: 0, warnings: 0
	module work.SDFNSYND1BWP30P140:v
		errors: 0, warnings: 0
	module work.SDFNSYND2BWP30P140:v
		errors: 0, warnings: 0
	module work.SDFNSYND4BWP30P140:v
		errors: 0, warnings: 0
	module work.SDFNSYNSND1BWP30P140:v
		errors: 0, warnings: 0
	module work.SDFNSYNSND2BWP30P140:v
		errors: 0, warnings: 0
	module work.SDFNSYNSND4BWP30P140:v
		errors: 0, warnings: 0
	module work.SDFOPTBD1BWP30P140:v
		errors: 0, warnings: 0
	module work.SDFOPTBD2BWP30P140:v
		errors: 0, warnings: 0
	module work.SDFOPTBD4BWP30P140:v
		errors: 0, warnings: 0
	module work.SDFOPTMAD12BWP30P140:v
		errors: 0, warnings: 0
	module work.SDFOPTMAD4BWP30P140:v
		errors: 0, warnings: 0
	module work.SDFOPTMAD8BWP30P140:v
		errors: 0, warnings: 0
	module work.SDFOPTMCD12BWP30P140:v
		errors: 0, warnings: 0
	module work.SDFOPTMCD8BWP30P140:v
		errors: 0, warnings: 0
	module work.SDFOPTSADD12BWP30P140:v
		errors: 0, warnings: 0
	module work.SDFOPTSADD4BWP30P140:v
		errors: 0, warnings: 0
	module work.SDFOPTSADD8BWP30P140:v
		errors: 0, warnings: 0
	module work.SDFQD0BWP30P140:v
		errors: 0, warnings: 0
	module work.SDFQD1BWP30P140:v
		errors: 0, warnings: 0
	module work.SDFQD2BWP30P140:v
		errors: 0, warnings: 0
	module work.SDFQD4BWP30P140:v
		errors: 0, warnings: 0
	module work.SDFQNARD1BWP30P140:v
		errors: 0, warnings: 0
	module work.SDFQND0BWP30P140:v
		errors: 0, warnings: 0
	module work.SDFQND1BWP30P140:v
		errors: 0, warnings: 0
	module work.SDFQND2BWP30P140:v
		errors: 0, warnings: 0
	module work.SDFQND4BWP30P140:v
		errors: 0, warnings: 0
	module work.SDFQNOPTMAD12BWP30P140:v
		errors: 0, warnings: 0
	module work.SDFQNOPTMAD4BWP30P140:v
		errors: 0, warnings: 0
	module work.SDFQNOPTMAD8BWP30P140:v
		errors: 0, warnings: 0
	module work.SDFQNOPTSADD12BWP30P140:v
		errors: 0, warnings: 0
	module work.SDFQNOPTSADD4BWP30P140:v
		errors: 0, warnings: 0
	module work.SDFQNOPTSADD8BWP30P140:v
		errors: 0, warnings: 0
	module work.SDFQOPTBD1BWP30P140:v
		errors: 0, warnings: 0
	module work.SDFQOPTBD2BWP30P140:v
		errors: 0, warnings: 0
	module work.SDFQOPTBD4BWP30P140:v
		errors: 0, warnings: 0
	module work.SDFQOPTMAD12BWP30P140:v
		errors: 0, warnings: 0
	module work.SDFQOPTMAD4BWP30P140:v
		errors: 0, warnings: 0
	module work.SDFQOPTMAD8BWP30P140:v
		errors: 0, warnings: 0
	module work.SDFQOPTMCD12BWP30P140:v
		errors: 0, warnings: 0
	module work.SDFQOPTMCD8BWP30P140:v
		errors: 0, warnings: 0
	module work.SDFQOPTSADD12BWP30P140:v
		errors: 0, warnings: 0
	module work.SDFQOPTSADD4BWP30P140:v
		errors: 0, warnings: 0
	module work.SDFQOPTSADD8BWP30P140:v
		errors: 0, warnings: 0
	module work.SDFSND0BWP30P140:v
		errors: 0, warnings: 0
	module work.SDFSND1BWP30P140:v
		errors: 0, warnings: 0
	module work.SDFSND2BWP30P140:v
		errors: 0, warnings: 0
	module work.SDFSND4BWP30P140:v
		errors: 0, warnings: 0
	module work.SDFSNOPTMAD12BWP30P140:v
		errors: 0, warnings: 0
	module work.SDFSNOPTMAD4BWP30P140:v
		errors: 0, warnings: 0
	module work.SDFSNOPTMAD8BWP30P140:v
		errors: 0, warnings: 0
	module work.SDFSNQD0BWP30P140:v
		errors: 0, warnings: 0
	module work.SDFSNQD1BWP30P140:v
		errors: 0, warnings: 0
	module work.SDFSNQD2BWP30P140:v
		errors: 0, warnings: 0
	module work.SDFSNQD4BWP30P140:v
		errors: 0, warnings: 0
	module work.SDFSNQOPTMAD12BWP30P140:v
		errors: 0, warnings: 0
	module work.SDFSNQOPTMAD4BWP30P140:v
		errors: 0, warnings: 0
	module work.SDFSNQOPTMAD8BWP30P140:v
		errors: 0, warnings: 0
	module work.SDFSYNCND1BWP30P140:v
		errors: 0, warnings: 0
	module work.SDFSYNCND2BWP30P140:v
		errors: 0, warnings: 0
	module work.SDFSYNCND4BWP30P140:v
		errors: 0, warnings: 0
	module work.SDFSYNCNQD1BWP30P140:v
		errors: 0, warnings: 0
	module work.SDFSYNCNQD2BWP30P140:v
		errors: 0, warnings: 0
	module work.SDFSYNCNQD4BWP30P140:v
		errors: 0, warnings: 0
	module work.SDFSYNCSND1BWP30P140:v
		errors: 0, warnings: 0
	module work.SDFSYNCSND2BWP30P140:v
		errors: 0, warnings: 0
	module work.SDFSYNCSND4BWP30P140:v
		errors: 0, warnings: 0
	module work.SDFSYNCSNQD1BWP30P140:v
		errors: 0, warnings: 0
	module work.SDFSYNCSNQD2BWP30P140:v
		errors: 0, warnings: 0
	module work.SDFSYNCSNQD4BWP30P140:v
		errors: 0, warnings: 0
	module work.SDFSYND1BWP30P140:v
		errors: 0, warnings: 0
	module work.SDFSYND2BWP30P140:v
		errors: 0, warnings: 0
	module work.SDFSYND4BWP30P140:v
		errors: 0, warnings: 0
	module work.SDFSYNQD1BWP30P140:v
		errors: 0, warnings: 0
	module work.SDFSYNQD2BWP30P140:v
		errors: 0, warnings: 0
	module work.SDFSYNQD4BWP30P140:v
		errors: 0, warnings: 0
	module work.SDFSYNQND1BWP30P140:v
		errors: 0, warnings: 0
	module work.SDFSYNQND2BWP30P140:v
		errors: 0, warnings: 0
	module work.SDFSYNQND4BWP30P140:v
		errors: 0, warnings: 0
	module work.SDFSYNSND1BWP30P140:v
		errors: 0, warnings: 0
	module work.SDFSYNSND2BWP30P140:v
		errors: 0, warnings: 0
	module work.SDFSYNSND4BWP30P140:v
		errors: 0, warnings: 0
	module work.SDFSYNSNQD1BWP30P140:v
		errors: 0, warnings: 0
	module work.SDFSYNSNQD2BWP30P140:v
		errors: 0, warnings: 0
	module work.SDFSYNSNQD4BWP30P140:v
		errors: 0, warnings: 0
	module work.SEDFARD0BWP30P140:v
		errors: 0, warnings: 0
	module work.SEDFARD1BWP30P140:v
		errors: 0, warnings: 0
	module work.SEDFARD2BWP30P140:v
		errors: 0, warnings: 0
	module work.SEDFARD4BWP30P140:v
		errors: 0, warnings: 0
	module work.SEDFCNARD0BWP30P140:v
		errors: 0, warnings: 0
	module work.SEDFCNARD1BWP30P140:v
		errors: 0, warnings: 0
	module work.SEDFCND0BWP30P140:v
		errors: 0, warnings: 0
	module work.SEDFCND1BWP30P140:v
		errors: 0, warnings: 0
	module work.SEDFCND2BWP30P140:v
		errors: 0, warnings: 0
	module work.SEDFCND4BWP30P140:v
		errors: 0, warnings: 0
	module work.SEDFCNQARD0BWP30P140:v
		errors: 0, warnings: 0
	module work.SEDFCNQARD1BWP30P140:v
		errors: 0, warnings: 0
	module work.SEDFCNQD0BWP30P140:v
		errors: 0, warnings: 0
	module work.SEDFCNQD1BWP30P140:v
		errors: 0, warnings: 0
	module work.SEDFCNQD2BWP30P140:v
		errors: 0, warnings: 0
	module work.SEDFCNQD4BWP30P140:v
		errors: 0, warnings: 0
	module work.SEDFD0BWP30P140:v
		errors: 0, warnings: 0
	module work.SEDFD1BWP30P140:v
		errors: 0, warnings: 0
	module work.SEDFD2BWP30P140:v
		errors: 0, warnings: 0
	module work.SEDFD4BWP30P140:v
		errors: 0, warnings: 0
	module work.SEDFQARD0BWP30P140:v
		errors: 0, warnings: 0
	module work.SEDFQARD1BWP30P140:v
		errors: 0, warnings: 0
	module work.SEDFQARD2BWP30P140:v
		errors: 0, warnings: 0
	module work.SEDFQARD4BWP30P140:v
		errors: 0, warnings: 0
	module work.SEDFQD0BWP30P140:v
		errors: 0, warnings: 0
	module work.SEDFQD1BWP30P140:v
		errors: 0, warnings: 0
	module work.SEDFQD2BWP30P140:v
		errors: 0, warnings: 0
	module work.SEDFQD4BWP30P140:v
		errors: 0, warnings: 0
	module work.TAPCELLBWP30P140:v
		errors: 0, warnings: 0
	module work.TIEHBWP30P140:v
		errors: 0, warnings: 0
	module work.TIELBWP30P140:v
		errors: 0, warnings: 0
	module work.XNR2D0BWP30P140:v
		errors: 0, warnings: 0
	module work.XNR2D1BWP30P140:v
		errors: 0, warnings: 0
	module work.XNR2D2BWP30P140:v
		errors: 0, warnings: 0
	module work.XNR2D4BWP30P140:v
		errors: 0, warnings: 0
	module work.XNR2OPTND2BWP30P140:v
		errors: 0, warnings: 0
	module work.XNR2OPTND4BWP30P140:v
		errors: 0, warnings: 0
	module work.XNR2OPTND6BWP30P140:v
		errors: 0, warnings: 0
	module work.XNR2OPTND8BWP30P140:v
		errors: 0, warnings: 0
	module work.XNR2UD0BWP30P140:v
		errors: 0, warnings: 0
	module work.XNR2UD1BWP30P140:v
		errors: 0, warnings: 0
	module work.XNR3D0BWP30P140:v
		errors: 0, warnings: 0
	module work.XNR3D1BWP30P140:v
		errors: 0, warnings: 0
	module work.XNR3D2BWP30P140:v
		errors: 0, warnings: 0
	module work.XNR3D4BWP30P140:v
		errors: 0, warnings: 0
	module work.XNR3UD0BWP30P140:v
		errors: 0, warnings: 0
	module work.XNR3UD1BWP30P140:v
		errors: 0, warnings: 0
	module work.XNR4D0BWP30P140:v
		errors: 0, warnings: 0
	module work.XNR4D1BWP30P140:v
		errors: 0, warnings: 0
	module work.XNR4D2BWP30P140:v
		errors: 0, warnings: 0
	module work.XNR4D4BWP30P140:v
		errors: 0, warnings: 0
	module work.XOR2D0BWP30P140:v
		errors: 0, warnings: 0
	module work.XOR2D1BWP30P140:v
		errors: 0, warnings: 0
	module work.XOR2D2BWP30P140:v
		errors: 0, warnings: 0
	module work.XOR2D4BWP30P140:v
		errors: 0, warnings: 0
	module work.XOR2OPTND2BWP30P140:v
		errors: 0, warnings: 0
	module work.XOR2OPTND4BWP30P140:v
		errors: 0, warnings: 0
	module work.XOR2OPTND6BWP30P140:v
		errors: 0, warnings: 0
	module work.XOR2OPTND8BWP30P140:v
		errors: 0, warnings: 0
	module work.XOR2UD0BWP30P140:v
		errors: 0, warnings: 0
	module work.XOR2UD1BWP30P140:v
		errors: 0, warnings: 0
	module work.XOR3D0BWP30P140:v
		errors: 0, warnings: 0
	module work.XOR3D1BWP30P140:v
		errors: 0, warnings: 0
	module work.XOR3D2BWP30P140:v
		errors: 0, warnings: 0
	module work.XOR3D4BWP30P140:v
		errors: 0, warnings: 0
	module work.XOR3UD0BWP30P140:v
		errors: 0, warnings: 0
	module work.XOR3UD1BWP30P140:v
		errors: 0, warnings: 0
	module work.XOR4D0BWP30P140:v
		errors: 0, warnings: 0
	module work.XOR4D1BWP30P140:v
		errors: 0, warnings: 0
	module work.XOR4D2BWP30P140:v
		errors: 0, warnings: 0
	module work.XOR4D4BWP30P140:v
		errors: 0, warnings: 0
	module work.ISOHID1BWP30P140:v
		errors: 0, warnings: 0
	module work.ISOHID2BWP30P140:v
		errors: 0, warnings: 0
	module work.ISOHID4BWP30P140:v
		errors: 0, warnings: 0
	module work.ISOHID8BWP30P140:v
		errors: 0, warnings: 0
	module work.ISOLOD1BWP30P140:v
		errors: 0, warnings: 0
	module work.ISOLOD2BWP30P140:v
		errors: 0, warnings: 0
	module work.ISOLOD4BWP30P140:v
		errors: 0, warnings: 0
	module work.ISOLOD8BWP30P140:v
		errors: 0, warnings: 0
	module work.ISOSRHID2BWP30P140:v
		errors: 0, warnings: 0
	module work.ISOSRHID4BWP30P140:v
		errors: 0, warnings: 0
	module work.ISOSRHID8BWP30P140:v
		errors: 0, warnings: 0
	module work.ISOSRLOD2BWP30P140:v
		errors: 0, warnings: 0
	module work.ISOSRLOD4BWP30P140:v
		errors: 0, warnings: 0
	module work.ISOSRLOD8BWP30P140:v
		errors: 0, warnings: 0
	module work.LVLHLCD1BWP30P140:v
		errors: 0, warnings: 0
	module work.LVLHLCD2BWP30P140:v
		errors: 0, warnings: 0
	module work.LVLHLCD4BWP30P140:v
		errors: 0, warnings: 0
	module work.LVLHLCD8BWP30P140:v
		errors: 0, warnings: 0
	module work.LVLHLCLOD1BWP30P140:v
		errors: 0, warnings: 0
	module work.LVLHLCLOD2BWP30P140:v
		errors: 0, warnings: 0
	module work.LVLHLCLOD4BWP30P140:v
		errors: 0, warnings: 0
	module work.LVLHLCLOD8BWP30P140:v
		errors: 0, warnings: 0
	module work.LVLHLD1BWP30P140:v
		errors: 0, warnings: 0
	module work.LVLHLD2BWP30P140:v
		errors: 0, warnings: 0
	module work.LVLHLD4BWP30P140:v
		errors: 0, warnings: 0
	module work.LVLHLD8BWP30P140:v
		errors: 0, warnings: 0
	module work.LVLLHCD1BWP30P140:v
		errors: 0, warnings: 0
	module work.LVLLHCD2BWP30P140:v
		errors: 0, warnings: 0
	module work.LVLLHCD4BWP30P140:v
		errors: 0, warnings: 0
	module work.LVLLHCD8BWP30P140:v
		errors: 0, warnings: 0
	module work.LVLLHCLOD1BWP30P140:v
		errors: 0, warnings: 0
	module work.LVLLHCLOD2BWP30P140:v
		errors: 0, warnings: 0
	module work.LVLLHCLOD4BWP30P140:v
		errors: 0, warnings: 0
	module work.LVLLHCLOD8BWP30P140:v
		errors: 0, warnings: 0
	module work.LVLLHD1BWP30P140:v
		errors: 0, warnings: 0
	module work.LVLLHD2BWP30P140:v
		errors: 0, warnings: 0
	module work.LVLLHD4BWP30P140:v
		errors: 0, warnings: 0
	module work.LVLLHD8BWP30P140:v
		errors: 0, warnings: 0
	module work.LVLSRLHCD2BWP30P140:v
		errors: 0, warnings: 0
	module work.LVLSRLHCD4BWP30P140:v
		errors: 0, warnings: 0
	module work.LVLSRLHCD8BWP30P140:v
		errors: 0, warnings: 0
	module work.LVLSRLHD2BWP30P140:v
		errors: 0, warnings: 0
	module work.LVLSRLHD4BWP30P140:v
		errors: 0, warnings: 0
	module work.LVLSRLHD8BWP30P140:v
		errors: 0, warnings: 0
	primitive work.tsmc_dff:v
		errors: 0, warnings: 0
	primitive work.tsmc_dla:v
		errors: 0, warnings: 0
	primitive work.tsmc_mux:v
		errors: 0, warnings: 0
	primitive work.tsmc_xbuf:v
		errors: 0, warnings: 0
file: ../logical/results/gate_level/convolution_logic_mapped.v
	module work.RC_CG_MOD_1:v
		errors: 0, warnings: 0
	module work.RC_CG_MOD_2:v
		errors: 0, warnings: 0
	module work.RC_CG_MOD_3:v
		errors: 0, warnings: 0
	module work.RC_CG_MOD_5:v
		errors: 0, warnings: 0
	module work.RC_CG_MOD_6:v
		errors: 0, warnings: 0
	module work.RC_CG_MOD_7:v
		errors: 0, warnings: 0
	module work.RC_CG_MOD_8:v
		errors: 0, warnings: 0
	module work.RC_CG_MOD_9:v
		errors: 0, warnings: 0
	module work.RC_CG_MOD_10:v
		errors: 0, warnings: 0
	module work.RC_CG_MOD_11:v
		errors: 0, warnings: 0
	module work.RC_CG_MOD_12:v
		errors: 0, warnings: 0
	module work.RC_CG_MOD_13:v
		errors: 0, warnings: 0
	module work.RC_CG_MOD_14:v
		errors: 0, warnings: 0
	module work.RC_CG_MOD_15:v
		errors: 0, warnings: 0
	module work.RC_CG_MOD_16:v
		errors: 0, warnings: 0
	module work.RC_CG_MOD_17:v
		errors: 0, warnings: 0
	module work.RC_CG_MOD_18:v
		errors: 0, warnings: 0
	module work.RC_CG_MOD_19:v
		errors: 0, warnings: 0
	module work.RC_CG_MOD_20:v
		errors: 0, warnings: 0
	module work.RC_CG_MOD_21:v
		errors: 0, warnings: 0
	module work.RC_CG_MOD_22:v
		errors: 0, warnings: 0
	module work.RC_CG_MOD_23:v
		errors: 0, warnings: 0
	module work.RC_CG_MOD_24:v
		errors: 0, warnings: 0
	module work.RC_CG_MOD_25:v
		errors: 0, warnings: 0
	module work.RC_CG_MOD_26:v
		errors: 0, warnings: 0
	module work.RC_CG_MOD_27:v
		errors: 0, warnings: 0
	module work.RC_CG_MOD_28:v
		errors: 0, warnings: 0
	module work.RC_CG_MOD_29:v
		errors: 0, warnings: 0
	module work.RC_CG_MOD_30:v
		errors: 0, warnings: 0
	module work.RC_CG_MOD_31:v
		errors: 0, warnings: 0
	module work.RC_CG_MOD_33:v
		errors: 0, warnings: 0
	module work.RC_CG_MOD_34:v
		errors: 0, warnings: 0
	module work.RC_CG_MOD_35:v
		errors: 0, warnings: 0
	module work.RC_CG_MOD_36:v
		errors: 0, warnings: 0
	module work.RC_CG_MOD_37:v
		errors: 0, warnings: 0
	module work.mac:v
		errors: 0, warnings: 0
	module work.mac_169:v
		errors: 0, warnings: 0
	module work.mac_168:v
		errors: 0, warnings: 0
	module work.mac_8_170:v
		errors: 0, warnings: 0
	module work.mac_8_171:v
		errors: 0, warnings: 0
	module work.mac_8_172:v
		errors: 0, warnings: 0
	module work.mac_8_173:v
		errors: 0, warnings: 0
	module work.mac_8_174:v
		errors: 0, warnings: 0
	module work.mac_8:v
		errors: 0, warnings: 0
	module work.reg:v
		errors: 0, warnings: 0
	module work.reg_418:v
		errors: 0, warnings: 0
	module work.reg_417:v
		errors: 0, warnings: 0
	module work.reg_416:v
		errors: 0, warnings: 0
	module work.reg_415:v
		errors: 0, warnings: 0
	module work.reg_414:v
		errors: 0, warnings: 0
	module work.reg_413:v
		errors: 0, warnings: 0
	module work.reg_412:v
		errors: 0, warnings: 0
	module work.reg_411:v
		errors: 0, warnings: 0
	module work.RC_CG_MOD_4:v
		errors: 0, warnings: 0
	module work.RC_CG_MOD:v
		errors: 0, warnings: 0
	module work.convolution:v
		errors: 0, warnings: 0
/sim/tarsio/acc_dse_env/rtl/core/util_pkg.vhd:
	errors: 0, warnings: 0
/sim/tarsio/acc_dse_env/rtl/components/mem_file/mem_file.vhd:
	errors: 0, warnings: 0
/sim/tarsio/acc_dse_env/rtl/convolution-split/syst2d_ws_split_stride1/tb_syst2d_ws_split_stride1_file_synth.vhd:
	errors: 0, warnings: 0
/sim/tarsio/acc_dse_env/rtl/components/reg/reg.vhd:
	errors: 0, warnings: 0
/sim/tarsio/acc_dse_env/rtl/components/mac/mac.vhd:
	errors: 0, warnings: 0
WORK.UTIL_PACKAGE (package):
	streams: 2, words: 367
WORK.UTIL_PACKAGE:BODY (package body):
	streams: 2, words: 2419
WORK.MEMORY (entity):
	streams: 24, words: 3979
WORK.MEMORY:A1 (architecture):
	streams: 1, words: 2608
WORK.TB (entity):
	streams: 21, words: 2035
WORK.TB:A1 (architecture):
	streams: 4, words: 25168
WORK.REG (entity):
	streams: 9, words: 1849
WORK.REG:A1 (architecture):
	streams: 1, words: 195
WORK.MAC (entity):
	streams: 11, words: 3931
WORK.MAC:A1 (architecture):
	streams: 1, words: 1803
xmelab: *W,ARCMRA: Elaborating the WORK.TB:A1, MRA (most recently analyzed) architecture.
	Elaborating the design hierarchy:
xmelab: *W,CUDEFB: default binding occurred for component instance (:tb(a1):dut) with verilog module (work.convolution:v).
	Top level design units:
		:tb(a1):
	Reading SDF file from location "../logical/results/gate_level/convolution_analysis_view_0p90v_25c_captyp_nominal.sdf"
	Annotating SDF timing data:
		Compiled SDF file:     convolution_analysis_view_0p90v_25c_captyp_nominal.sdf.X
		Log file:              ./sdf_log.log
		Backannotation scope:  :dut
		Configuration file:    
		MTM control:           MAXIMUM
		Scale factors:         1:1:1
		Scale type:            FROM_MAXIMUM
xmelab: *W,SDFNET: Unable to annotate to non-existent timing check (RECREM (posedge CDN) (COND D_SDFCHK (posedge CP)) (-26) (38)) of instance :DUT.\reg_r[0].reg_c[0].ireg .\Q_reg[10]  of module DFCNQD1BWP30P140 <../logical/results/gate_level/convolution_analysis_view_0p90v_25c_captyp_nominal.sdf, line 99262>.
xmelab: *W,SDFNET: Unable to annotate to non-existent timing check (RECREM (posedge CDN) (COND D_SDFCHK (posedge CP)) (-26) (38)) of instance :DUT.\reg_r[0].reg_c[0].ireg .\Q_reg[8]  of module DFCNQD1BWP30P140 <../logical/results/gate_level/convolution_analysis_view_0p90v_25c_captyp_nominal.sdf, line 99283>.
xmelab: *W,SDFNET: Unable to annotate to non-existent timing check (RECREM (posedge CDN) (COND D_SDFCHK (posedge CP)) (-26) (38)) of instance :DUT.\reg_r[0].reg_c[0].ireg .\Q_reg[6]  of module DFCNQD1BWP30P140 <../logical/results/gate_level/convolution_analysis_view_0p90v_25c_captyp_nominal.sdf, line 99304>.
xmelab: *W,SDFNET: Unable to annotate to non-existent timing check (RECREM (posedge CDN) (COND D_SDFCHK (posedge CP)) (-26) (38)) of instance :DUT.\reg_r[0].reg_c[0].ireg .\Q_reg[1]  of module DFCNQD1BWP30P140 <../logical/results/gate_level/convolution_analysis_view_0p90v_25c_captyp_nominal.sdf, line 99325>.
xmelab: *W,SDFNET: Unable to annotate to non-existent timing check (RECREM (posedge CDN) (COND D_SDFCHK (posedge CP)) (-26) (38)) of instance :DUT.\reg_r[0].reg_c[0].ireg .\Q_reg[31]  of module DFCNQD1BWP30P140 <../logical/results/gate_level/convolution_analysis_view_0p90v_25c_captyp_nominal.sdf, line 99346>.
xmelab: *W,SDFNET: Unable to annotate to non-existent timing check (RECREM (posedge CDN) (COND D_SDFCHK (posedge CP)) (-26) (38)) of instance :DUT.\reg_r[0].reg_c[0].ireg .\Q_reg[30]  of module DFCNQD1BWP30P140 <../logical/results/gate_level/convolution_analysis_view_0p90v_25c_captyp_nominal.sdf, line 99367>.
xmelab: *W,SDFNET: Unable to annotate to non-existent timing check (RECREM (posedge CDN) (COND D_SDFCHK (posedge CP)) (-26) (38)) of instance :DUT.\reg_r[0].reg_c[0].ireg .\Q_reg[29]  of module DFCNQD1BWP30P140 <../logical/results/gate_level/convolution_analysis_view_0p90v_25c_captyp_nominal.sdf, line 99388>.
xmelab: *W,SDFNET: Unable to annotate to non-existent timing check (RECREM (posedge CDN) (COND D_SDFCHK (posedge CP)) (-26) (38)) of instance :DUT.\reg_r[0].reg_c[0].ireg .\Q_reg[28]  of module DFCNQD1BWP30P140 <../logical/results/gate_level/convolution_analysis_view_0p90v_25c_captyp_nominal.sdf, line 99409>.
xmelab: *W,SDFNET: Unable to annotate to non-existent timing check (RECREM (posedge CDN) (COND D_SDFCHK (posedge CP)) (-26) (38)) of instance :DUT.\reg_r[0].reg_c[0].ireg .\Q_reg[27]  of module DFCNQD1BWP30P140 <../logical/results/gate_level/convolution_analysis_view_0p90v_25c_captyp_nominal.sdf, line 99430>.
xmelab: *W,SDFNET: Unable to annotate to non-existent timing check (RECREM (posedge CDN) (COND D_SDFCHK (posedge CP)) (-26) (38)) of instance :DUT.\reg_r[0].reg_c[0].ireg .\Q_reg[25]  of module DFCNQD1BWP30P140 <../logical/results/gate_level/convolution_analysis_view_0p90v_25c_captyp_nominal.sdf, line 99451>.
xmelab: *W,SDFNET: Unable to annotate to non-existent timing check (RECREM (posedge CDN) (COND D_SDFCHK (posedge CP)) (-26) (38)) of instance :DUT.\reg_r[0].reg_c[0].ireg .\Q_reg[24]  of module DFCNQD1BWP30P140 <../logical/results/gate_level/convolution_analysis_view_0p90v_25c_captyp_nominal.sdf, line 99472>.
xmelab: *W,SDFNET: Unable to annotate to non-existent timing check (RECREM (posedge CDN) (COND D_SDFCHK (posedge CP)) (-26) (38)) of instance :DUT.\reg_r[0].reg_c[0].ireg .\Q_reg[21]  of module DFCNQD1BWP30P140 <../logical/results/gate_level/convolution_analysis_view_0p90v_25c_captyp_nominal.sdf, line 99493>.
xmelab: *W,SDFNET: Unable to annotate to non-existent timing check (RECREM (posedge CDN) (COND D_SDFCHK (posedge CP)) (-26) (38)) of instance :DUT.\reg_r[0].reg_c[0].ireg .\Q_reg[20]  of module DFCNQD1BWP30P140 <../logical/results/gate_level/convolution_analysis_view_0p90v_25c_captyp_nominal.sdf, line 99514>.
xmelab: *W,SDFNET: Unable to annotate to non-existent timing check (RECREM (posedge CDN) (COND D_SDFCHK (posedge CP)) (-26) (38)) of instance :DUT.\reg_r[0].reg_c[0].ireg .\Q_reg[17]  of module DFCNQD1BWP30P140 <../logical/results/gate_level/convolution_analysis_view_0p90v_25c_captyp_nominal.sdf, line 99535>.
xmelab: *W,SDFNET: Unable to annotate to non-existent timing check (RECREM (posedge CDN) (COND D_SDFCHK (posedge CP)) (-26) (38)) of instance :DUT.\reg_r[0].reg_c[0].ireg .\Q_reg[13]  of module DFCNQD1BWP30P140 <../logical/results/gate_level/convolution_analysis_view_0p90v_25c_captyp_nominal.sdf, line 99556>.
xmelab: *W,SDFNET: Unable to annotate to non-existent timing check (RECREM (posedge CDN) (COND D_SDFCHK (posedge CP)) (-26) (38)) of instance :DUT.\reg_r[0].reg_c[0].ireg .\Q_reg[12]  of module DFCNQD1BWP30P140 <../logical/results/gate_level/convolution_analysis_view_0p90v_25c_captyp_nominal.sdf, line 99577>.
xmelab: *W,SDFNET: Unable to annotate to non-existent timing check (RECREM (posedge CDN) (COND D_SDFCHK (posedge CP)) (-26) (38)) of instance :DUT.\reg_r[0].reg_c[0].ireg .\Q_reg[11]  of module DFCNQD1BWP30P140 <../logical/results/gate_level/convolution_analysis_view_0p90v_25c_captyp_nominal.sdf, line 99598>.
xmelab: *W,SDFNET: Unable to annotate to non-existent timing check (RECREM (posedge CDN) (COND D_SDFCHK (posedge CP)) (-26) (38)) of instance :DUT.\reg_r[0].reg_c[0].ireg .\Q_reg[9]  of module DFCNQD1BWP30P140 <../logical/results/gate_level/convolution_analysis_view_0p90v_25c_captyp_nominal.sdf, line 99619>.
xmelab: *W,SDFNET: Unable to annotate to non-existent timing check (RECREM (posedge CDN) (COND D_SDFCHK (posedge CP)) (-26) (38)) of instance :DUT.\reg_r[0].reg_c[0].ireg .\Q_reg[5]  of module DFCNQD1BWP30P140 <../logical/results/gate_level/convolution_analysis_view_0p90v_25c_captyp_nominal.sdf, line 99640>.
xmelab: *W,SDFNET: Unable to annotate to non-existent timing check (RECREM (posedge CDN) (COND D_SDFCHK (posedge CP)) (-26) (38)) of instance :DUT.\reg_r[0].reg_c[0].ireg .\Q_reg[4]  of module DFCNQD1BWP30P140 <../logical/results/gate_level/convolution_analysis_view_0p90v_25c_captyp_nominal.sdf, line 99661>.
xmelab: *W,SDFNET: Unable to annotate to non-existent timing check (RECREM (posedge CDN) (COND D_SDFCHK (posedge CP)) (-26) (38)) of instance :DUT.\reg_r[0].reg_c[0].ireg .\Q_reg[22]  of module DFCNQD1BWP30P140 <../logical/results/gate_level/convolution_analysis_view_0p90v_25c_captyp_nominal.sdf, line 99682>.
xmelab: *W,SDFNET: Unable to annotate to non-existent timing check (RECREM (posedge CDN) (COND D_SDFCHK (posedge CP)) (-26) (38)) of instance :DUT.\reg_r[0].reg_c[0].ireg .\Q_reg[0]  of module DFCNQD1BWP30P140 <../logical/results/gate_level/convolution_analysis_view_0p90v_25c_captyp_nominal.sdf, line 99703>.
xmelab: *W,SDFNET: Unable to annotate to non-existent timing check (RECREM (posedge CDN) (COND D_SDFCHK (posedge CP)) (-26) (38)) of instance :DUT.\reg_r[0].reg_c[0].ireg .\Q_reg[3]  of module DFCNQD1BWP30P140 <../logical/results/gate_level/convolution_analysis_view_0p90v_25c_captyp_nominal.sdf, line 99724>.
xmelab: *W,SDFNET: Unable to annotate to non-existent timing check (RECREM (posedge CDN) (COND D_SDFCHK (posedge CP)) (-26) (38)) of instance :DUT.\reg_r[0].reg_c[0].ireg .\Q_reg[7]  of module DFCNQD1BWP30P140 <../logical/results/gate_level/convolution_analysis_view_0p90v_25c_captyp_nominal.sdf, line 99745>.
xmelab: *W,SDFNET: Unable to annotate to non-existent timing check (RECREM (posedge CDN) (COND D_SDFCHK (posedge CP)) (-26) (38)) of instance :DUT.\reg_r[0].reg_c[0].ireg .\Q_reg[19]  of module DFCNQD1BWP30P140 <../logical/results/gate_level/convolution_analysis_view_0p90v_25c_captyp_nominal.sdf, line 99766>.
xmelab: *W,SDFNET: Unable to annotate to non-existent timing check (RECREM (posedge CDN) (COND D_SDFCHK (posedge CP)) (-26) (38)) of instance :DUT.\reg_r[0].reg_c[0].ireg .\Q_reg[15]  of module DFCNQD1BWP30P140 <../logical/results/gate_level/convolution_analysis_view_0p90v_25c_captyp_nominal.sdf, line 99787>.
xmelab: *W,SDFNET: Unable to annotate to non-existent timing check (RECREM (posedge CDN) (COND D_SDFCHK (posedge CP)) (-26) (38)) of instance :DUT.\reg_r[0].reg_c[0].ireg .\Q_reg[16]  of module DFCNQD1BWP30P140 <../logical/results/gate_level/convolution_analysis_view_0p90v_25c_captyp_nominal.sdf, line 99808>.
xmelab: *W,SDFNET: Unable to annotate to non-existent timing check (RECREM (posedge CDN) (COND D_SDFCHK (posedge CP)) (-26) (38)) of instance :DUT.\reg_r[0].reg_c[0].ireg .\Q_reg[23]  of module DFCNQD1BWP30P140 <../logical/results/gate_level/convolution_analysis_view_0p90v_25c_captyp_nominal.sdf, line 99829>.
xmelab: *W,SDFNET: Unable to annotate to non-existent timing check (RECREM (posedge CDN) (COND D_SDFCHK (posedge CP)) (-26) (38)) of instance :DUT.\reg_r[0].reg_c[0].ireg .\Q_reg[18]  of module DFCNQD1BWP30P140 <../logical/results/gate_level/convolution_analysis_view_0p90v_25c_captyp_nominal.sdf, line 99850>.
xmelab: *W,SDFNET: Unable to annotate to non-existent timing check (RECREM (posedge CDN) (COND D_SDFCHK (posedge CP)) (-26) (38)) of instance :DUT.\reg_r[0].reg_c[0].ireg .\Q_reg[2]  of module DFCNQD1BWP30P140 <../logical/results/gate_level/convolution_analysis_view_0p90v_25c_captyp_nominal.sdf, line 99871>.
xmelab: *W,SDFNET: Unable to annotate to non-existent timing check (RECREM (posedge CDN) (COND D_SDFCHK (posedge CP)) (-26) (38)) of instance :DUT.\reg_r[0].reg_c[0].ireg .\Q_reg[14]  of module DFCNQD1BWP30P140 <../logical/results/gate_level/convolution_analysis_view_0p90v_25c_captyp_nominal.sdf, line 99892>.
xmelab: *W,SDFNET: Unable to annotate to non-existent timing check (RECREM (posedge CDN) (COND D_SDFCHK (posedge CP)) (-26) (38)) of instance :DUT.\reg_r[0].reg_c[0].ireg .\Q_reg[26]  of module DFCNQD1BWP30P140 <../logical/results/gate_level/convolution_analysis_view_0p90v_25c_captyp_nominal.sdf, line 99913>.
xmelab: *W,SDFNET: Unable to annotate to non-existent timing check (RECREM (posedge CDN) (COND D_SDFCHK (posedge CP)) (-26) (38)) of instance :DUT.\reg_r[0].reg_c[1].ireg .\Q_reg[10]  of module DFCNQD1BWP30P140 <../logical/results/gate_level/convolution_analysis_view_0p90v_25c_captyp_nominal.sdf, line 99944>.
xmelab: *W,SDFNET: Unable to annotate to non-existent timing check (RECREM (posedge CDN) (COND D_SDFCHK (posedge CP)) (-26) (38)) of instance :DUT.\reg_r[0].reg_c[1].ireg .\Q_reg[4]  of module DFCNQD1BWP30P140 <../logical/results/gate_level/convolution_analysis_view_0p90v_25c_captyp_nominal.sdf, line 99965>.
xmelab: *W,SDFNET: Unable to annotate to non-existent timing check (RECREM (posedge CDN) (COND D_SDFCHK (posedge CP)) (-26) (38)) of instance :DUT.\reg_r[0].reg_c[1].ireg .\Q_reg[16]  of module DFCNQD1BWP30P140 <../logical/results/gate_level/convolution_analysis_view_0p90v_25c_captyp_nominal.sdf, line 99986>.
xmelab: *W,SDFNET: Unable to annotate to non-existent timing check (RECREM (posedge CDN) (COND D_SDFCHK (posedge CP)) (-26) (38)) of instance :DUT.\reg_r[0].reg_c[1].ireg .\Q_reg[9]  of module DFCNQD1BWP30P140 <../logical/results/gate_level/convolution_analysis_view_0p90v_25c_captyp_nominal.sdf, line 100007>.
xmelab: *W,SDFNET: Unable to annotate to non-existent timing check (RECREM (posedge CDN) (COND D_SDFCHK (posedge CP)) (-26) (38)) of instance :DUT.\reg_r[0].reg_c[1].ireg .\Q_reg[26]  of module DFCNQD1BWP30P140 <../logical/results/gate_level/convolution_analysis_view_0p90v_25c_captyp_nominal.sdf, line 100028>.
xmelab: *W,SDFNET: Unable to annotate to non-existent timing check (RECREM (posedge CDN) (COND D_SDFCHK (posedge CP)) (-26) (38)) of instance :DUT.\reg_r[0].reg_c[1].ireg .\Q_reg[24]  of module DFCNQD1BWP30P140 <../logical/results/gate_level/convolution_analysis_view_0p90v_25c_captyp_nominal.sdf, line 100049>.
xmelab: *W,SDFNET: Unable to annotate to non-existent timing check (RECREM (posedge CDN) (COND D_SDFCHK (posedge CP)) (-26) (38)) of instance :DUT.\reg_r[0].reg_c[1].ireg .\Q_reg[31]  of module DFCNQD1BWP30P140 <../logical/results/gate_level/convolution_analysis_view_0p90v_25c_captyp_nominal.sdf, line 100070>.
xmelab: *W,SDFNET: Unable to annotate to non-existent timing check (RECREM (posedge CDN) (COND D_SDFCHK (posedge CP)) (-26) (38)) of instance :DUT.\reg_r[0].reg_c[1].ireg .\Q_reg[30]  of module DFCNQD1BWP30P140 <../logical/results/gate_level/convolution_analysis_view_0p90v_25c_captyp_nominal.sdf, line 100091>.
xmelab: *W,SDFNET: Unable to annotate to non-existent timing check (RECREM (posedge CDN) (COND D_SDFCHK (posedge CP)) (-26) (38)) of instance :DUT.\reg_r[0].reg_c[1].ireg .\Q_reg[29]  of module DFCNQD1BWP30P140 <../logical/results/gate_level/convolution_analysis_view_0p90v_25c_captyp_nominal.sdf, line 100112>.
xmelab: *W,SDFNET: Unable to annotate to non-existent timing check (RECREM (posedge CDN) (COND D_SDFCHK (posedge CP)) (-26) (38)) of instance :DUT.\reg_r[0].reg_c[1].ireg .\Q_reg[28]  of module DFCNQD1BWP30P140 <../logical/results/gate_level/convolution_analysis_view_0p90v_25c_captyp_nominal.sdf, line 100133>.
xmelab: *W,SDFNET: Unable to annotate to non-existent timing check (RECREM (posedge CDN) (COND D_SDFCHK (posedge CP)) (-26) (38)) of instance :DUT.\reg_r[0].reg_c[1].ireg .\Q_reg[27]  of module DFCNQD1BWP30P140 <../logical/results/gate_level/convolution_analysis_view_0p90v_25c_captyp_nominal.sdf, line 100154>.
xmelab: *W,SDFNET: Unable to annotate to non-existent timing check (RECREM (posedge CDN) (COND D_SDFCHK (posedge CP)) (-26) (38)) of instance :DUT.\reg_r[0].reg_c[1].ireg .\Q_reg[22]  of module DFCNQD1BWP30P140 <../logical/results/gate_level/convolution_analysis_view_0p90v_25c_captyp_nominal.sdf, line 100175>.
xmelab: *W,SDFNET: Unable to annotate to non-existent timing check (RECREM (posedge CDN) (COND D_SDFCHK (posedge CP)) (-26) (38)) of instance :DUT.\reg_r[0].reg_c[1].ireg .\Q_reg[20]  of module DFCNQD1BWP30P140 <../logical/results/gate_level/convolution_analysis_view_0p90v_25c_captyp_nominal.sdf, line 100196>.
xmelab: *W,SDFNET: Unable to annotate to non-existent timing check (RECREM (posedge CDN) (COND D_SDFCHK (posedge CP)) (-26) (38)) of instance :DUT.\reg_r[0].reg_c[1].ireg .\Q_reg[19]  of module DFCNQD1BWP30P140 <../logical/results/gate_level/convolution_analysis_view_0p90v_25c_captyp_nominal.sdf, line 100217>.
xmelab: *W,SDFNET: Unable to annotate to non-existent timing check (RECREM (posedge CDN) (COND D_SDFCHK (posedge CP)) (-26) (38)) of instance :DUT.\reg_r[0].reg_c[1].ireg .\Q_reg[18]  of module DFCNQD1BWP30P140 <../logical/results/gate_level/convolution_analysis_view_0p90v_25c_captyp_nominal.sdf, line 100238>.
xmelab: *W,SDFNET: Unable to annotate to non-existent timing check (RECREM (posedge CDN) (COND D_SDFCHK (posedge CP)) (-26) (38)) of instance :DUT.\reg_r[0].reg_c[1].ireg .\Q_reg[15]  of module DFCNQD1BWP30P140 <../logical/results/gate_level/convolution_analysis_view_0p90v_25c_captyp_nominal.sdf, line 100259>.
xmelab: *W,SDFNET: Unable to annotate to non-existent timing check (RECREM (posedge CDN) (COND D_SDFCHK (posedge CP)) (-26) (38)) of instance :DUT.\reg_r[0].reg_c[1].ireg .\Q_reg[14]  of module DFCNQD1BWP30P140 <../logical/results/gate_level/convolution_analysis_view_0p90v_25c_captyp_nominal.sdf, line 100280>.
xmelab: *W,SDFNET: Unable to annotate to non-existent timing check (RECREM (posedge CDN) (COND D_SDFCHK (posedge CP)) (-26) (38)) of instance :DUT.\reg_r[0].reg_c[1].ireg .\Q_reg[11]  of module DFCNQD1BWP30P140 <../logical/results/gate_level/convolution_analysis_view_0p90v_25c_captyp_nominal.sdf, line 100301>.
xmelab: *W,SDFNET: Unable to annotate to non-existent timing check (RECREM (posedge CDN) (COND D_SDFCHK (posedge CP)) (-26) (38)) of instance :DUT.\reg_r[0].reg_c[1].ireg .\Q_reg[6]  of module DFCNQD1BWP30P140 <../logical/results/gate_level/convolution_analysis_view_0p90v_25c_captyp_nominal.sdf, line 100322>.
xmelab: *W,SDFNET: Unable to annotate to non-existent timing check (RECREM (posedge CDN) (COND D_SDFCHK (posedge CP)) (-26) (38)) of instance :DUT.\reg_r[0].reg_c[1].ireg .\Q_reg[5]  of module DFCNQD1BWP30P140 <../logical/results/gate_level/convolution_analysis_view_0p90v_25c_captyp_nominal.sdf, line 100343>.
xmelab: *W,SDFNET: Unable to annotate to non-existent timing check (RECREM (posedge CDN) (COND D_SDFCHK (posedge CP)) (-26) (38)) of instance :DUT.\reg_r[0].reg_c[1].ireg .\Q_reg[3]  of module DFCNQD1BWP30P140 <../logical/results/gate_level/convolution_analysis_view_0p90v_25c_captyp_nominal.sdf, line 100364>.
xmelab: *W,SDFNET: Unable to annotate to non-existent timing check (RECREM (posedge CDN) (COND D_SDFCHK (posedge CP)) (-26) (38)) of instance :DUT.\reg_r[0].reg_c[1].ireg .\Q_reg[7]  of module DFCNQD1BWP30P140 <../logical/results/gate_level/convolution_analysis_view_0p90v_25c_captyp_nominal.sdf, line 100385>.
xmelab: *W,SDFNET: Unable to annotate to non-existent timing check (RECREM (posedge CDN) (COND D_SDFCHK (posedge CP)) (-26) (38)) of instance :DUT.\reg_r[0].reg_c[1].ireg .\Q_reg[0]  of module DFCNQD1BWP30P140 <../logical/results/gate_level/convolution_analysis_view_0p90v_25c_captyp_nominal.sdf, line 100406>.
xmelab: *W,SDFNET: Unable to annotate to non-existent timing check (RECREM (posedge CDN) (COND D_SDFCHK (posedge CP)) (-26) (38)) of instance :DUT.\reg_r[0].reg_c[1].ireg .\Q_reg[21]  of module DFCNQD1BWP30P140 <../logical/results/gate_level/convolution_analysis_view_0p90v_25c_captyp_nominal.sdf, line 100427>.
xmelab: *W,SDFNET: Unable to annotate to non-existent timing check (RECREM (posedge CDN) (COND D_SDFCHK (posedge CP)) (-26) (38)) of instance :DUT.\reg_r[0].reg_c[1].ireg .\Q_reg[23]  of module DFCNQD1BWP30P140 <../logical/results/gate_level/convolution_analysis_view_0p90v_25c_captyp_nominal.sdf, line 100448>.
xmelab: *W,SDFNET: Unable to annotate to non-existent timing check (RECREM (posedge CDN) (COND D_SDFCHK (posedge CP)) (-26) (38)) of instance :DUT.\reg_r[0].reg_c[1].ireg .\Q_reg[17]  of module DFCNQD1BWP30P140 <../logical/results/gate_level/convolution_analysis_view_0p90v_25c_captyp_nominal.sdf, line 100469>.
xmelab: *W,SDFNET: Unable to annotate to non-existent timing check (RECREM (posedge CDN) (COND D_SDFCHK (posedge CP)) (-26) (38)) of instance :DUT.\reg_r[0].reg_c[1].ireg .\Q_reg[8]  of module DFCNQD1BWP30P140 <../logical/results/gate_level/convolution_analysis_view_0p90v_25c_captyp_nominal.sdf, line 100490>.
xmelab: *W,SDFNET: Unable to annotate to non-existent timing check (RECREM (posedge CDN) (COND D_SDFCHK (posedge CP)) (-26) (38)) of instance :DUT.\reg_r[0].reg_c[1].ireg .\Q_reg[25]  of module DFCNQD1BWP30P140 <../logical/results/gate_level/convolution_analysis_view_0p90v_25c_captyp_nominal.sdf, line 100511>.
xmelab: *W,SDFNET: Unable to annotate to non-existent timing check (RECREM (posedge CDN) (COND D_SDFCHK (posedge CP)) (-26) (38)) of instance :DUT.\reg_r[0].reg_c[1].ireg .\Q_reg[12]  of module DFCNQD1BWP30P140 <../logical/results/gate_level/convolution_analysis_view_0p90v_25c_captyp_nominal.sdf, line 100532>.
xmelab: *W,SDFNET: Unable to annotate to non-existent timing check (RECREM (posedge CDN) (COND D_SDFCHK (posedge CP)) (-26) (38)) of instance :DUT.\reg_r[0].reg_c[1].ireg .\Q_reg[2]  of module DFCNQD1BWP30P140 <../logical/results/gate_level/convolution_analysis_view_0p90v_25c_captyp_nominal.sdf, line 100553>.
xmelab: *W,SDFNET: Unable to annotate to non-existent timing check (RECREM (posedge CDN) (COND D_SDFCHK (posedge CP)) (-26) (38)) of instance :DUT.\reg_r[0].reg_c[1].ireg .\Q_reg[1]  of module DFCNQD1BWP30P140 <../logical/results/gate_level/convolution_analysis_view_0p90v_25c_captyp_nominal.sdf, line 100574>.
xmelab: *W,SDFNET: Unable to annotate to non-existent timing check (RECREM (posedge CDN) (COND D_SDFCHK (posedge CP)) (-26) (38)) of instance :DUT.\reg_r[0].reg_c[1].ireg .\Q_reg[13]  of module DFCNQD1BWP30P140 <../logical/results/gate_level/convolution_analysis_view_0p90v_25c_captyp_nominal.sdf, line 100595>.
xmelab: *W,SDFNET: Unable to annotate to non-existent timing check (RECREM (posedge CDN) (COND D_SDFCHK (posedge CP)) (-26) (38)) of instance :DUT.\reg_r[0].reg_c[2].ireg .\Q_reg[22]  of module DFCNQD1BWP30P140 <../logical/results/gate_level/convolution_analysis_view_0p90v_25c_captyp_nominal.sdf, line 100626>.
xmelab: *W,SDFNET: Unable to annotate to non-existent timing check (RECREM (posedge CDN) (COND D_SDFCHK (posedge CP)) (-26) (38)) of instance :DUT.\reg_r[0].reg_c[2].ireg .\Q_reg[31]  of module DFCNQD1BWP30P140 <../logical/results/gate_level/convolution_analysis_view_0p90v_25c_captyp_nominal.sdf, line 100647>.
xmelab: *W,SDFNET: Unable to annotate to non-existent timing check (RECREM (posedge CDN) (COND D_SDFCHK (posedge CP)) (-26) (38)) of instance :DUT.\reg_r[0].reg_c[2].ireg .\Q_reg[30]  of module DFCNQD1BWP30P140 <../logical/results/gate_level/convolution_analysis_view_0p90v_25c_captyp_nominal.sdf, line 100668>.
xmelab: *W,SDFNET: Unable to annotate to non-existent timing check (RECREM (posedge CDN) (COND D_SDFCHK (posedge CP)) (-26) (38)) of instance :DUT.\reg_r[0].reg_c[2].ireg .\Q_reg[28]  of module DFCNQD1BWP30P140 <../logical/results/gate_level/convolution_analysis_view_0p90v_25c_captyp_nominal.sdf, line 100689>.
xmelab: *W,SDFNET: Unable to annotate to non-existent timing check (RECREM (posedge CDN) (COND D_SDFCHK (posedge CP)) (-26) (38)) of instance :DUT.\reg_r[0].reg_c[2].ireg .\Q_reg[21]  of module DFCNQD1BWP30P140 <../logical/results/gate_level/convolution_analysis_view_0p90v_25c_captyp_nominal.sdf, line 100710>.
xmelab: *W,SDFNET: Unable to annotate to non-existent timing check (RECREM (posedge CDN) (COND D_SDFCHK (posedge CP)) (-26) (38)) of instance :DUT.\reg_r[0].reg_c[2].ireg .\Q_reg[16]  of module DFCNQD1BWP30P140 <../logical/results/gate_level/convolution_analysis_view_0p90v_25c_captyp_nominal.sdf, line 100731>.
xmelab: *W,SDFNET: Unable to annotate to non-existent timing check (RECREM (posedge CDN) (COND D_SDFCHK (posedge CP)) (-26) (38)) of instance :DUT.\reg_r[0].reg_c[2].ireg .\Q_reg[13]  of module DFCNQD1BWP30P140 <../logical/results/gate_level/convolution_analysis_view_0p90v_25c_captyp_nominal.sdf, line 100752>.
xmelab: *W,SDFNET: Unable to annotate to non-existent timing check (RECREM (posedge CDN) (COND D_SDFCHK (posedge CP)) (-26) (38)) of instance :DUT.\reg_r[0].reg_c[2].ireg .\Q_reg[0]  of module DFCNQD1BWP30P140 <../logical/results/gate_level/convolution_analysis_view_0p90v_25c_captyp_nominal.sdf, line 100773>.
xmelab: *W,SDFNET: Unable to annotate to non-existent timing check (RECREM (posedge CDN) (COND D_SDFCHK (posedge CP)) (-26) (38)) of instance :DUT.\reg_r[0].reg_c[2].ireg .\Q_reg[1]  of module DFCNQD1BWP30P140 <../logical/results/gate_level/convolution_analysis_view_0p90v_25c_captyp_nominal.sdf, line 100794>.
xmelab: *W,SDFNET: Unable to annotate to non-existent timing check (RECREM (posedge CDN) (COND D_SDFCHK (posedge CP)) (-26) (38)) of instance :DUT.\reg_r[0].reg_c[2].ireg .\Q_reg[2]  of module DFCNQD1BWP30P140 <../logical/results/gate_level/convolution_analysis_view_0p90v_25c_captyp_nominal.sdf, line 100815>.
xmelab: *W,SDFNET: Unable to annotate to non-existent timing check (RECREM (posedge CDN) (COND D_SDFCHK (posedge CP)) (-26) (38)) of instance :DUT.\reg_r[0].reg_c[2].ireg .\Q_reg[10]  of module DFCNQD1BWP30P140 <../logical/results/gate_level/convolution_analysis_view_0p90v_25c_captyp_nominal.sdf, line 100836>.
xmelab: *W,SDFNET: Unable to annotate to non-existent timing check (RECREM (posedge CDN) (COND D_SDFCHK (posedge CP)) (-26) (38)) of instance :DUT.\reg_r[0].reg_c[2].ireg .\Q_reg[18]  of module DFCNQD1BWP30P140 <../logical/results/gate_level/convolution_analysis_view_0p90v_25c_captyp_nominal.sdf, line 100857>.
xmelab: *W,SDFNET: Unable to annotate to non-existent timing check (RECREM (posedge CDN) (COND D_SDFCHK (posedge CP)) (-26) (38)) of instance :DUT.\reg_r[0].reg_c[2].ireg .\Q_reg[3]  of module DFCNQD1BWP30P140 <../logical/results/gate_level/convolution_analysis_view_0p90v_25c_captyp_nominal.sdf, line 100878>.
xmelab: *W,SDFNET: Unable to annotate to non-existent timing check (RECREM (posedge CDN) (COND D_SDFCHK (posedge CP)) (-26) (38)) of instance :DUT.\reg_r[0].reg_c[2].ireg .\Q_reg[7]  of module DFCNQD1BWP30P140 <../logical/results/gate_level/convolution_analysis_view_0p90v_25c_captyp_nominal.sdf, line 100899>.
xmelab: *W,SDFNET: Unable to annotate to non-existent timing check (RECREM (posedge CDN) (COND D_SDFCHK (posedge CP)) (-26) (38)) of instance :DUT.\reg_r[0].reg_c[2].ireg .\Q_reg[11]  of module DFCNQD1BWP30P140 <../logical/results/gate_level/convolution_analysis_view_0p90v_25c_captyp_nominal.sdf, line 100920>.
xmelab: *W,SDFNET: Unable to annotate to non-existent timing check (RECREM (posedge CDN) (COND D_SDFCHK (posedge CP)) (-26) (38)) of instance :DUT.\reg_r[0].reg_c[2].ireg .\Q_reg[20]  of module DFCNQD1BWP30P140 <../logical/results/gate_level/convolution_analysis_view_0p90v_25c_captyp_nominal.sdf, line 100941>.
xmelab: *W,SDFNET: Unable to annotate to non-existent timing check (RECREM (posedge CDN) (COND D_SDFCHK (posedge CP)) (-26) (38)) of instance :DUT.\reg_r[0].reg_c[2].ireg .\Q_reg[19]  of module DFCNQD1BWP30P140 <../logical/results/gate_level/convolution_analysis_view_0p90v_25c_captyp_nominal.sdf, line 100962>.
xmelab: *W,SDFNET: Unable to annotate to non-existent timing check (RECREM (posedge CDN) (COND D_SDFCHK (posedge CP)) (-26) (38)) of instance :DUT.\reg_r[0].reg_c[2].ireg .\Q_reg[23]  of module DFCNQD1BWP30P140 <../logical/results/gate_level/convolution_analysis_view_0p90v_25c_captyp_nominal.sdf, line 100983>.
xmelab: *W,SDFNET: Unable to annotate to non-existent timing check (RECREM (posedge CDN) (COND D_SDFCHK (posedge CP)) (-26) (38)) of instance :DUT.\reg_r[0].reg_c[2].ireg .\Q_reg[12]  of module DFCNQD1BWP30P140 <../logical/results/gate_level/convolution_analysis_view_0p90v_25c_captyp_nominal.sdf, line 101004>.
xmelab: *W,SDFNET: Unable to annotate to non-existent timing check (RECREM (posedge CDN) (COND D_SDFCHK (posedge CP)) (-26) (38)) of instance :DUT.\reg_r[0].reg_c[2].ireg .\Q_reg[4]  of module DFCNQD1BWP30P140 <../logical/results/gate_level/convolution_analysis_view_0p90v_25c_captyp_nominal.sdf, line 101025>.
xmelab: *W,SDFNET: Unable to annotate to non-existent timing check (RECREM (posedge CDN) (COND D_SDFCHK (posedge CP)) (-26) (38)) of instance :DUT.\reg_r[0].reg_c[2].ireg .\Q_reg[6]  of module DFCNQD1BWP30P140 <../logical/results/gate_level/convolution_analysis_view_0p90v_25c_captyp_nominal.sdf, line 101046>.
xmelab: *W,SDFNET: Unable to annotate to non-existent timing check (RECREM (posedge CDN) (COND D_SDFCHK (posedge CP)) (-26) (38)) of instance :DUT.\reg_r[0].reg_c[2].ireg .\Q_reg[26]  of module DFCNQD1BWP30P140 <../logical/results/gate_level/convolution_analysis_view_0p90v_25c_captyp_nominal.sdf, line 101067>.
xmelab: *W,SDFNET: Unable to annotate to non-existent timing check (RECREM (posedge CDN) (COND D_SDFCHK (posedge CP)) (-26) (38)) of instance :DUT.\reg_r[0].reg_c[2].ireg .\Q_reg[14]  of module DFCNQD1BWP30P140 <../logical/results/gate_level/convolution_analysis_view_0p90v_25c_captyp_nominal.sdf, line 101088>.
xmelab: *W,SDFNET: Unable to annotate to non-existent timing check (RECREM (posedge CDN) (COND D_SDFCHK (posedge CP)) (-26) (38)) of instance :DUT.\reg_r[0].reg_c[2].ireg .\Q_reg[15]  of module DFCNQD1BWP30P140 <../logical/results/gate_level/convolution_analysis_view_0p90v_25c_captyp_nominal.sdf, line 101109>.
xmelab: *W,SDFNET: Unable to annotate to non-existent timing check (RECREM (posedge CDN) (COND D_SDFCHK (posedge CP)) (-26) (38)) of instance :DUT.\reg_r[0].reg_c[2].ireg .\Q_reg[5]  of module DFCNQD1BWP30P140 <../logical/results/gate_level/convolution_analysis_view_0p90v_25c_captyp_nominal.sdf, line 101130>.
xmelab: *W,SDFNET: Unable to annotate to non-existent timing check (RECREM (posedge CDN) (COND D_SDFCHK (posedge CP)) (-26) (38)) of instance :DUT.\reg_r[0].reg_c[2].ireg .\Q_reg[9]  of module DFCNQD1BWP30P140 <../logical/results/gate_level/convolution_analysis_view_0p90v_25c_captyp_nominal.sdf, line 101151>.
xmelab: *W,SDFNET: Unable to annotate to non-existent timing check (RECREM (posedge CDN) (COND D_SDFCHK (posedge CP)) (-26) (38)) of instance :DUT.\reg_r[0].reg_c[2].ireg .\Q_reg[8]  of module DFCNQD1BWP30P140 <../logical/results/gate_level/convolution_analysis_view_0p90v_25c_captyp_nominal.sdf, line 101172>.
xmelab: *W,SDFNET: Unable to annotate to non-existent timing check (RECREM (posedge CDN) (COND D_SDFCHK (posedge CP)) (-26) (38)) of instance :DUT.\reg_r[0].reg_c[2].ireg .\Q_reg[29]  of module DFCNQD1BWP30P140 <../logical/results/gate_level/convolution_analysis_view_0p90v_25c_captyp_nominal.sdf, line 101193>.
xmelab: *W,SDFNET: Unable to annotate to non-existent timing check (RECREM (posedge CDN) (COND D_SDFCHK (posedge CP)) (-26) (38)) of instance :DUT.\reg_r[0].reg_c[2].ireg .\Q_reg[24]  of module DFCNQD1BWP30P140 <../logical/results/gate_level/convolution_analysis_view_0p90v_25c_captyp_nominal.sdf, line 101214>.
xmelab: *W,SDFNET: Unable to annotate to non-existent timing check (RECREM (posedge CDN) (COND D_SDFCHK (posedge CP)) (-26) (38)) of instance :DUT.\reg_r[0].reg_c[2].ireg .\Q_reg[17]  of module DFCNQD1BWP30P140 <../logical/results/gate_level/convolution_analysis_view_0p90v_25c_captyp_nominal.sdf, line 101235>.
xmelab: *W,SDFNET: Unable to annotate to non-existent timing check (RECREM (posedge CDN) (COND D_SDFCHK (posedge CP)) (-26) (38)) of instance :DUT.\reg_r[0].reg_c[2].ireg .\Q_reg[25]  of module DFCNQD1BWP30P140 <../logical/results/gate_level/convolution_analysis_view_0p90v_25c_captyp_nominal.sdf, line 101256>.
xmelab: *W,SDFNET: Unable to annotate to non-existent timing check (RECREM (posedge CDN) (COND D_SDFCHK (posedge CP)) (-26) (38)) of instance :DUT.\reg_r[0].reg_c[2].ireg .\Q_reg[27]  of module DFCNQD1BWP30P140 <../logical/results/gate_level/convolution_analysis_view_0p90v_25c_captyp_nominal.sdf, line 101277>.
xmelab: *W,SDFNET: Unable to annotate to non-existent timing check (RECREM (posedge CDN) (COND D_SDFCHK (posedge CP)) (-26) (38)) of instance :DUT.\reg_r[1].reg_c[0].ireg .\Q_reg[14]  of module DFCNQD1BWP30P140 <../logical/results/gate_level/convolution_analysis_view_0p90v_25c_captyp_nominal.sdf, line 101308>.
xmelab: *W,SDFNET: Unable to annotate to non-existent timing check (RECREM (posedge CDN) (COND D_SDFCHK (posedge CP)) (-26) (38)) of instance :DUT.\reg_r[1].reg_c[0].ireg .\Q_reg[19]  of module DFCNQD1BWP30P140 <../logical/results/gate_level/convolution_analysis_view_0p90v_25c_captyp_nominal.sdf, line 101329>.
xmelab: *W,SDFNET: Unable to annotate to non-existent timing check (RECREM (posedge CDN) (COND D_SDFCHK (posedge CP)) (-26) (38)) of instance :DUT.\reg_r[1].reg_c[0].ireg .\Q_reg[25]  of module DFCNQD1BWP30P140 <../logical/results/gate_level/convolution_analysis_view_0p90v_25c_captyp_nominal.sdf, line 101350>.
xmelab: *W,SDFNET: Unable to annotate to non-existent timing check (RECREM (posedge CDN) (COND D_SDFCHK (posedge CP)) (-26) (38)) of instance :DUT.\reg_r[1].reg_c[0].ireg .\Q_reg[29]  of module DFCNQD1BWP30P140 <../logical/results/gate_level/convolution_analysis_view_0p90v_25c_captyp_nominal.sdf, line 101371>.
xmelab: *W,SDFNET: Unable to annotate to non-existent timing check (RECREM (posedge CDN) (COND D_SDFCHK (posedge CP)) (-26) (38)) of instance :DUT.\reg_r[1].reg_c[0].ireg .\Q_reg[32]  of module DFCNQD1BWP30P140 <../logical/results/gate_level/convolution_analysis_view_0p90v_25c_captyp_nominal.sdf, line 101392>.
xmelab: *W,SDFNET: Unable to annotate to non-existent timing check (RECREM (posedge CDN) (COND D_SDFCHK (posedge CP)) (-26) (38)) of instance :DUT.\reg_r[1].reg_c[0].ireg .\Q_reg[31]  of module DFCNQD1BWP30P140 <../logical/results/gate_level/convolution_analysis_view_0p90v_25c_captyp_nominal.sdf, line 101413>.
xmelab: *W,SDFNET: Unable to annotate to non-existent timing check (RECREM (posedge CDN) (COND D_SDFCHK (posedge CP)) (-26) (38)) of instance :DUT.\reg_r[1].reg_c[0].ireg .\Q_reg[30]  of module DFCNQD1BWP30P140 <../logical/results/gate_level/convolution_analysis_view_0p90v_25c_captyp_nominal.sdf, line 101434>.
xmelab: *W,SDFNET: Unable to annotate to non-existent timing check (RECREM (posedge CDN) (COND D_SDFCHK (posedge CP)) (-26) (38)) of instance :DUT.\reg_r[1].reg_c[0].ireg .\Q_reg[28]  of module DFCNQD1BWP30P140 <../logical/results/gate_level/convolution_analysis_view_0p90v_25c_captyp_nominal.sdf, line 101455>.
xmelab: *W,SDFNET: Unable to annotate to non-existent timing check (RECREM (posedge CDN) (COND D_SDFCHK (posedge CP)) (-26) (38)) of instance :DUT.\reg_r[1].reg_c[0].ireg .\Q_reg[27]  of module DFCNQD1BWP30P140 <../logical/results/gate_level/convolution_analysis_view_0p90v_25c_captyp_nominal.sdf, line 101476>.
xmelab: *W,SDFNET: Unable to annotate to non-existent timing check (RECREM (posedge CDN) (COND D_SDFCHK (posedge CP)) (-26) (38)) of instance :DUT.\reg_r[1].reg_c[0].ireg .\Q_reg[26]  of module DFCNQD1BWP30P140 <../logical/results/gate_level/convolution_analysis_view_0p90v_25c_captyp_nominal.sdf, line 101497>.
xmelab: *W,SDFNET: Unable to annotate to non-existent timing check (RECREM (posedge CDN) (COND D_SDFCHK (posedge CP)) (-26) (38)) of instance :DUT.\reg_r[1].reg_c[0].ireg .\Q_reg[24]  of module DFCNQD1BWP30P140 <../logical/results/gate_level/convolution_analysis_view_0p90v_25c_captyp_nominal.sdf, line 101518>.
xmelab: *W,SDFNET: Unable to annotate to non-existent timing check (RECREM (posedge CDN) (COND D_SDFCHK (posedge CP)) (-26) (38)) of instance :DUT.\reg_r[1].reg_c[0].ireg .\Q_reg[23]  of module DFCNQD1BWP30P140 <../logical/results/gate_level/convolution_analysis_view_0p90v_25c_captyp_nominal.sdf, line 101539>.
xmelab: *W,SDFNET: Unable to annotate to non-existent timing check (RECREM (posedge CDN) (COND D_SDFCHK (posedge CP)) (-26) (38)) of instance :DUT.\reg_r[1].reg_c[0].ireg .\Q_reg[22]  of module DFCNQD1BWP30P140 <../logical/results/gate_level/convolution_analysis_view_0p90v_25c_captyp_nominal.sdf, line 101560>.
xmelab: *W,SDFNET: Unable to annotate to non-existent timing check (RECREM (posedge CDN) (COND D_SDFCHK (posedge CP)) (-26) (38)) of instance :DUT.\reg_r[1].reg_c[0].ireg .\Q_reg[20]  of module DFCNQD1BWP30P140 <../logical/results/gate_level/convolution_analysis_view_0p90v_25c_captyp_nominal.sdf, line 101581>.
xmelab: *W,SDFNET: Unable to annotate to non-existent timing check (RECREM (posedge CDN) (COND D_SDFCHK (posedge CP)) (-26) (38)) of instance :DUT.\reg_r[1].reg_c[0].ireg .\Q_reg[18]  of module DFCNQD1BWP30P140 <../logical/results/gate_level/convolution_analysis_view_0p90v_25c_captyp_nominal.sdf, line 101602>.
xmelab: *W,SDFNET: Unable to annotate to non-existent timing check (RECREM (posedge CDN) (COND D_SDFCHK (posedge CP)) (-26) (38)) of instance :DUT.\reg_r[1].reg_c[0].ireg .\Q_reg[16]  of module DFCNQD1BWP30P140 <../logical/results/gate_level/convolution_analysis_view_0p90v_25c_captyp_nominal.sdf, line 101623>.
xmelab: *W,SDFNET: Unable to annotate to non-existent timing check (RECREM (posedge CDN) (COND D_SDFCHK (posedge CP)) (-26) (38)) of instance :DUT.\reg_r[1].reg_c[0].ireg .\Q_reg[15]  of module DFCNQD1BWP30P140 <../logical/results/gate_level/convolution_analysis_view_0p90v_25c_captyp_nominal.sdf, line 101644>.
xmelab: *W,SDFNET: Unable to annotate to non-existent timing check (RECREM (posedge CDN) (COND D_SDFCHK (posedge CP)) (-26) (38)) of instance :DUT.\reg_r[1].reg_c[0].ireg .\Q_reg[12]  of module DFCNQD1BWP30P140 <../logical/results/gate_level/convolution_analysis_view_0p90v_25c_captyp_nominal.sdf, line 101665>.
xmelab: *W,SDFNET: Unable to annotate to non-existent timing check (RECREM (posedge CDN) (COND D_SDFCHK (posedge CP)) (-26) (38)) of instance :DUT.\reg_r[1].reg_c[0].ireg .\Q_reg[11]  of module DFCNQD1BWP30P140 <../logical/results/gate_level/convolution_analysis_view_0p90v_25c_captyp_nominal.sdf, line 101686>.
xmelab: *W,SDFNET: Unable to annotate to non-existent timing check (RECREM (posedge CDN) (COND D_SDFCHK (posedge CP)) (-26) (38)) of instance :DUT.\reg_r[1].reg_c[0].ireg .\Q_reg[10]  of module DFCNQD1BWP30P140 <../logical/results/gate_level/convolution_analysis_view_0p90v_25c_captyp_nominal.sdf, line 101707>.
xmelab: *W,SDFNET: Unable to annotate to non-existent timing check (RECREM (posedge CDN) (COND D_SDFCHK (posedge CP)) (-26) (38)) of instance :DUT.\reg_r[1].reg_c[0].ireg .\Q_reg[8]  of module DFCNQD1BWP30P140 <../logical/results/gate_level/convolution_analysis_view_0p90v_25c_captyp_nominal.sdf, line 101728>.
xmelab: *W,SDFNET: Unable to annotate to non-existent timing check (RECREM (posedge CDN) (COND D_SDFCHK (posedge CP)) (-26) (38)) of instance :DUT.\reg_r[1].reg_c[0].ireg .\Q_reg[7]  of module DFCNQD1BWP30P140 <../logical/results/gate_level/convolution_analysis_view_0p90v_25c_captyp_nominal.sdf, line 101749>.
xmelab: *W,SDFNET: Unable to annotate to non-existent timing check (RECREM (posedge CDN) (COND D_SDFCHK (posedge CP)) (-26) (38)) of instance :DUT.\reg_r[1].reg_c[0].ireg .\Q_reg[6]  of module DFCNQD1BWP30P140 <../logical/results/gate_level/convolution_analysis_view_0p90v_25c_captyp_nominal.sdf, line 101770>.
xmelab: *W,SDFNET: Unable to annotate to non-existent timing check (RECREM (posedge CDN) (COND D_SDFCHK (posedge CP)) (-26) (38)) of instance :DUT.\reg_r[1].reg_c[0].ireg .\Q_reg[4]  of module DFCNQD1BWP30P140 <../logical/results/gate_level/convolution_analysis_view_0p90v_25c_captyp_nominal.sdf, line 101791>.
xmelab: *W,SDFNET: Unable to annotate to non-existent timing check (RECREM (posedge CDN) (COND D_SDFCHK (posedge CP)) (-26) (38)) of instance :DUT.\reg_r[1].reg_c[0].ireg .\Q_reg[2]  of module DFCNQD1BWP30P140 <../logical/results/gate_level/convolution_analysis_view_0p90v_25c_captyp_nominal.sdf, line 101812>.
xmelab: *W,SDFNET: Unable to annotate to non-existent timing check (RECREM (posedge CDN) (COND D_SDFCHK (posedge CP)) (-26) (38)) of instance :DUT.\reg_r[1].reg_c[0].ireg .\Q_reg[0]  of module DFCNQD1BWP30P140 <../logical/results/gate_level/convolution_analysis_view_0p90v_25c_captyp_nominal.sdf, line 101833>.
xmelab: *W,SDFNET: Unable to annotate to non-existent timing check (RECREM (posedge CDN) (COND D_SDFCHK (posedge CP)) (-26) (38)) of instance :DUT.\reg_r[1].reg_c[0].ireg .\Q_reg[21]  of module DFCNQD1BWP30P140 <../logical/results/gate_level/convolution_analysis_view_0p90v_25c_captyp_nominal.sdf, line 101854>.
xmelab: *W,SDFNET: Unable to annotate to non-existent timing check (RECREM (posedge CDN) (COND D_SDFCHK (posedge CP)) (-26) (38)) of instance :DUT.\reg_r[1].reg_c[0].ireg .\Q_reg[1]  of module DFCNQD1BWP30P140 <../logical/results/gate_level/convolution_analysis_view_0p90v_25c_captyp_nominal.sdf, line 101875>.
xmelab: *W,SDFNET: Unable to annotate to non-existent timing check (RECREM (posedge CDN) (COND D_SDFCHK (posedge CP)) (-26) (38)) of instance :DUT.\reg_r[1].reg_c[0].ireg .\Q_reg[9]  of module DFCNQD1BWP30P140 <../logical/results/gate_level/convolution_analysis_view_0p90v_25c_captyp_nominal.sdf, line 101896>.
xmelab: *W,SDFNET: Unable to annotate to non-existent timing check (RECREM (posedge CDN) (COND D_SDFCHK (posedge CP)) (-26) (38)) of instance :DUT.\reg_r[1].reg_c[0].ireg .\Q_reg[5]  of module DFCNQD1BWP30P140 <../logical/results/gate_level/convolution_analysis_view_0p90v_25c_captyp_nominal.sdf, line 101917>.
xmelab: *W,SDFNET: Unable to annotate to non-existent timing check (RECREM (posedge CDN) (COND D_SDFCHK (posedge CP)) (-26) (38)) of instance :DUT.\reg_r[1].reg_c[0].ireg .\Q_reg[13]  of module DFCNQD1BWP30P140 <../logical/results/gate_level/convolution_analysis_view_0p90v_25c_captyp_nominal.sdf, line 101938>.
xmelab: *W,SDFNET: Unable to annotate to non-existent timing check (RECREM (posedge CDN) (COND D_SDFCHK (posedge CP)) (-26) (38)) of instance :DUT.\reg_r[1].reg_c[0].ireg .\Q_reg[17]  of module DFCNQD1BWP30P140 <../logical/results/gate_level/convolution_analysis_view_0p90v_25c_captyp_nominal.sdf, line 101959>.
xmelab: *W,SDFNET: Unable to annotate to non-existent timing check (RECREM (posedge CDN) (COND D_SDFCHK (posedge CP)) (-26) (38)) of instance :DUT.\reg_r[1].reg_c[0].ireg .\Q_reg[3]  of module DFCNQD1BWP30P140 <../logical/results/gate_level/convolution_analysis_view_0p90v_25c_captyp_nominal.sdf, line 101980>.
xmelab: *W,SDFNET: Unable to annotate to non-existent timing check (RECREM (posedge CDN) (COND D_SDFCHK (posedge CP)) (-26) (38)) of instance :DUT.\reg_r[1].reg_c[1].ireg .\Q_reg[16]  of module DFCNQD1BWP30P140 <../logical/results/gate_level/convolution_analysis_view_0p90v_25c_captyp_nominal.sdf, line 102011>.
xmelab: *W,SDFNET: Unable to annotate to non-existent timing check (RECREM (posedge CDN) (COND D_SDFCHK (posedge CP)) (-26) (38)) of instance :DUT.\reg_r[1].reg_c[1].ireg .\Q_reg[1]  of module DFCNQD1BWP30P140 <../logical/results/gate_level/convolution_analysis_view_0p90v_25c_captyp_nominal.sdf, line 102032>.
xmelab: *W,SDFNET: Unable to annotate to non-existent timing check (RECREM (posedge CDN) (COND D_SDFCHK (posedge CP)) (-26) (38)) of instance :DUT.\reg_r[1].reg_c[1].ireg .\Q_reg[15]  of module DFCNQD1BWP30P140 <../logical/results/gate_level/convolution_analysis_view_0p90v_25c_captyp_nominal.sdf, line 102053>.
xmelab: *W,SDFNET: Unable to annotate to non-existent timing check (RECREM (posedge CDN) (COND D_SDFCHK (posedge CP)) (-26) (38)) of instance :DUT.\reg_r[1].reg_c[1].ireg .\Q_reg[25]  of module DFCNQD1BWP30P140 <../logical/results/gate_level/convolution_analysis_view_0p90v_25c_captyp_nominal.sdf, line 102074>.
xmelab: *W,SDFNET: Unable to annotate to non-existent timing check (RECREM (posedge CDN) (COND D_SDFCHK (posedge CP)) (-26) (38)) of instance :DUT.\reg_r[1].reg_c[1].ireg .\Q_reg[12]  of module DFCNQD1BWP30P140 <../logical/results/gate_level/convolution_analysis_view_0p90v_25c_captyp_nominal.sdf, line 102095>.
xmelab: *W,SDFNET: Unable to annotate to non-existent timing check (RECREM (posedge CDN) (COND D_SDFCHK (posedge CP)) (-26) (38)) of instance :DUT.\reg_r[1].reg_c[1].ireg .\Q_reg[10]  of module DFCNQD1BWP30P140 <../logical/results/gate_level/convolution_analysis_view_0p90v_25c_captyp_nominal.sdf, line 102116>.
xmelab: *W,SDFNET: Unable to annotate to non-existent timing check (RECREM (posedge CDN) (COND D_SDFCHK (posedge CP)) (-26) (38)) of instance :DUT.\reg_r[1].reg_c[1].ireg .\Q_reg[14]  of module DFCNQD1BWP30P140 <../logical/results/gate_level/convolution_analysis_view_0p90v_25c_captyp_nominal.sdf, line 102137>.
xmelab: *W,SDFNET: Unable to annotate to non-existent timing check (RECREM (posedge CDN) (COND D_SDFCHK (posedge CP)) (-26) (38)) of instance :DUT.\reg_r[1].reg_c[1].ireg .\Q_reg[20]  of module DFCNQD1BWP30P140 <../logical/results/gate_level/convolution_analysis_view_0p90v_25c_captyp_nominal.sdf, line 102158>.
xmelab: *W,SDFNET: Unable to annotate to non-existent timing check (RECREM (posedge CDN) (COND D_SDFCHK (posedge CP)) (-26) (38)) of instance :DUT.\reg_r[1].reg_c[1].ireg .\Q_reg[24]  of module DFCNQD1BWP30P140 <../logical/results/gate_level/convolution_analysis_view_0p90v_25c_captyp_nominal.sdf, line 102179>.
xmelab: *W,SDFNET: Unable to annotate to non-existent timing check (RECREM (posedge CDN) (COND D_SDFCHK (posedge CP)) (-26) (38)) of instance :DUT.\reg_r[1].reg_c[1].ireg .\Q_reg[23]  of module DFCNQD1BWP30P140 <../logical/results/gate_level/convolution_analysis_view_0p90v_25c_captyp_nominal.sdf, line 102200>.
xmelab: *W,SDFNET: Unable to annotate to non-existent timing check (RECREM (posedge CDN) (COND D_SDFCHK (posedge CP)) (-26) (38)) of instance :DUT.\reg_r[1].reg_c[1].ireg .\Q_reg[26]  of module DFCNQD1BWP30P140 <../logical/results/gate_level/convolution_analysis_view_0p90v_25c_captyp_nominal.sdf, line 102221>.
xmelab: *W,SDFNET: Unable to annotate to non-existent timing check (RECREM (posedge CDN) (COND D_SDFCHK (posedge CP)) (-26) (38)) of instance :DUT.\reg_r[1].reg_c[1].ireg .\Q_reg[28]  of module DFCNQD1BWP30P140 <../logical/results/gate_level/convolution_analysis_view_0p90v_25c_captyp_nominal.sdf, line 102242>.
xmelab: *W,SDFNET: Unable to annotate to non-existent timing check (RECREM (posedge CDN) (COND D_SDFCHK (posedge CP)) (-26) (38)) of instance :DUT.\reg_r[1].reg_c[1].ireg .\Q_reg[32]  of module DFCNQD1BWP30P140 <../logical/results/gate_level/convolution_analysis_view_0p90v_25c_captyp_nominal.sdf, line 102263>.
xmelab: *W,SDFNET: Unable to annotate to non-existent timing check (RECREM (posedge CDN) (COND D_SDFCHK (posedge CP)) (-26) (38)) of instance :DUT.\reg_r[1].reg_c[1].ireg .\Q_reg[31]  of module DFCNQD1BWP30P140 <../logical/results/gate_level/convolution_analysis_view_0p90v_25c_captyp_nominal.sdf, line 102284>.
xmelab: *W,SDFNET: Unable to annotate to non-existent timing check (RECREM (posedge CDN) (COND D_SDFCHK (posedge CP)) (-26) (38)) of instance :DUT.\reg_r[1].reg_c[1].ireg .\Q_reg[30]  of module DFCNQD1BWP30P140 <../logical/results/gate_level/convolution_analysis_view_0p90v_25c_captyp_nominal.sdf, line 102305>.
xmelab: *W,SDFNET: Unable to annotate to non-existent timing check (RECREM (posedge CDN) (COND D_SDFCHK (posedge CP)) (-26) (38)) of instance :DUT.\reg_r[1].reg_c[1].ireg .\Q_reg[27]  of module DFCNQD1BWP30P140 <../logical/results/gate_level/convolution_analysis_view_0p90v_25c_captyp_nominal.sdf, line 102326>.
xmelab: *W,SDFNET: Unable to annotate to non-existent timing check (RECREM (posedge CDN) (COND D_SDFCHK (posedge CP)) (-26) (38)) of instance :DUT.\reg_r[1].reg_c[1].ireg .\Q_reg[22]  of module DFCNQD1BWP30P140 <../logical/results/gate_level/convolution_analysis_view_0p90v_25c_captyp_nominal.sdf, line 102347>.
xmelab: *W,SDFNET: Unable to annotate to non-existent timing check (RECREM (posedge CDN) (COND D_SDFCHK (posedge CP)) (-26) (38)) of instance :DUT.\reg_r[1].reg_c[1].ireg .\Q_reg[19]  of module DFCNQD1BWP30P140 <../logical/results/gate_level/convolution_analysis_view_0p90v_25c_captyp_nominal.sdf, line 102368>.
xmelab: *W,SDFNET: Unable to annotate to non-existent timing check (RECREM (posedge CDN) (COND D_SDFCHK (posedge CP)) (-26) (38)) of instance :DUT.\reg_r[1].reg_c[1].ireg .\Q_reg[18]  of module DFCNQD1BWP30P140 <../logical/results/gate_level/convolution_analysis_view_0p90v_25c_captyp_nominal.sdf, line 102389>.
xmelab: *W,SDFNET: Unable to annotate to non-existent timing check (RECREM (posedge CDN) (COND D_SDFCHK (posedge CP)) (-26) (38)) of instance :DUT.\reg_r[1].reg_c[1].ireg .\Q_reg[8]  of module DFCNQD1BWP30P140 <../logical/results/gate_level/convolution_analysis_view_0p90v_25c_captyp_nominal.sdf, line 102410>.
xmelab: *W,SDFNET: Unable to annotate to non-existent timing check (RECREM (posedge CDN) (COND D_SDFCHK (posedge CP)) (-26) (38)) of instance :DUT.\reg_r[1].reg_c[1].ireg .\Q_reg[7]  of module DFCNQD1BWP30P140 <../logical/results/gate_level/convolution_analysis_view_0p90v_25c_captyp_nominal.sdf, line 102431>.
xmelab: *W,SDFNET: Unable to annotate to non-existent timing check (RECREM (posedge CDN) (COND D_SDFCHK (posedge CP)) (-26) (38)) of instance :DUT.\reg_r[1].reg_c[1].ireg .\Q_reg[6]  of module DFCNQD1BWP30P140 <../logical/results/gate_level/convolution_analysis_view_0p90v_25c_captyp_nominal.sdf, line 102452>.
xmelab: *W,SDFNET: Unable to annotate to non-existent timing check (RECREM (posedge CDN) (COND D_SDFCHK (posedge CP)) (-26) (38)) of instance :DUT.\reg_r[1].reg_c[1].ireg .\Q_reg[4]  of module DFCNQD1BWP30P140 <../logical/results/gate_level/convolution_analysis_view_0p90v_25c_captyp_nominal.sdf, line 102473>.
xmelab: *W,SDFNET: Unable to annotate to non-existent timing check (RECREM (posedge CDN) (COND D_SDFCHK (posedge CP)) (-26) (38)) of instance :DUT.\reg_r[1].reg_c[1].ireg .\Q_reg[3]  of module DFCNQD1BWP30P140 <../logical/results/gate_level/convolution_analysis_view_0p90v_25c_captyp_nominal.sdf, line 102494>.
xmelab: *W,SDFNET: Unable to annotate to non-existent timing check (RECREM (posedge CDN) (COND D_SDFCHK (posedge CP)) (-26) (38)) of instance :DUT.\reg_r[1].reg_c[1].ireg .\Q_reg[2]  of module DFCNQD1BWP30P140 <../logical/results/gate_level/convolution_analysis_view_0p90v_25c_captyp_nominal.sdf, line 102515>.
xmelab: *W,SDFNET: Unable to annotate to non-existent timing check (RECREM (posedge CDN) (COND D_SDFCHK (posedge CP)) (-26) (38)) of instance :DUT.\reg_r[1].reg_c[1].ireg .\Q_reg[0]  of module DFCNQD1BWP30P140 <../logical/results/gate_level/convolution_analysis_view_0p90v_25c_captyp_nominal.sdf, line 102536>.
xmelab: *W,SDFNET: Unable to annotate to non-existent timing check (RECREM (posedge CDN) (COND D_SDFCHK (posedge CP)) (-26) (38)) of instance :DUT.\reg_r[1].reg_c[1].ireg .\Q_reg[21]  of module DFCNQD1BWP30P140 <../logical/results/gate_level/convolution_analysis_view_0p90v_25c_captyp_nominal.sdf, line 102557>.
xmelab: *W,SDFNET: Unable to annotate to non-existent timing check (RECREM (posedge CDN) (COND D_SDFCHK (posedge CP)) (-26) (38)) of instance :DUT.\reg_r[1].reg_c[1].ireg .\Q_reg[5]  of module DFCNQD1BWP30P140 <../logical/results/gate_level/convolution_analysis_view_0p90v_25c_captyp_nominal.sdf, line 102578>.
xmelab: *W,SDFNET: Unable to annotate to non-existent timing check (RECREM (posedge CDN) (COND D_SDFCHK (posedge CP)) (-26) (38)) of instance :DUT.\reg_r[1].reg_c[1].ireg .\Q_reg[17]  of module DFCNQD1BWP30P140 <../logical/results/gate_level/convolution_analysis_view_0p90v_25c_captyp_nominal.sdf, line 102599>.
xmelab: *W,SDFNET: Unable to annotate to non-existent timing check (RECREM (posedge CDN) (COND D_SDFCHK (posedge CP)) (-26) (38)) of instance :DUT.\reg_r[1].reg_c[1].ireg .\Q_reg[29]  of module DFCNQD1BWP30P140 <../logical/results/gate_level/convolution_analysis_view_0p90v_25c_captyp_nominal.sdf, line 102620>.
xmelab: *W,SDFNET: Unable to annotate to non-existent timing check (RECREM (posedge CDN) (COND D_SDFCHK (posedge CP)) (-26) (38)) of instance :DUT.\reg_r[1].reg_c[1].ireg .\Q_reg[13]  of module DFCNQD1BWP30P140 <../logical/results/gate_level/convolution_analysis_view_0p90v_25c_captyp_nominal.sdf, line 102641>.
xmelab: *W,SDFNET: Unable to annotate to non-existent timing check (RECREM (posedge CDN) (COND D_SDFCHK (posedge CP)) (-26) (38)) of instance :DUT.\reg_r[1].reg_c[1].ireg .\Q_reg[9]  of module DFCNQD1BWP30P140 <../logical/results/gate_level/convolution_analysis_view_0p90v_25c_captyp_nominal.sdf, line 102662>.
xmelab: *W,SDFNET: Unable to annotate to non-existent timing check (RECREM (posedge CDN) (COND D_SDFCHK (posedge CP)) (-26) (38)) of instance :DUT.\reg_r[1].reg_c[1].ireg .\Q_reg[11]  of module DFCNQD1BWP30P140 <../logical/results/gate_level/convolution_analysis_view_0p90v_25c_captyp_nominal.sdf, line 102683>.
xmelab: *W,SDFNET: Unable to annotate to non-existent timing check (RECREM (posedge CDN) (COND D_SDFCHK (posedge CP)) (-26) (38)) of instance :DUT.\reg_r[1].reg_c[2].ireg .\Q_reg[22]  of module DFCNQD1BWP30P140 <../logical/results/gate_level/convolution_analysis_view_0p90v_25c_captyp_nominal.sdf, line 102714>.
xmelab: *W,SDFNET: Unable to annotate to non-existent timing check (RECREM (posedge CDN) (COND D_SDFCHK (posedge CP)) (-26) (38)) of instance :DUT.\reg_r[1].reg_c[2].ireg .\Q_reg[8]  of module DFCNQD1BWP30P140 <../logical/results/gate_level/convolution_analysis_view_0p90v_25c_captyp_nominal.sdf, line 102735>.
xmelab: *W,SDFNET: Unable to annotate to non-existent timing check (RECREM (posedge CDN) (COND D_SDFCHK (posedge CP)) (-26) (38)) of instance :DUT.\reg_r[1].reg_c[2].ireg .\Q_reg[0]  of module DFCNQD1BWP30P140 <../logical/results/gate_level/convolution_analysis_view_0p90v_25c_captyp_nominal.sdf, line 102756>.
xmelab: *W,SDFNET: Unable to annotate to non-existent timing check (RECREM (posedge CDN) (COND D_SDFCHK (posedge CP)) (-26) (38)) of instance :DUT.\reg_r[1].reg_c[2].ireg .\Q_reg[1]  of module DFCNQD1BWP30P140 <../logical/results/gate_level/convolution_analysis_view_0p90v_25c_captyp_nominal.sdf, line 102777>.
xmelab: *W,SDFNET: Unable to annotate to non-existent timing check (RECREM (posedge CDN) (COND D_SDFCHK (posedge CP)) (-26) (38)) of instance :DUT.\reg_r[1].reg_c[2].ireg .\Q_reg[5]  of module DFCNQD1BWP30P140 <../logical/results/gate_level/convolution_analysis_view_0p90v_25c_captyp_nominal.sdf, line 102798>.
xmelab: *W,SDFNET: Unable to annotate to non-existent timing check (RECREM (posedge CDN) (COND D_SDFCHK (posedge CP)) (-26) (38)) of instance :DUT.\reg_r[1].reg_c[2].ireg .\Q_reg[6]  of module DFCNQD1BWP30P140 <../logical/results/gate_level/convolution_analysis_view_0p90v_25c_captyp_nominal.sdf, line 102819>.
xmelab: *W,SDFNET: Unable to annotate to non-existent timing check (RECREM (posedge CDN) (COND D_SDFCHK (posedge CP)) (-26) (38)) of instance :DUT.\reg_r[1].reg_c[2].ireg .\Q_reg[2]  of module DFCNQD1BWP30P140 <../logical/results/gate_level/convolution_analysis_view_0p90v_25c_captyp_nominal.sdf, line 102840>.
xmelab: *W,SDFNET: Unable to annotate to non-existent timing check (RECREM (posedge CDN) (COND D_SDFCHK (posedge CP)) (-26) (38)) of instance :DUT.\reg_r[1].reg_c[2].ireg .\Q_reg[31]  of module DFCNQD1BWP30P140 <../logical/results/gate_level/convolution_analysis_view_0p90v_25c_captyp_nominal.sdf, line 102861>.
xmelab: *W,SDFNET: Unable to annotate to non-existent timing check (RECREM (posedge CDN) (COND D_SDFCHK (posedge CP)) (-26) (38)) of instance :DUT.\reg_r[1].reg_c[2].ireg .\Q_reg[11]  of module DFCNQD1BWP30P140 <../logical/results/gate_level/convolution_analysis_view_0p90v_25c_captyp_nominal.sdf, line 102882>.
xmelab: *W,SDFNET: Unable to annotate to non-existent timing check (RECREM (posedge CDN) (COND D_SDFCHK (posedge CP)) (-26) (38)) of instance :DUT.\reg_r[1].reg_c[2].ireg .\Q_reg[10]  of module DFCNQD1BWP30P140 <../logical/results/gate_level/convolution_analysis_view_0p90v_25c_captyp_nominal.sdf, line 102903>.
xmelab: *W,SDFNET: Unable to annotate to non-existent timing check (RECREM (posedge CDN) (COND D_SDFCHK (posedge CP)) (-26) (38)) of instance :DUT.\reg_r[1].reg_c[2].ireg .\Q_reg[15]  of module DFCNQD1BWP30P140 <../logical/results/gate_level/convolution_analysis_view_0p90v_25c_captyp_nominal.sdf, line 102924>.
xmelab: *W,SDFNET: Unable to annotate to non-existent timing check (RECREM (posedge CDN) (COND D_SDFCHK (posedge CP)) (-26) (38)) of instance :DUT.\reg_r[1].reg_c[2].ireg .\Q_reg[23]  of module DFCNQD1BWP30P140 <../logical/results/gate_level/convolution_analysis_view_0p90v_25c_captyp_nominal.sdf, line 102945>.
xmelab: *W,SDFNET: Unable to annotate to non-existent timing check (RECREM (posedge CDN) (COND D_SDFCHK (posedge CP)) (-26) (38)) of instance :DUT.\reg_r[1].reg_c[2].ireg .\Q_reg[20]  of module DFCNQD1BWP30P140 <../logical/results/gate_level/convolution_analysis_view_0p90v_25c_captyp_nominal.sdf, line 102966>.
xmelab: *W,SDFNET: Unable to annotate to non-existent timing check (RECREM (posedge CDN) (COND D_SDFCHK (posedge CP)) (-26) (38)) of instance :DUT.\reg_r[1].reg_c[2].ireg .\Q_reg[28]  of module DFCNQD1BWP30P140 <../logical/results/gate_level/convolution_analysis_view_0p90v_25c_captyp_nominal.sdf, line 102987>.
xmelab: *W,SDFNET: Unable to annotate to non-existent timing check (RECREM (posedge CDN) (COND D_SDFCHK (posedge CP)) (-26) (38)) of instance :DUT.\reg_r[1].reg_c[2].ireg .\Q_reg[26]  of module DFCNQD1BWP30P140 <../logical/results/gate_level/convolution_analysis_view_0p90v_25c_captyp_nominal.sdf, line 103008>.
xmelab: *W,SDFNET: Unable to annotate to non-existent timing check (RECREM (posedge CDN) (COND D_SDFCHK (posedge CP)) (-26) (38)) of instance :DUT.\reg_r[1].reg_c[2].ireg .\Q_reg[12]  of module DFCNQD1BWP30P140 <../logical/results/gate_level/convolution_analysis_view_0p90v_25c_captyp_nominal.sdf, line 103029>.
xmelab: *W,SDFNET: Unable to annotate to non-existent timing check (RECREM (posedge CDN) (COND D_SDFCHK (posedge CP)) (-26) (38)) of instance :DUT.\reg_r[1].reg_c[2].ireg .\Q_reg[21]  of module DFCNQD1BWP30P140 <../logical/results/gate_level/convolution_analysis_view_0p90v_25c_captyp_nominal.sdf, line 103050>.
xmelab: *W,SDFNET: Unable to annotate to non-existent timing check (RECREM (posedge CDN) (COND D_SDFCHK (posedge CP)) (-26) (38)) of instance :DUT.\reg_r[1].reg_c[2].ireg .\Q_reg[29]  of module DFCNQD1BWP30P140 <../logical/results/gate_level/convolution_analysis_view_0p90v_25c_captyp_nominal.sdf, line 103071>.
xmelab: *W,SDFNET: Unable to annotate to non-existent timing check (RECREM (posedge CDN) (COND D_SDFCHK (posedge CP)) (-26) (38)) of instance :DUT.\reg_r[1].reg_c[2].ireg .\Q_reg[9]  of module DFCNQD1BWP30P140 <../logical/results/gate_level/convolution_analysis_view_0p90v_25c_captyp_nominal.sdf, line 103092>.
xmelab: *W,SDFNET: Unable to annotate to non-existent timing check (RECREM (posedge CDN) (COND D_SDFCHK (posedge CP)) (-26) (38)) of instance :DUT.\reg_r[1].reg_c[2].ireg .\Q_reg[13]  of module DFCNQD1BWP30P140 <../logical/results/gate_level/convolution_analysis_view_0p90v_25c_captyp_nominal.sdf, line 103113>.
xmelab: *W,SDFNET: Unable to annotate to non-existent timing check (RECREM (posedge CDN) (COND D_SDFCHK (posedge CP)) (-26) (38)) of instance :DUT.\reg_r[1].reg_c[2].ireg .\Q_reg[17]  of module DFCNQD1BWP30P140 <../logical/results/gate_level/convolution_analysis_view_0p90v_25c_captyp_nominal.sdf, line 103134>.
xmelab: *W,SDFNET: Unable to annotate to non-existent timing check (RECREM (posedge CDN) (COND D_SDFCHK (posedge CP)) (-26) (38)) of instance :DUT.\reg_r[1].reg_c[2].ireg .\Q_reg[25]  of module DFCNQD1BWP30P140 <../logical/results/gate_level/convolution_analysis_view_0p90v_25c_captyp_nominal.sdf, line 103155>.
xmelab: *W,SDFNET: Unable to annotate to non-existent timing check (RECREM (posedge CDN) (COND D_SDFCHK (posedge CP)) (-26) (38)) of instance :DUT.\reg_r[1].reg_c[2].ireg .\Q_reg[32]  of module DFCNQD1BWP30P140 <../logical/results/gate_level/convolution_analysis_view_0p90v_25c_captyp_nominal.sdf, line 103176>.
xmelab: *W,SDFNET: Unable to annotate to non-existent timing check (RECREM (posedge CDN) (COND D_SDFCHK (posedge CP)) (-26) (38)) of instance :DUT.\reg_r[1].reg_c[2].ireg .\Q_reg[30]  of module DFCNQD1BWP30P140 <../logical/results/gate_level/convolution_analysis_view_0p90v_25c_captyp_nominal.sdf, line 103197>.
xmelab: *W,SDFNET: Unable to annotate to non-existent timing check (RECREM (posedge CDN) (COND D_SDFCHK (posedge CP)) (-26) (38)) of instance :DUT.\reg_r[1].reg_c[2].ireg .\Q_reg[27]  of module DFCNQD1BWP30P140 <../logical/results/gate_level/convolution_analysis_view_0p90v_25c_captyp_nominal.sdf, line 103218>.
xmelab: *W,SDFNET: Unable to annotate to non-existent timing check (RECREM (posedge CDN) (COND D_SDFCHK (posedge CP)) (-26) (38)) of instance :DUT.\reg_r[1].reg_c[2].ireg .\Q_reg[24]  of module DFCNQD1BWP30P140 <../logical/results/gate_level/convolution_analysis_view_0p90v_25c_captyp_nominal.sdf, line 103239>.
xmelab: *W,SDFNET: Unable to annotate to non-existent timing check (RECREM (posedge CDN) (COND D_SDFCHK (posedge CP)) (-26) (38)) of instance :DUT.\reg_r[1].reg_c[2].ireg .\Q_reg[19]  of module DFCNQD1BWP30P140 <../logical/results/gate_level/convolution_analysis_view_0p90v_25c_captyp_nominal.sdf, line 103260>.
xmelab: *W,SDFNET: Unable to annotate to non-existent timing check (RECREM (posedge CDN) (COND D_SDFCHK (posedge CP)) (-26) (38)) of instance :DUT.\reg_r[1].reg_c[2].ireg .\Q_reg[18]  of module DFCNQD1BWP30P140 <../logical/results/gate_level/convolution_analysis_view_0p90v_25c_captyp_nominal.sdf, line 103281>.
xmelab: *W,SDFNET: Unable to annotate to non-existent timing check (RECREM (posedge CDN) (COND D_SDFCHK (posedge CP)) (-26) (38)) of instance :DUT.\reg_r[1].reg_c[2].ireg .\Q_reg[16]  of module DFCNQD1BWP30P140 <../logical/results/gate_level/convolution_analysis_view_0p90v_25c_captyp_nominal.sdf, line 103302>.
xmelab: *W,SDFNET: Unable to annotate to non-existent timing check (RECREM (posedge CDN) (COND D_SDFCHK (posedge CP)) (-26) (38)) of instance :DUT.\reg_r[1].reg_c[2].ireg .\Q_reg[14]  of module DFCNQD1BWP30P140 <../logical/results/gate_level/convolution_analysis_view_0p90v_25c_captyp_nominal.sdf, line 103323>.
xmelab: *W,SDFNET: Unable to annotate to non-existent timing check (RECREM (posedge CDN) (COND D_SDFCHK (posedge CP)) (-26) (38)) of instance :DUT.\reg_r[1].reg_c[2].ireg .\Q_reg[7]  of module DFCNQD1BWP30P140 <../logical/results/gate_level/convolution_analysis_view_0p90v_25c_captyp_nominal.sdf, line 103344>.
xmelab: *W,SDFNET: Unable to annotate to non-existent timing check (RECREM (posedge CDN) (COND D_SDFCHK (posedge CP)) (-26) (38)) of instance :DUT.\reg_r[1].reg_c[2].ireg .\Q_reg[3]  of module DFCNQD1BWP30P140 <../logical/results/gate_level/convolution_analysis_view_0p90v_25c_captyp_nominal.sdf, line 103365>.
xmelab: *W,SDFNET: Unable to annotate to non-existent timing check (RECREM (posedge CDN) (COND D_SDFCHK (posedge CP)) (-26) (38)) of instance :DUT.\reg_r[1].reg_c[2].ireg .\Q_reg[4]  of module DFCNQD1BWP30P140 <../logical/results/gate_level/convolution_analysis_view_0p90v_25c_captyp_nominal.sdf, line 103386>.
xmelab: *W,SDFNET: Unable to annotate to non-existent timing check (RECREM (posedge CDN) (COND D_SDFCHK (posedge CP)) (-26) (38)) of instance :DUT.\reg_r[2].reg_c[0].ireg .\Q_reg[32]  of module DFCNQD1BWP30P140 <../logical/results/gate_level/convolution_analysis_view_0p90v_25c_captyp_nominal.sdf, line 103417>.
xmelab: *W,SDFNET: Unable to annotate to non-existent timing check (RECREM (posedge CDN) (COND D_SDFCHK (posedge CP)) (-26) (38)) of instance :DUT.\reg_r[2].reg_c[0].ireg .\Q_reg[31]  of module DFCNQD1BWP30P140 <../logical/results/gate_level/convolution_analysis_view_0p90v_25c_captyp_nominal.sdf, line 103438>.
xmelab: *W,SDFNET: Unable to annotate to non-existent timing check (RECREM (posedge CDN) (COND D_SDFCHK (posedge CP)) (-26) (38)) of instance :DUT.\reg_r[2].reg_c[0].ireg .\Q_reg[30]  of module DFCNQD1BWP30P140 <../logical/results/gate_level/convolution_analysis_view_0p90v_25c_captyp_nominal.sdf, line 103459>.
xmelab: *W,SDFNET: Unable to annotate to non-existent timing check (RECREM (posedge CDN) (COND D_SDFCHK (posedge CP)) (-26) (38)) of instance :DUT.\reg_r[2].reg_c[0].ireg .\Q_reg[29]  of module DFCNQD1BWP30P140 <../logical/results/gate_level/convolution_analysis_view_0p90v_25c_captyp_nominal.sdf, line 103480>.
xmelab: *W,SDFNET: Unable to annotate to non-existent timing check (RECREM (posedge CDN) (COND D_SDFCHK (posedge CP)) (-26) (38)) of instance :DUT.\reg_r[2].reg_c[0].ireg .\Q_reg[28]  of module DFCNQD1BWP30P140 <../logical/results/gate_level/convolution_analysis_view_0p90v_25c_captyp_nominal.sdf, line 103501>.
xmelab: *W,SDFNET: Unable to annotate to non-existent timing check (RECREM (posedge CDN) (COND D_SDFCHK (posedge CP)) (-26) (38)) of instance :DUT.\reg_r[2].reg_c[0].ireg .\Q_reg[27]  of module DFCNQD1BWP30P140 <../logical/results/gate_level/convolution_analysis_view_0p90v_25c_captyp_nominal.sdf, line 103522>.
xmelab: *W,SDFNET: Unable to annotate to non-existent timing check (RECREM (posedge CDN) (COND D_SDFCHK (posedge CP)) (-26) (38)) of instance :DUT.\reg_r[2].reg_c[0].ireg .\Q_reg[25]  of module DFCNQD1BWP30P140 <../logical/results/gate_level/convolution_analysis_view_0p90v_25c_captyp_nominal.sdf, line 103543>.
xmelab: *W,SDFNET: Unable to annotate to non-existent timing check (RECREM (posedge CDN) (COND D_SDFCHK (posedge CP)) (-26) (38)) of instance :DUT.\reg_r[2].reg_c[0].ireg .\Q_reg[24]  of module DFCNQD1BWP30P140 <../logical/results/gate_level/convolution_analysis_view_0p90v_25c_captyp_nominal.sdf, line 103564>.
xmelab: *W,SDFNET: Unable to annotate to non-existent timing check (RECREM (posedge CDN) (COND D_SDFCHK (posedge CP)) (-26) (38)) of instance :DUT.\reg_r[2].reg_c[0].ireg .\Q_reg[23]  of module DFCNQD1BWP30P140 <../logical/results/gate_level/convolution_analysis_view_0p90v_25c_captyp_nominal.sdf, line 103585>.
xmelab: *W,SDFNET: Unable to annotate to non-existent timing check (RECREM (posedge CDN) (COND D_SDFCHK (posedge CP)) (-26) (38)) of instance :DUT.\reg_r[2].reg_c[0].ireg .\Q_reg[21]  of module DFCNQD1BWP30P140 <../logical/results/gate_level/convolution_analysis_view_0p90v_25c_captyp_nominal.sdf, line 103606>.
xmelab: *W,SDFNET: Unable to annotate to non-existent timing check (RECREM (posedge CDN) (COND D_SDFCHK (posedge CP)) (-26) (38)) of instance :DUT.\reg_r[2].reg_c[0].ireg .\Q_reg[20]  of module DFCNQD1BWP30P140 <../logical/results/gate_level/convolution_analysis_view_0p90v_25c_captyp_nominal.sdf, line 103627>.
xmelab: *W,SDFNET: Unable to annotate to non-existent timing check (RECREM (posedge CDN) (COND D_SDFCHK (posedge CP)) (-26) (38)) of instance :DUT.\reg_r[2].reg_c[0].ireg .\Q_reg[19]  of module DFCNQD1BWP30P140 <../logical/results/gate_level/convolution_analysis_view_0p90v_25c_captyp_nominal.sdf, line 103648>.
xmelab: *W,SDFNET: Unable to annotate to non-existent timing check (RECREM (posedge CDN) (COND D_SDFCHK (posedge CP)) (-26) (38)) of instance :DUT.\reg_r[2].reg_c[0].ireg .\Q_reg[16]  of module DFCNQD1BWP30P140 <../logical/results/gate_level/convolution_analysis_view_0p90v_25c_captyp_nominal.sdf, line 103669>.
xmelab: *W,SDFNET: Unable to annotate to non-existent timing check (RECREM (posedge CDN) (COND D_SDFCHK (posedge CP)) (-26) (38)) of instance :DUT.\reg_r[2].reg_c[0].ireg .\Q_reg[15]  of module DFCNQD1BWP30P140 <../logical/results/gate_level/convolution_analysis_view_0p90v_25c_captyp_nominal.sdf, line 103690>.
xmelab: *W,SDFNET: Unable to annotate to non-existent timing check (RECREM (posedge CDN) (COND D_SDFCHK (posedge CP)) (-26) (38)) of instance :DUT.\reg_r[2].reg_c[0].ireg .\Q_reg[14]  of module DFCNQD1BWP30P140 <../logical/results/gate_level/convolution_analysis_view_0p90v_25c_captyp_nominal.sdf, line 103711>.
xmelab: *W,SDFNET: Unable to annotate to non-existent timing check (RECREM (posedge CDN) (COND D_SDFCHK (posedge CP)) (-26) (38)) of instance :DUT.\reg_r[2].reg_c[0].ireg .\Q_reg[13]  of module DFCNQD1BWP30P140 <../logical/results/gate_level/convolution_analysis_view_0p90v_25c_captyp_nominal.sdf, line 103732>.
xmelab: *W,SDFNET: Unable to annotate to non-existent timing check (RECREM (posedge CDN) (COND D_SDFCHK (posedge CP)) (-26) (38)) of instance :DUT.\reg_r[2].reg_c[0].ireg .\Q_reg[12]  of module DFCNQD1BWP30P140 <../logical/results/gate_level/convolution_analysis_view_0p90v_25c_captyp_nominal.sdf, line 103753>.
xmelab: *W,SDFNET: Unable to annotate to non-existent timing check (RECREM (posedge CDN) (COND D_SDFCHK (posedge CP)) (-26) (38)) of instance :DUT.\reg_r[2].reg_c[0].ireg .\Q_reg[11]  of module DFCNQD1BWP30P140 <../logical/results/gate_level/convolution_analysis_view_0p90v_25c_captyp_nominal.sdf, line 103774>.
xmelab: *W,SDFNET: Unable to annotate to non-existent timing check (RECREM (posedge CDN) (COND D_SDFCHK (posedge CP)) (-26) (38)) of instance :DUT.\reg_r[2].reg_c[0].ireg .\Q_reg[9]  of module DFCNQD1BWP30P140 <../logical/results/gate_level/convolution_analysis_view_0p90v_25c_captyp_nominal.sdf, line 103795>.
xmelab: *W,SDFNET: Unable to annotate to non-existent timing check (RECREM (posedge CDN) (COND D_SDFCHK (posedge CP)) (-26) (38)) of instance :DUT.\reg_r[2].reg_c[0].ireg .\Q_reg[8]  of module DFCNQD1BWP30P140 <../logical/results/gate_level/convolution_analysis_view_0p90v_25c_captyp_nominal.sdf, line 103816>.
xmelab: *W,SDFNET: Unable to annotate to non-existent timing check (RECREM (posedge CDN) (COND D_SDFCHK (posedge CP)) (-26) (38)) of instance :DUT.\reg_r[2].reg_c[0].ireg .\Q_reg[7]  of module DFCNQD1BWP30P140 <../logical/results/gate_level/convolution_analysis_view_0p90v_25c_captyp_nominal.sdf, line 103837>.
xmelab: *W,SDFNET: Unable to annotate to non-existent timing check (RECREM (posedge CDN) (COND D_SDFCHK (posedge CP)) (-26) (38)) of instance :DUT.\reg_r[2].reg_c[0].ireg .\Q_reg[33]  of module DFCNQD1BWP30P140 <../logical/results/gate_level/convolution_analysis_view_0p90v_25c_captyp_nominal.sdf, line 103858>.
xmelab: *W,SDFNET: Unable to annotate to non-existent timing check (RECREM (posedge CDN) (COND D_SDFCHK (posedge CP)) (-26) (38)) of instance :DUT.\reg_r[2].reg_c[0].ireg .\Q_reg[3]  of module DFCNQD1BWP30P140 <../logical/results/gate_level/convolution_analysis_view_0p90v_25c_captyp_nominal.sdf, line 103879>.
xmelab: *W,SDFNET: Unable to annotate to non-existent timing check (RECREM (posedge CDN) (COND D_SDFCHK (posedge CP)) (-26) (38)) of instance :DUT.\reg_r[2].reg_c[0].ireg .\Q_reg[17]  of module DFCNQD1BWP30P140 <../logical/results/gate_level/convolution_analysis_view_0p90v_25c_captyp_nominal.sdf, line 103900>.
xmelab: *W,SDFNET: Unable to annotate to non-existent timing check (RECREM (posedge CDN) (COND D_SDFCHK (posedge CP)) (-26) (38)) of instance :DUT.\reg_r[2].reg_c[0].ireg .\Q_reg[1]  of module DFCNQD1BWP30P140 <../logical/results/gate_level/convolution_analysis_view_0p90v_25c_captyp_nominal.sdf, line 103921>.
xmelab: *W,SDFNET: Unable to annotate to non-existent timing check (RECREM (posedge CDN) (COND D_SDFCHK (posedge CP)) (-26) (38)) of instance :DUT.\reg_r[2].reg_c[0].ireg .\Q_reg[0]  of module DFCNQD1BWP30P140 <../logical/results/gate_level/convolution_analysis_view_0p90v_25c_captyp_nominal.sdf, line 103942>.
xmelab: *W,SDFNET: Unable to annotate to non-existent timing check (RECREM (posedge CDN) (COND D_SDFCHK (posedge CP)) (-26) (38)) of instance :DUT.\reg_r[2].reg_c[0].ireg .\Q_reg[18]  of module DFCNQD1BWP30P140 <../logical/results/gate_level/convolution_analysis_view_0p90v_25c_captyp_nominal.sdf, line 103963>.
xmelab: *W,SDFNET: Unable to annotate to non-existent timing check (RECREM (posedge CDN) (COND D_SDFCHK (posedge CP)) (-26) (38)) of instance :DUT.\reg_r[2].reg_c[0].ireg .\Q_reg[2]  of module DFCNQD1BWP30P140 <../logical/results/gate_level/convolution_analysis_view_0p90v_25c_captyp_nominal.sdf, line 103984>.
xmelab: *W,SDFNET: Unable to annotate to non-existent timing check (RECREM (posedge CDN) (COND D_SDFCHK (posedge CP)) (-26) (38)) of instance :DUT.\reg_r[2].reg_c[0].ireg .\Q_reg[6]  of module DFCNQD1BWP30P140 <../logical/results/gate_level/convolution_analysis_view_0p90v_25c_captyp_nominal.sdf, line 104005>.
xmelab: *W,SDFNET: Unable to annotate to non-existent timing check (RECREM (posedge CDN) (COND D_SDFCHK (posedge CP)) (-26) (38)) of instance :DUT.\reg_r[2].reg_c[0].ireg .\Q_reg[10]  of module DFCNQD1BWP30P140 <../logical/results/gate_level/convolution_analysis_view_0p90v_25c_captyp_nominal.sdf, line 104026>.
xmelab: *W,SDFNET: Unable to annotate to non-existent timing check (RECREM (posedge CDN) (COND D_SDFCHK (posedge CP)) (-26) (38)) of instance :DUT.\reg_r[2].reg_c[0].ireg .\Q_reg[22]  of module DFCNQD1BWP30P140 <../logical/results/gate_level/convolution_analysis_view_0p90v_25c_captyp_nominal.sdf, line 104047>.
xmelab: *W,SDFNET: Unable to annotate to non-existent timing check (RECREM (posedge CDN) (COND D_SDFCHK (posedge CP)) (-26) (38)) of instance :DUT.\reg_r[2].reg_c[0].ireg .\Q_reg[26]  of module DFCNQD1BWP30P140 <../logical/results/gate_level/convolution_analysis_view_0p90v_25c_captyp_nominal.sdf, line 104068>.
xmelab: *W,SDFNET: Unable to annotate to non-existent timing check (RECREM (posedge CDN) (COND D_SDFCHK (posedge CP)) (-26) (38)) of instance :DUT.\reg_r[2].reg_c[0].ireg .\Q_reg[4]  of module DFCNQD1BWP30P140 <../logical/results/gate_level/convolution_analysis_view_0p90v_25c_captyp_nominal.sdf, line 104089>.
xmelab: *W,SDFNET: Unable to annotate to non-existent timing check (RECREM (posedge CDN) (COND D_SDFCHK (posedge CP)) (-26) (38)) of instance :DUT.\reg_r[2].reg_c[0].ireg .\Q_reg[5]  of module DFCNQD1BWP30P140 <../logical/results/gate_level/convolution_analysis_view_0p90v_25c_captyp_nominal.sdf, line 104110>.
xmelab: *W,SDFNET: Unable to annotate to non-existent timing check (RECREM (posedge CDN) (COND D_SDFCHK (posedge CP)) (-26) (38)) of instance :DUT.\reg_r[2].reg_c[1].ireg .\Q_reg[14]  of module DFCNQD1BWP30P140 <../logical/results/gate_level/convolution_analysis_view_0p90v_25c_captyp_nominal.sdf, line 104141>.
xmelab: *W,SDFNET: Unable to annotate to non-existent timing check (RECREM (posedge CDN) (COND D_SDFCHK (posedge CP)) (-26) (38)) of instance :DUT.\reg_r[2].reg_c[1].ireg .\Q_reg[0]  of module DFCNQD1BWP30P140 <../logical/results/gate_level/convolution_analysis_view_0p90v_25c_captyp_nominal.sdf, line 104162>.
xmelab: *W,SDFNET: Unable to annotate to non-existent timing check (RECREM (posedge CDN) (COND D_SDFCHK (posedge CP)) (-26) (38)) of instance :DUT.\reg_r[2].reg_c[1].ireg .\Q_reg[33]  of module DFCNQD1BWP30P140 <../logical/results/gate_level/convolution_analysis_view_0p90v_25c_captyp_nominal.sdf, line 104183>.
xmelab: *W,SDFNET: Unable to annotate to non-existent timing check (RECREM (posedge CDN) (COND D_SDFCHK (posedge CP)) (-26) (38)) of instance :DUT.\reg_r[2].reg_c[1].ireg .\Q_reg[32]  of module DFCNQD1BWP30P140 <../logical/results/gate_level/convolution_analysis_view_0p90v_25c_captyp_nominal.sdf, line 104204>.
xmelab: *W,SDFNET: Unable to annotate to non-existent timing check (RECREM (posedge CDN) (COND D_SDFCHK (posedge CP)) (-26) (38)) of instance :DUT.\reg_r[2].reg_c[1].ireg .\Q_reg[31]  of module DFCNQD1BWP30P140 <../logical/results/gate_level/convolution_analysis_view_0p90v_25c_captyp_nominal.sdf, line 104225>.
xmelab: *W,SDFNET: Unable to annotate to non-existent timing check (RECREM (posedge CDN) (COND D_SDFCHK (posedge CP)) (-26) (38)) of instance :DUT.\reg_r[2].reg_c[1].ireg .\Q_reg[30]  of module DFCNQD1BWP30P140 <../logical/results/gate_level/convolution_analysis_view_0p90v_25c_captyp_nominal.sdf, line 104246>.
xmelab: *W,SDFNET: Unable to annotate to non-existent timing check (RECREM (posedge CDN) (COND D_SDFCHK (posedge CP)) (-26) (38)) of instance :DUT.\reg_r[2].reg_c[1].ireg .\Q_reg[29]  of module DFCNQD1BWP30P140 <../logical/results/gate_level/convolution_analysis_view_0p90v_25c_captyp_nominal.sdf, line 104267>.
xmelab: *W,SDFNET: Unable to annotate to non-existent timing check (RECREM (posedge CDN) (COND D_SDFCHK (posedge CP)) (-26) (38)) of instance :DUT.\reg_r[2].reg_c[1].ireg .\Q_reg[27]  of module DFCNQD1BWP30P140 <../logical/results/gate_level/convolution_analysis_view_0p90v_25c_captyp_nominal.sdf, line 104288>.
xmelab: *W,SDFNET: Unable to annotate to non-existent timing check (RECREM (posedge CDN) (COND D_SDFCHK (posedge CP)) (-26) (38)) of instance :DUT.\reg_r[2].reg_c[1].ireg .\Q_reg[26]  of module DFCNQD1BWP30P140 <../logical/results/gate_level/convolution_analysis_view_0p90v_25c_captyp_nominal.sdf, line 104309>.
xmelab: *W,SDFNET: Unable to annotate to non-existent timing check (RECREM (posedge CDN) (COND D_SDFCHK (posedge CP)) (-26) (38)) of instance :DUT.\reg_r[2].reg_c[1].ireg .\Q_reg[25]  of module DFCNQD1BWP30P140 <../logical/results/gate_level/convolution_analysis_view_0p90v_25c_captyp_nominal.sdf, line 104330>.
xmelab: *W,SDFNET: Unable to annotate to non-existent timing check (RECREM (posedge CDN) (COND D_SDFCHK (posedge CP)) (-26) (38)) of instance :DUT.\reg_r[2].reg_c[1].ireg .\Q_reg[23]  of module DFCNQD1BWP30P140 <../logical/results/gate_level/convolution_analysis_view_0p90v_25c_captyp_nominal.sdf, line 104351>.
xmelab: *W,SDFNET: Unable to annotate to non-existent timing check (RECREM (posedge CDN) (COND D_SDFCHK (posedge CP)) (-26) (38)) of instance :DUT.\reg_r[2].reg_c[1].ireg .\Q_reg[22]  of module DFCNQD1BWP30P140 <../logical/results/gate_level/convolution_analysis_view_0p90v_25c_captyp_nominal.sdf, line 104372>.
xmelab: *W,SDFNET: Unable to annotate to non-existent timing check (RECREM (posedge CDN) (COND D_SDFCHK (posedge CP)) (-26) (38)) of instance :DUT.\reg_r[2].reg_c[1].ireg .\Q_reg[21]  of module DFCNQD1BWP30P140 <../logical/results/gate_level/convolution_analysis_view_0p90v_25c_captyp_nominal.sdf, line 104393>.
xmelab: *W,SDFNET: Unable to annotate to non-existent timing check (RECREM (posedge CDN) (COND D_SDFCHK (posedge CP)) (-26) (38)) of instance :DUT.\reg_r[2].reg_c[1].ireg .\Q_reg[19]  of module DFCNQD1BWP30P140 <../logical/results/gate_level/convolution_analysis_view_0p90v_25c_captyp_nominal.sdf, line 104414>.
xmelab: *W,SDFNET: Unable to annotate to non-existent timing check (RECREM (posedge CDN) (COND D_SDFCHK (posedge CP)) (-26) (38)) of instance :DUT.\reg_r[2].reg_c[1].ireg .\Q_reg[18]  of module DFCNQD1BWP30P140 <../logical/results/gate_level/convolution_analysis_view_0p90v_25c_captyp_nominal.sdf, line 104435>.
xmelab: *W,SDFNET: Unable to annotate to non-existent timing check (RECREM (posedge CDN) (COND D_SDFCHK (posedge CP)) (-26) (38)) of instance :DUT.\reg_r[2].reg_c[1].ireg .\Q_reg[17]  of module DFCNQD1BWP30P140 <../logical/results/gate_level/convolution_analysis_view_0p90v_25c_captyp_nominal.sdf, line 104456>.
xmelab: *W,SDFNET: Unable to annotate to non-existent timing check (RECREM (posedge CDN) (COND D_SDFCHK (posedge CP)) (-26) (38)) of instance :DUT.\reg_r[2].reg_c[1].ireg .\Q_reg[15]  of module DFCNQD1BWP30P140 <../logical/results/gate_level/convolution_analysis_view_0p90v_25c_captyp_nominal.sdf, line 104477>.
xmelab: *W,SDFNET: Unable to annotate to non-existent timing check (RECREM (posedge CDN) (COND D_SDFCHK (posedge CP)) (-26) (38)) of instance :DUT.\reg_r[2].reg_c[1].ireg .\Q_reg[10]  of module DFCNQD1BWP30P140 <../logical/results/gate_level/convolution_analysis_view_0p90v_25c_captyp_nominal.sdf, line 104498>.
xmelab: *W,SDFNET: Unable to annotate to non-existent timing check (RECREM (posedge CDN) (COND D_SDFCHK (posedge CP)) (-26) (38)) of instance :DUT.\reg_r[2].reg_c[1].ireg .\Q_reg[9]  of module DFCNQD1BWP30P140 <../logical/results/gate_level/convolution_analysis_view_0p90v_25c_captyp_nominal.sdf, line 104519>.
xmelab: *W,SDFNET: Unable to annotate to non-existent timing check (RECREM (posedge CDN) (COND D_SDFCHK (posedge CP)) (-26) (38)) of instance :DUT.\reg_r[2].reg_c[1].ireg .\Q_reg[7]  of module DFCNQD1BWP30P140 <../logical/results/gate_level/convolution_analysis_view_0p90v_25c_captyp_nominal.sdf, line 104540>.
xmelab: *W,SDFNET: Unable to annotate to non-existent timing check (RECREM (posedge CDN) (COND D_SDFCHK (posedge CP)) (-26) (38)) of instance :DUT.\reg_r[2].reg_c[1].ireg .\Q_reg[5]  of module DFCNQD1BWP30P140 <../logical/results/gate_level/convolution_analysis_view_0p90v_25c_captyp_nominal.sdf, line 104561>.
xmelab: *W,SDFNET: Unable to annotate to non-existent timing check (RECREM (posedge CDN) (COND D_SDFCHK (posedge CP)) (-26) (38)) of instance :DUT.\reg_r[2].reg_c[1].ireg .\Q_reg[3]  of module DFCNQD1BWP30P140 <../logical/results/gate_level/convolution_analysis_view_0p90v_25c_captyp_nominal.sdf, line 104582>.
xmelab: *W,SDFNET: Unable to annotate to non-existent timing check (RECREM (posedge CDN) (COND D_SDFCHK (posedge CP)) (-26) (38)) of instance :DUT.\reg_r[2].reg_c[1].ireg .\Q_reg[2]  of module DFCNQD1BWP30P140 <../logical/results/gate_level/convolution_analysis_view_0p90v_25c_captyp_nominal.sdf, line 104603>.
xmelab: *W,SDFNET: Unable to annotate to non-existent timing check (RECREM (posedge CDN) (COND D_SDFCHK (posedge CP)) (-26) (38)) of instance :DUT.\reg_r[2].reg_c[1].ireg .\Q_reg[1]  of module DFCNQD1BWP30P140 <../logical/results/gate_level/convolution_analysis_view_0p90v_25c_captyp_nominal.sdf, line 104624>.
xmelab: *W,SDFNET: Unable to annotate to non-existent timing check (RECREM (posedge CDN) (COND D_SDFCHK (posedge CP)) (-26) (38)) of instance :DUT.\reg_r[2].reg_c[1].ireg .\Q_reg[8]  of module DFCNQD1BWP30P140 <../logical/results/gate_level/convolution_analysis_view_0p90v_25c_captyp_nominal.sdf, line 104645>.
xmelab: *W,SDFNET: Unable to annotate to non-existent timing check (RECREM (posedge CDN) (COND D_SDFCHK (posedge CP)) (-26) (38)) of instance :DUT.\reg_r[2].reg_c[1].ireg .\Q_reg[12]  of module DFCNQD1BWP30P140 <../logical/results/gate_level/convolution_analysis_view_0p90v_25c_captyp_nominal.sdf, line 104666>.
xmelab: *W,SDFNET: Unable to annotate to non-existent timing check (RECREM (posedge CDN) (COND D_SDFCHK (posedge CP)) (-26) (38)) of instance :DUT.\reg_r[2].reg_c[1].ireg .\Q_reg[16]  of module DFCNQD1BWP30P140 <../logical/results/gate_level/convolution_analysis_view_0p90v_25c_captyp_nominal.sdf, line 104687>.
xmelab: *W,SDFNET: Unable to annotate to non-existent timing check (RECREM (posedge CDN) (COND D_SDFCHK (posedge CP)) (-26) (38)) of instance :DUT.\reg_r[2].reg_c[1].ireg .\Q_reg[24]  of module DFCNQD1BWP30P140 <../logical/results/gate_level/convolution_analysis_view_0p90v_25c_captyp_nominal.sdf, line 104708>.
xmelab: *W,SDFNET: Unable to annotate to non-existent timing check (RECREM (posedge CDN) (COND D_SDFCHK (posedge CP)) (-26) (38)) of instance :DUT.\reg_r[2].reg_c[1].ireg .\Q_reg[28]  of module DFCNQD1BWP30P140 <../logical/results/gate_level/convolution_analysis_view_0p90v_25c_captyp_nominal.sdf, line 104729>.
xmelab: *W,SDFNET: Unable to annotate to non-existent timing check (RECREM (posedge CDN) (COND D_SDFCHK (posedge CP)) (-26) (38)) of instance :DUT.\reg_r[2].reg_c[1].ireg .\Q_reg[4]  of module DFCNQD1BWP30P140 <../logical/results/gate_level/convolution_analysis_view_0p90v_25c_captyp_nominal.sdf, line 104750>.
xmelab: *W,SDFNET: Unable to annotate to non-existent timing check (RECREM (posedge CDN) (COND D_SDFCHK (posedge CP)) (-26) (38)) of instance :DUT.\reg_r[2].reg_c[1].ireg .\Q_reg[20]  of module DFCNQD1BWP30P140 <../logical/results/gate_level/convolution_analysis_view_0p90v_25c_captyp_nominal.sdf, line 104771>.
xmelab: *W,SDFNET: Unable to annotate to non-existent timing check (RECREM (posedge CDN) (COND D_SDFCHK (posedge CP)) (-26) (38)) of instance :DUT.\reg_r[2].reg_c[1].ireg .\Q_reg[11]  of module DFCNQD1BWP30P140 <../logical/results/gate_level/convolution_analysis_view_0p90v_25c_captyp_nominal.sdf, line 104792>.
xmelab: *W,SDFNET: Unable to annotate to non-existent timing check (RECREM (posedge CDN) (COND D_SDFCHK (posedge CP)) (-26) (38)) of instance :DUT.\reg_r[2].reg_c[1].ireg .\Q_reg[6]  of module DFCNQD1BWP30P140 <../logical/results/gate_level/convolution_analysis_view_0p90v_25c_captyp_nominal.sdf, line 104813>.
xmelab: *W,SDFNET: Unable to annotate to non-existent timing check (RECREM (posedge CDN) (COND D_SDFCHK (posedge CP)) (-26) (38)) of instance :DUT.\reg_r[2].reg_c[1].ireg .\Q_reg[13]  of module DFCNQD1BWP30P140 <../logical/results/gate_level/convolution_analysis_view_0p90v_25c_captyp_nominal.sdf, line 104834>.
xmelab: *W,SDFNET: Unable to annotate to non-existent timing check (RECREM (posedge CDN) (COND D_SDFCHK (posedge CP)) (-26) (38)) of instance :DUT.\reg_r[2].reg_c[2].ireg .\Q_reg[25]  of module DFCNQD1BWP30P140 <../logical/results/gate_level/convolution_analysis_view_0p90v_25c_captyp_nominal.sdf, line 104865>.
xmelab: *W,SDFNET: Unable to annotate to non-existent timing check (RECREM (posedge CDN) (COND D_SDFCHK (posedge CP)) (-26) (38)) of instance :DUT.\reg_r[2].reg_c[2].ireg .\Q_reg[14]  of module DFCNQD1BWP30P140 <../logical/results/gate_level/convolution_analysis_view_0p90v_25c_captyp_nominal.sdf, line 104886>.
xmelab: *W,SDFNET: Unable to annotate to non-existent timing check (RECREM (posedge CDN) (COND D_SDFCHK (posedge CP)) (-26) (38)) of instance :DUT.\reg_r[2].reg_c[2].ireg .\Q_reg[2]  of module DFCNQD1BWP30P140 <../logical/results/gate_level/convolution_analysis_view_0p90v_25c_captyp_nominal.sdf, line 104907>.
xmelab: *W,SDFNET: Unable to annotate to non-existent timing check (RECREM (posedge CDN) (COND D_SDFCHK (posedge CP)) (-26) (38)) of instance :DUT.\reg_r[2].reg_c[2].ireg .\Q_reg[6]  of module DFCNQD1BWP30P140 <../logical/results/gate_level/convolution_analysis_view_0p90v_25c_captyp_nominal.sdf, line 104928>.
xmelab: *W,SDFNET: Unable to annotate to non-existent timing check (RECREM (posedge CDN) (COND D_SDFCHK (posedge CP)) (-26) (38)) of instance :DUT.\reg_r[2].reg_c[2].ireg .\Q_reg[10]  of module DFCNQD1BWP30P140 <../logical/results/gate_level/convolution_analysis_view_0p90v_25c_captyp_nominal.sdf, line 104949>.
xmelab: *W,SDFNET: Unable to annotate to non-existent timing check (RECREM (posedge CDN) (COND D_SDFCHK (posedge CP)) (-26) (38)) of instance :DUT.\reg_r[2].reg_c[2].ireg .\Q_reg[18]  of module DFCNQD1BWP30P140 <../logical/results/gate_level/convolution_analysis_view_0p90v_25c_captyp_nominal.sdf, line 104970>.
xmelab: *W,SDFNET: Unable to annotate to non-existent timing check (RECREM (posedge CDN) (COND D_SDFCHK (posedge CP)) (-26) (38)) of instance :DUT.\reg_r[2].reg_c[2].ireg .\Q_reg[22]  of module DFCNQD1BWP30P140 <../logical/results/gate_level/convolution_analysis_view_0p90v_25c_captyp_nominal.sdf, line 104991>.
xmelab: *W,SDFNET: Unable to annotate to non-existent timing check (RECREM (posedge CDN) (COND D_SDFCHK (posedge CP)) (-26) (38)) of instance :DUT.\reg_r[2].reg_c[2].ireg .\Q_reg[26]  of module DFCNQD1BWP30P140 <../logical/results/gate_level/convolution_analysis_view_0p90v_25c_captyp_nominal.sdf, line 105012>.
xmelab: *W,SDFNET: Unable to annotate to non-existent timing check (RECREM (posedge CDN) (COND D_SDFCHK (posedge CP)) (-26) (38)) of instance :DUT.\reg_r[2].reg_c[2].ireg .\Q_reg[30]  of module DFCNQD1BWP30P140 <../logical/results/gate_level/convolution_analysis_view_0p90v_25c_captyp_nominal.sdf, line 105033>.
xmelab: *W,SDFNET: Unable to annotate to non-existent timing check (RECREM (posedge CDN) (COND D_SDFCHK (posedge CP)) (-26) (38)) of instance :DUT.\reg_r[2].reg_c[2].ireg .\Q_reg[33]  of module DFCNQD1BWP30P140 <../logical/results/gate_level/convolution_analysis_view_0p90v_25c_captyp_nominal.sdf, line 105054>.
xmelab: *W,SDFNET: Unable to annotate to non-existent timing check (RECREM (posedge CDN) (COND D_SDFCHK (posedge CP)) (-26) (38)) of instance :DUT.\reg_r[2].reg_c[2].ireg .\Q_reg[32]  of module DFCNQD1BWP30P140 <../logical/results/gate_level/convolution_analysis_view_0p90v_25c_captyp_nominal.sdf, line 105075>.
xmelab: *W,SDFNET: Unable to annotate to non-existent timing check (RECREM (posedge CDN) (COND D_SDFCHK (posedge CP)) (-26) (38)) of instance :DUT.\reg_r[2].reg_c[2].ireg .\Q_reg[29]  of module DFCNQD1BWP30P140 <../logical/results/gate_level/convolution_analysis_view_0p90v_25c_captyp_nominal.sdf, line 105096>.
xmelab: *W,SDFNET: Unable to annotate to non-existent timing check (RECREM (posedge CDN) (COND D_SDFCHK (posedge CP)) (-26) (38)) of instance :DUT.\reg_r[2].reg_c[2].ireg .\Q_reg[28]  of module DFCNQD1BWP30P140 <../logical/results/gate_level/convolution_analysis_view_0p90v_25c_captyp_nominal.sdf, line 105117>.
xmelab: *W,SDFNET: Unable to annotate to non-existent timing check (RECREM (posedge CDN) (COND D_SDFCHK (posedge CP)) (-26) (38)) of instance :DUT.\reg_r[2].reg_c[2].ireg .\Q_reg[27]  of module DFCNQD1BWP30P140 <../logical/results/gate_level/convolution_analysis_view_0p90v_25c_captyp_nominal.sdf, line 105138>.
xmelab: *W,SDFNET: Unable to annotate to non-existent timing check (RECREM (posedge CDN) (COND D_SDFCHK (posedge CP)) (-26) (38)) of instance :DUT.\reg_r[2].reg_c[2].ireg .\Q_reg[24]  of module DFCNQD1BWP30P140 <../logical/results/gate_level/convolution_analysis_view_0p90v_25c_captyp_nominal.sdf, line 105159>.
xmelab: *W,SDFNET: Unable to annotate to non-existent timing check (RECREM (posedge CDN) (COND D_SDFCHK (posedge CP)) (-26) (38)) of instance :DUT.\reg_r[2].reg_c[2].ireg .\Q_reg[23]  of module DFCNQD1BWP30P140 <../logical/results/gate_level/convolution_analysis_view_0p90v_25c_captyp_nominal.sdf, line 105180>.
xmelab: *W,SDFNET: Unable to annotate to non-existent timing check (RECREM (posedge CDN) (COND D_SDFCHK (posedge CP)) (-26) (38)) of instance :DUT.\reg_r[2].reg_c[2].ireg .\Q_reg[21]  of module DFCNQD1BWP30P140 <../logical/results/gate_level/convolution_analysis_view_0p90v_25c_captyp_nominal.sdf, line 105201>.
xmelab: *W,SDFNET: Unable to annotate to non-existent timing check (RECREM (posedge CDN) (COND D_SDFCHK (posedge CP)) (-26) (38)) of instance :DUT.\reg_r[2].reg_c[2].ireg .\Q_reg[19]  of module DFCNQD1BWP30P140 <../logical/results/gate_level/convolution_analysis_view_0p90v_25c_captyp_nominal.sdf, line 105222>.
xmelab: *W,SDFNET: Unable to annotate to non-existent timing check (RECREM (posedge CDN) (COND D_SDFCHK (posedge CP)) (-26) (38)) of instance :DUT.\reg_r[2].reg_c[2].ireg .\Q_reg[17]  of module DFCNQD1BWP30P140 <../logical/results/gate_level/convolution_analysis_view_0p90v_25c_captyp_nominal.sdf, line 105243>.
xmelab: *W,SDFNET: Unable to annotate to non-existent timing check (RECREM (posedge CDN) (COND D_SDFCHK (posedge CP)) (-26) (38)) of instance :DUT.\reg_r[2].reg_c[2].ireg .\Q_reg[16]  of module DFCNQD1BWP30P140 <../logical/results/gate_level/convolution_analysis_view_0p90v_25c_captyp_nominal.sdf, line 105264>.
xmelab: *W,SDFNET: Unable to annotate to non-existent timing check (RECREM (posedge CDN) (COND D_SDFCHK (posedge CP)) (-26) (38)) of instance :DUT.\reg_r[2].reg_c[2].ireg .\Q_reg[15]  of module DFCNQD1BWP30P140 <../logical/results/gate_level/convolution_analysis_view_0p90v_25c_captyp_nominal.sdf, line 105285>.
xmelab: *W,SDFNET: Unable to annotate to non-existent timing check (RECREM (posedge CDN) (COND D_SDFCHK (posedge CP)) (-26) (38)) of instance :DUT.\reg_r[2].reg_c[2].ireg .\Q_reg[13]  of module DFCNQD1BWP30P140 <../logical/results/gate_level/convolution_analysis_view_0p90v_25c_captyp_nominal.sdf, line 105306>.
xmelab: *W,SDFNET: Unable to annotate to non-existent timing check (RECREM (posedge CDN) (COND D_SDFCHK (posedge CP)) (-26) (38)) of instance :DUT.\reg_r[2].reg_c[2].ireg .\Q_reg[12]  of module DFCNQD1BWP30P140 <../logical/results/gate_level/convolution_analysis_view_0p90v_25c_captyp_nominal.sdf, line 105327>.
xmelab: *W,SDFNET: Unable to annotate to non-existent timing check (RECREM (posedge CDN) (COND D_SDFCHK (posedge CP)) (-26) (38)) of instance :DUT.\reg_r[2].reg_c[2].ireg .\Q_reg[11]  of module DFCNQD1BWP30P140 <../logical/results/gate_level/convolution_analysis_view_0p90v_25c_captyp_nominal.sdf, line 105348>.
xmelab: *W,SDFNET: Unable to annotate to non-existent timing check (RECREM (posedge CDN) (COND D_SDFCHK (posedge CP)) (-26) (38)) of instance :DUT.\reg_r[2].reg_c[2].ireg .\Q_reg[8]  of module DFCNQD1BWP30P140 <../logical/results/gate_level/convolution_analysis_view_0p90v_25c_captyp_nominal.sdf, line 105369>.
xmelab: *W,SDFNET: Unable to annotate to non-existent timing check (RECREM (posedge CDN) (COND D_SDFCHK (posedge CP)) (-26) (38)) of instance :DUT.\reg_r[2].reg_c[2].ireg .\Q_reg[7]  of module DFCNQD1BWP30P140 <../logical/results/gate_level/convolution_analysis_view_0p90v_25c_captyp_nominal.sdf, line 105390>.
xmelab: *W,SDFNET: Unable to annotate to non-existent timing check (RECREM (posedge CDN) (COND D_SDFCHK (posedge CP)) (-26) (38)) of instance :DUT.\reg_r[2].reg_c[2].ireg .\Q_reg[5]  of module DFCNQD1BWP30P140 <../logical/results/gate_level/convolution_analysis_view_0p90v_25c_captyp_nominal.sdf, line 105411>.
xmelab: *W,SDFNET: Unable to annotate to non-existent timing check (RECREM (posedge CDN) (COND D_SDFCHK (posedge CP)) (-26) (38)) of instance :DUT.\reg_r[2].reg_c[2].ireg .\Q_reg[3]  of module DFCNQD1BWP30P140 <../logical/results/gate_level/convolution_analysis_view_0p90v_25c_captyp_nominal.sdf, line 105432>.
xmelab: *W,SDFNET: Unable to annotate to non-existent timing check (RECREM (posedge CDN) (COND D_SDFCHK (posedge CP)) (-26) (38)) of instance :DUT.\reg_r[2].reg_c[2].ireg .\Q_reg[1]  of module DFCNQD1BWP30P140 <../logical/results/gate_level/convolution_analysis_view_0p90v_25c_captyp_nominal.sdf, line 105453>.
xmelab: *W,SDFNET: Unable to annotate to non-existent timing check (RECREM (posedge CDN) (COND D_SDFCHK (posedge CP)) (-26) (38)) of instance :DUT.\reg_r[2].reg_c[2].ireg .\Q_reg[0]  of module DFCNQD1BWP30P140 <../logical/results/gate_level/convolution_analysis_view_0p90v_25c_captyp_nominal.sdf, line 105474>.
xmelab: *W,SDFNET: Unable to annotate to non-existent timing check (RECREM (posedge CDN) (COND D_SDFCHK (posedge CP)) (-26) (38)) of instance :DUT.\reg_r[2].reg_c[2].ireg .\Q_reg[9]  of module DFCNQD1BWP30P140 <../logical/results/gate_level/convolution_analysis_view_0p90v_25c_captyp_nominal.sdf, line 105495>.
xmelab: *W,SDFNET: Unable to annotate to non-existent timing check (RECREM (posedge CDN) (COND D_SDFCHK (posedge CP)) (-26) (38)) of instance :DUT.\reg_r[2].reg_c[2].ireg .\Q_reg[4]  of module DFCNQD1BWP30P140 <../logical/results/gate_level/convolution_analysis_view_0p90v_25c_captyp_nominal.sdf, line 105516>.
xmelab: *W,SDFNET: Unable to annotate to non-existent timing check (RECREM (posedge CDN) (COND D_SDFCHK (posedge CP)) (-26) (38)) of instance :DUT.\reg_r[2].reg_c[2].ireg .\Q_reg[31]  of module DFCNQD1BWP30P140 <../logical/results/gate_level/convolution_analysis_view_0p90v_25c_captyp_nominal.sdf, line 105537>.
xmelab: *W,SDFNET: Unable to annotate to non-existent timing check (RECREM (posedge CDN) (COND D_SDFCHK (posedge CP)) (-26) (38)) of instance :DUT.\reg_r[2].reg_c[2].ireg .\Q_reg[20]  of module DFCNQD1BWP30P140 <../logical/results/gate_level/convolution_analysis_view_0p90v_25c_captyp_nominal.sdf, line 105558>.
xmelab: *W,SDFNET: Unable to annotate to non-existent timing check (RECREM (posedge CDN) (COND D_SDFCHK (posedge CP)) (-26) (38)) of instance :DUT.\reg_soma3_reg[1]  of module DFCNQD1BWP30P140 <../logical/results/gate_level/convolution_analysis_view_0p90v_25c_captyp_nominal.sdf, line 105707>.
xmelab: *W,SDFNET: Unable to annotate to non-existent timing check (RECREM (posedge CDN) (COND D_SDFCHK (posedge CP)) (-26) (38)) of instance :DUT.\reg_soma3_reg[34]  of module DFCNQD1BWP30P140 <../logical/results/gate_level/convolution_analysis_view_0p90v_25c_captyp_nominal.sdf, line 105728>.
xmelab: *W,SDFNET: Unable to annotate to non-existent timing check (RECREM (posedge CDN) (COND D_SDFCHK (posedge CP)) (-26) (38)) of instance :DUT.\reg_soma3_reg[32]  of module DFCNQD1BWP30P140 <../logical/results/gate_level/convolution_analysis_view_0p90v_25c_captyp_nominal.sdf, line 105749>.
xmelab: *W,SDFNET: Unable to annotate to non-existent timing check (RECREM (posedge CDN) (COND D_SDFCHK (posedge CP)) (-26) (38)) of instance :DUT.\reg_soma3_reg[28]  of module DFCNQD1BWP30P140 <../logical/results/gate_level/convolution_analysis_view_0p90v_25c_captyp_nominal.sdf, line 105770>.
xmelab: *W,SDFNET: Unable to annotate to non-existent timing check (RECREM (posedge CDN) (COND D_SDFCHK (posedge CP)) (-26) (38)) of instance :DUT.\reg_soma3_reg[20]  of module DFCNQD1BWP30P140 <../logical/results/gate_level/convolution_analysis_view_0p90v_25c_captyp_nominal.sdf, line 105791>.
xmelab: *W,SDFNET: Unable to annotate to non-existent timing check (RECREM (posedge CDN) (COND D_SDFCHK (posedge CP)) (-26) (38)) of instance :DUT.\reg_soma3_reg[4]  of module DFCNQD1BWP30P140 <../logical/results/gate_level/convolution_analysis_view_0p90v_25c_captyp_nominal.sdf, line 105812>.
xmelab: *W,SDFNET: Unable to annotate to non-existent timing check (RECREM (posedge CDN) (COND D_SDFCHK (posedge CP)) (-26) (38)) of instance :DUT.\reg_soma3_reg[3]  of module DFCNQD1BWP30P140 <../logical/results/gate_level/convolution_analysis_view_0p90v_25c_captyp_nominal.sdf, line 105833>.
xmelab: *W,SDFNET: Unable to annotate to non-existent timing check (RECREM (posedge CDN) (COND D_SDFCHK (posedge CP)) (-26) (38)) of instance :DUT.\reg_soma3_reg[19]  of module DFCNQD1BWP30P140 <../logical/results/gate_level/convolution_analysis_view_0p90v_25c_captyp_nominal.sdf, line 105854>.
xmelab: *W,SDFNET: Unable to annotate to non-existent timing check (RECREM (posedge CDN) (COND D_SDFCHK (posedge CP)) (-26) (38)) of instance :DUT.\reg_soma3_reg[2]  of module DFCNQD1BWP30P140 <../logical/results/gate_level/convolution_analysis_view_0p90v_25c_captyp_nominal.sdf, line 105875>.
xmelab: *W,SDFNET: Unable to annotate to non-existent timing check (RECREM (posedge CDN) (COND D_SDFCHK (posedge CP)) (-26) (38)) of instance :DUT.\reg_soma3_reg[35]  of module DFCNQD1BWP30P140 <../logical/results/gate_level/convolution_analysis_view_0p90v_25c_captyp_nominal.sdf, line 105896>.
xmelab: *W,SDFNET: Unable to annotate to non-existent timing check (RECREM (posedge CDN) (COND D_SDFCHK (posedge CP)) (-26) (38)) of instance :DUT.\reg_soma3_reg[27]  of module DFCNQD1BWP30P140 <../logical/results/gate_level/convolution_analysis_view_0p90v_25c_captyp_nominal.sdf, line 105917>.
xmelab: *W,SDFNET: Unable to annotate to non-existent timing check (RECREM (posedge CDN) (COND D_SDFCHK (posedge CP)) (-26) (38)) of instance :DUT.\reg_soma3_reg[18]  of module DFCNQD1BWP30P140 <../logical/results/gate_level/convolution_analysis_view_0p90v_25c_captyp_nominal.sdf, line 105938>.
xmelab: *W,SDFNET: Unable to annotate to non-existent timing check (RECREM (posedge CDN) (COND D_SDFCHK (posedge CP)) (-26) (38)) of instance :DUT.\reg_soma3_reg[0]  of module DFCNQD1BWP30P140 <../logical/results/gate_level/convolution_analysis_view_0p90v_25c_captyp_nominal.sdf, line 105959>.
xmelab: *W,SDFNET: Unable to annotate to non-existent timing check (RECREM (posedge CDN) (COND D_SDFCHK (posedge CP)) (-26) (38)) of instance :DUT.\reg_soma3_reg[17]  of module DFCNQD1BWP30P140 <../logical/results/gate_level/convolution_analysis_view_0p90v_25c_captyp_nominal.sdf, line 105980>.
xmelab: *W,SDFNET: Unable to annotate to non-existent timing check (RECREM (posedge CDN) (COND D_SDFCHK (posedge CP)) (-26) (38)) of instance :DUT.\reg_soma3_reg[31]  of module DFCNQD1BWP30P140 <../logical/results/gate_level/convolution_analysis_view_0p90v_25c_captyp_nominal.sdf, line 106001>.
xmelab: *W,SDFNET: Unable to annotate to non-existent timing check (RECREM (posedge CDN) (COND D_SDFCHK (posedge CP)) (-26) (38)) of instance :DUT.\reg_soma3_reg[26]  of module DFCNQD1BWP30P140 <../logical/results/gate_level/convolution_analysis_view_0p90v_25c_captyp_nominal.sdf, line 106022>.
xmelab: *W,SDFNET: Unable to annotate to non-existent timing check (RECREM (posedge CDN) (COND D_SDFCHK (posedge CP)) (-26) (38)) of instance :DUT.\reg_soma3_reg[16]  of module DFCNQD1BWP30P140 <../logical/results/gate_level/convolution_analysis_view_0p90v_25c_captyp_nominal.sdf, line 106043>.
xmelab: *W,SDFNET: Unable to annotate to non-existent timing check (RECREM (posedge CDN) (COND D_SDFCHK (posedge CP)) (-26) (38)) of instance :DUT.\reg_soma3_reg[15]  of module DFCNQD1BWP30P140 <../logical/results/gate_level/convolution_analysis_view_0p90v_25c_captyp_nominal.sdf, line 106064>.
xmelab: *W,SDFNET: Unable to annotate to non-existent timing check (RECREM (posedge CDN) (COND D_SDFCHK (posedge CP)) (-26) (38)) of instance :DUT.\reg_soma3_reg[10]  of module DFCNQD1BWP30P140 <../logical/results/gate_level/convolution_analysis_view_0p90v_25c_captyp_nominal.sdf, line 106085>.
xmelab: *W,SDFNET: Unable to annotate to non-existent timing check (RECREM (posedge CDN) (COND D_SDFCHK (posedge CP)) (-26) (38)) of instance :DUT.\reg_soma3_reg[14]  of module DFCNQD1BWP30P140 <../logical/results/gate_level/convolution_analysis_view_0p90v_25c_captyp_nominal.sdf, line 106106>.
xmelab: *W,SDFNET: Unable to annotate to non-existent timing check (RECREM (posedge CDN) (COND D_SDFCHK (posedge CP)) (-26) (38)) of instance :DUT.\reg_soma3_reg[13]  of module DFCNQD1BWP30P140 <../logical/results/gate_level/convolution_analysis_view_0p90v_25c_captyp_nominal.sdf, line 106127>.
xmelab: *W,SDFNET: Unable to annotate to non-existent timing check (RECREM (posedge CDN) (COND D_SDFCHK (posedge CP)) (-26) (38)) of instance :DUT.\reg_soma3_reg[33]  of module DFCNQD1BWP30P140 <../logical/results/gate_level/convolution_analysis_view_0p90v_25c_captyp_nominal.sdf, line 106148>.
xmelab: *W,SDFNET: Unable to annotate to non-existent timing check (RECREM (posedge CDN) (COND D_SDFCHK (posedge CP)) (-26) (38)) of instance :DUT.\reg_soma3_reg[30]  of module DFCNQD1BWP30P140 <../logical/results/gate_level/convolution_analysis_view_0p90v_25c_captyp_nominal.sdf, line 106169>.
xmelab: *W,SDFNET: Unable to annotate to non-existent timing check (RECREM (posedge CDN) (COND D_SDFCHK (posedge CP)) (-26) (38)) of instance :DUT.\reg_soma3_reg[24]  of module DFCNQD1BWP30P140 <../logical/results/gate_level/convolution_analysis_view_0p90v_25c_captyp_nominal.sdf, line 106190>.
xmelab: *W,SDFNET: Unable to annotate to non-existent timing check (RECREM (posedge CDN) (COND D_SDFCHK (posedge CP)) (-26) (38)) of instance :DUT.\reg_soma3_reg[12]  of module DFCNQD1BWP30P140 <../logical/results/gate_level/convolution_analysis_view_0p90v_25c_captyp_nominal.sdf, line 106211>.
xmelab: *W,SDFNET: Unable to annotate to non-existent timing check (RECREM (posedge CDN) (COND D_SDFCHK (posedge CP)) (-26) (38)) of instance :DUT.\reg_soma3_reg[11]  of module DFCNQD1BWP30P140 <../logical/results/gate_level/convolution_analysis_view_0p90v_25c_captyp_nominal.sdf, line 106232>.
xmelab: *W,SDFNET: Unable to annotate to non-existent timing check (RECREM (posedge CDN) (COND D_SDFCHK (posedge CP)) (-26) (38)) of instance :DUT.\reg_soma3_reg[23]  of module DFCNQD1BWP30P140 <../logical/results/gate_level/convolution_analysis_view_0p90v_25c_captyp_nominal.sdf, line 106253>.
xmelab: *W,SDFNET: Unable to annotate to non-existent timing check (RECREM (posedge CDN) (COND D_SDFCHK (posedge CP)) (-26) (38)) of instance :DUT.\reg_soma3_reg[25]  of module DFCNQD1BWP30P140 <../logical/results/gate_level/convolution_analysis_view_0p90v_25c_captyp_nominal.sdf, line 106274>.
xmelab: *W,SDFNET: Unable to annotate to non-existent timing check (RECREM (posedge CDN) (COND D_SDFCHK (posedge CP)) (-26) (38)) of instance :DUT.\reg_soma3_reg[9]  of module DFCNQD1BWP30P140 <../logical/results/gate_level/convolution_analysis_view_0p90v_25c_captyp_nominal.sdf, line 106295>.
xmelab: *W,SDFNET: Unable to annotate to non-existent timing check (RECREM (posedge CDN) (COND D_SDFCHK (posedge CP)) (-26) (38)) of instance :DUT.\reg_soma3_reg[29]  of module DFCNQD1BWP30P140 <../logical/results/gate_level/convolution_analysis_view_0p90v_25c_captyp_nominal.sdf, line 106316>.
xmelab: *W,SDFNET: Unable to annotate to non-existent timing check (RECREM (posedge CDN) (COND D_SDFCHK (posedge CP)) (-26) (38)) of instance :DUT.\reg_soma3_reg[22]  of module DFCNQD1BWP30P140 <../logical/results/gate_level/convolution_analysis_view_0p90v_25c_captyp_nominal.sdf, line 106337>.
xmelab: *W,SDFNET: Unable to annotate to non-existent timing check (RECREM (posedge CDN) (COND D_SDFCHK (posedge CP)) (-26) (38)) of instance :DUT.\reg_soma3_reg[8]  of module DFCNQD1BWP30P140 <../logical/results/gate_level/convolution_analysis_view_0p90v_25c_captyp_nominal.sdf, line 106358>.
xmelab: *W,SDFNET: Unable to annotate to non-existent timing check (RECREM (posedge CDN) (COND D_SDFCHK (posedge CP)) (-26) (38)) of instance :DUT.\reg_soma3_reg[7]  of module DFCNQD1BWP30P140 <../logical/results/gate_level/convolution_analysis_view_0p90v_25c_captyp_nominal.sdf, line 106379>.
xmelab: *W,SDFNET: Unable to annotate to non-existent timing check (RECREM (posedge CDN) (COND D_SDFCHK (posedge CP)) (-26) (38)) of instance :DUT.\reg_soma3_reg[21]  of module DFCNQD1BWP30P140 <../logical/results/gate_level/convolution_analysis_view_0p90v_25c_captyp_nominal.sdf, line 106400>.
xmelab: *W,SDFNET: Unable to annotate to non-existent timing check (RECREM (posedge CDN) (COND D_SDFCHK (posedge CP)) (-26) (38)) of instance :DUT.\reg_soma3_reg[6]  of module DFCNQD1BWP30P140 <../logical/results/gate_level/convolution_analysis_view_0p90v_25c_captyp_nominal.sdf, line 106421>.
xmelab: *W,SDFNET: Unable to annotate to non-existent timing check (RECREM (posedge CDN) (COND D_SDFCHK (posedge CP)) (-26) (38)) of instance :DUT.\reg_soma3_reg[5]  of module DFCNQD1BWP30P140 <../logical/results/gate_level/convolution_analysis_view_0p90v_25c_captyp_nominal.sdf, line 106442>.
xmelab: *W,SDFNET: Unable to annotate to non-existent timing check (RECREM (posedge CDN) (COND D_SDFCHK (posedge CP)) (-26) (38)) of instance :DUT.\reg_reg_bias_value_reg[22]  of module DFCNQD1BWP30P140 <../logical/results/gate_level/convolution_analysis_view_0p90v_25c_captyp_nominal.sdf, line 106857>.
xmelab: *W,SDFNET: Unable to annotate to non-existent timing check (RECREM (posedge CDN) (COND D_SDFCHK (posedge CP)) (-26) (38)) of instance :DUT.\reg_reg_bias_value_reg[1]  of module DFCNQD1BWP30P140 <../logical/results/gate_level/convolution_analysis_view_0p90v_25c_captyp_nominal.sdf, line 106878>.
xmelab: *W,SDFNET: Unable to annotate to non-existent timing check (RECREM (posedge CDN) (COND D_SDFCHK (posedge CP)) (-26) (38)) of instance :DUT.\reg_reg_bias_value_reg[17]  of module DFCNQD1BWP30P140 <../logical/results/gate_level/convolution_analysis_view_0p90v_25c_captyp_nominal.sdf, line 106899>.
xmelab: *W,SDFNET: Unable to annotate to non-existent timing check (RECREM (posedge CDN) (COND D_SDFCHK (posedge CP)) (-26) (38)) of instance :DUT.\reg_reg_bias_value_reg[0]  of module DFCNQD1BWP30P140 <../logical/results/gate_level/convolution_analysis_view_0p90v_25c_captyp_nominal.sdf, line 106920>.
xmelab: *W,SDFNET: Unable to annotate to non-existent timing check (RECREM (posedge CDN) (COND D_SDFCHK (posedge CP)) (-26) (38)) of instance :DUT.\reg_reg_bias_value_reg[25]  of module DFCNQD1BWP30P140 <../logical/results/gate_level/convolution_analysis_view_0p90v_25c_captyp_nominal.sdf, line 106941>.
xmelab: *W,SDFNET: Unable to annotate to non-existent timing check (RECREM (posedge CDN) (COND D_SDFCHK (posedge CP)) (-26) (38)) of instance :DUT.\reg_reg_bias_value_reg[16]  of module DFCNQD1BWP30P140 <../logical/results/gate_level/convolution_analysis_view_0p90v_25c_captyp_nominal.sdf, line 106962>.
xmelab: *W,SDFNET: Unable to annotate to non-existent timing check (RECREM (posedge CDN) (COND D_SDFCHK (posedge CP)) (-26) (38)) of instance :DUT.\reg_reg_bias_value_reg[29]  of module DFCNQD1BWP30P140 <../logical/results/gate_level/convolution_analysis_view_0p90v_25c_captyp_nominal.sdf, line 106983>.
xmelab: *W,SDFNET: Unable to annotate to non-existent timing check (RECREM (posedge CDN) (COND D_SDFCHK (posedge CP)) (-26) (38)) of instance :DUT.\reg_reg_bias_value_reg[15]  of module DFCNQD1BWP30P140 <../logical/results/gate_level/convolution_analysis_view_0p90v_25c_captyp_nominal.sdf, line 107004>.
xmelab: *W,SDFNET: Unable to annotate to non-existent timing check (RECREM (posedge CDN) (COND D_SDFCHK (posedge CP)) (-26) (38)) of instance :DUT.\reg_reg_bias_value_reg[24]  of module DFCNQD1BWP30P140 <../logical/results/gate_level/convolution_analysis_view_0p90v_25c_captyp_nominal.sdf, line 107025>.
xmelab: *W,SDFNET: Unable to annotate to non-existent timing check (RECREM (posedge CDN) (COND D_SDFCHK (posedge CP)) (-26) (38)) of instance :DUT.\reg_reg_bias_value_reg[14]  of module DFCNQD1BWP30P140 <../logical/results/gate_level/convolution_analysis_view_0p90v_25c_captyp_nominal.sdf, line 107046>.
xmelab: *W,SDFNET: Unable to annotate to non-existent timing check (RECREM (posedge CDN) (COND D_SDFCHK (posedge CP)) (-26) (38)) of instance :DUT.\reg_reg_bias_value_reg[13]  of module DFCNQD1BWP30P140 <../logical/results/gate_level/convolution_analysis_view_0p90v_25c_captyp_nominal.sdf, line 107067>.
xmelab: *W,SDFNET: Unable to annotate to non-existent timing check (RECREM (posedge CDN) (COND D_SDFCHK (posedge CP)) (-26) (38)) of instance :DUT.\reg_reg_bias_value_reg[23]  of module DFCNQD1BWP30P140 <../logical/results/gate_level/convolution_analysis_view_0p90v_25c_captyp_nominal.sdf, line 107088>.
xmelab: *W,SDFNET: Unable to annotate to non-existent timing check (RECREM (posedge CDN) (COND D_SDFCHK (posedge CP)) (-26) (38)) of instance :DUT.\reg_reg_bias_value_reg[12]  of module DFCNQD1BWP30P140 <../logical/results/gate_level/convolution_analysis_view_0p90v_25c_captyp_nominal.sdf, line 107109>.
xmelab: *W,SDFNET: Unable to annotate to non-existent timing check (RECREM (posedge CDN) (COND D_SDFCHK (posedge CP)) (-26) (38)) of instance :DUT.\reg_reg_bias_value_reg[28]  of module DFCNQD1BWP30P140 <../logical/results/gate_level/convolution_analysis_view_0p90v_25c_captyp_nominal.sdf, line 107130>.
xmelab: *W,SDFNET: Unable to annotate to non-existent timing check (RECREM (posedge CDN) (COND D_SDFCHK (posedge CP)) (-26) (38)) of instance :DUT.\reg_reg_bias_value_reg[11]  of module DFCNQD1BWP30P140 <../logical/results/gate_level/convolution_analysis_view_0p90v_25c_captyp_nominal.sdf, line 107151>.
xmelab: *W,SDFNET: Unable to annotate to non-existent timing check (RECREM (posedge CDN) (COND D_SDFCHK (posedge CP)) (-26) (38)) of instance :DUT.\reg_reg_bias_value_reg[31]  of module DFCNQD1BWP30P140 <../logical/results/gate_level/convolution_analysis_view_0p90v_25c_captyp_nominal.sdf, line 107172>.
xmelab: *W,SDFNET: Unable to annotate to non-existent timing check (RECREM (posedge CDN) (COND D_SDFCHK (posedge CP)) (-26) (38)) of instance :DUT.\reg_reg_bias_value_reg[2]  of module DFCNQD1BWP30P140 <../logical/results/gate_level/convolution_analysis_view_0p90v_25c_captyp_nominal.sdf, line 107193>.
xmelab: *W,SDFNET: Unable to annotate to non-existent timing check (RECREM (posedge CDN) (COND D_SDFCHK (posedge CP)) (-26) (38)) of instance :DUT.\reg_reg_bias_value_reg[9]  of module DFCNQD1BWP30P140 <../logical/results/gate_level/convolution_analysis_view_0p90v_25c_captyp_nominal.sdf, line 107214>.
xmelab: *W,SDFNET: Unable to annotate to non-existent timing check (RECREM (posedge CDN) (COND D_SDFCHK (posedge CP)) (-26) (38)) of instance :DUT.\reg_reg_bias_value_reg[21]  of module DFCNQD1BWP30P140 <../logical/results/gate_level/convolution_analysis_view_0p90v_25c_captyp_nominal.sdf, line 107235>.
xmelab: *W,SDFNET: Unable to annotate to non-existent timing check (RECREM (posedge CDN) (COND D_SDFCHK (posedge CP)) (-26) (38)) of instance :DUT.\reg_reg_bias_value_reg[8]  of module DFCNQD1BWP30P140 <../logical/results/gate_level/convolution_analysis_view_0p90v_25c_captyp_nominal.sdf, line 107256>.
xmelab: *W,SDFNET: Unable to annotate to non-existent timing check (RECREM (posedge CDN) (COND D_SDFCHK (posedge CP)) (-26) (38)) of instance :DUT.\reg_reg_bias_value_reg[27]  of module DFCNQD1BWP30P140 <../logical/results/gate_level/convolution_analysis_view_0p90v_25c_captyp_nominal.sdf, line 107277>.
xmelab: *W,SDFNET: Unable to annotate to non-existent timing check (RECREM (posedge CDN) (COND D_SDFCHK (posedge CP)) (-26) (38)) of instance :DUT.\reg_reg_bias_value_reg[7]  of module DFCNQD1BWP30P140 <../logical/results/gate_level/convolution_analysis_view_0p90v_25c_captyp_nominal.sdf, line 107298>.
xmelab: *W,SDFNET: Unable to annotate to non-existent timing check (RECREM (posedge CDN) (COND D_SDFCHK (posedge CP)) (-26) (38)) of instance :DUT.\reg_reg_bias_value_reg[20]  of module DFCNQD1BWP30P140 <../logical/results/gate_level/convolution_analysis_view_0p90v_25c_captyp_nominal.sdf, line 107319>.
xmelab: *W,SDFNET: Unable to annotate to non-existent timing check (RECREM (posedge CDN) (COND D_SDFCHK (posedge CP)) (-26) (38)) of instance :DUT.\reg_reg_bias_value_reg[6]  of module DFCNQD1BWP30P140 <../logical/results/gate_level/convolution_analysis_view_0p90v_25c_captyp_nominal.sdf, line 107340>.
xmelab: *W,SDFNET: Unable to annotate to non-existent timing check (RECREM (posedge CDN) (COND D_SDFCHK (posedge CP)) (-26) (38)) of instance :DUT.\reg_reg_bias_value_reg[30]  of module DFCNQD1BWP30P140 <../logical/results/gate_level/convolution_analysis_view_0p90v_25c_captyp_nominal.sdf, line 107361>.
xmelab: *W,SDFNET: Unable to annotate to non-existent timing check (RECREM (posedge CDN) (COND D_SDFCHK (posedge CP)) (-26) (38)) of instance :DUT.\reg_reg_bias_value_reg[5]  of module DFCNQD1BWP30P140 <../logical/results/gate_level/convolution_analysis_view_0p90v_25c_captyp_nominal.sdf, line 107382>.
xmelab: *W,SDFNET: Unable to annotate to non-existent timing check (RECREM (posedge CDN) (COND D_SDFCHK (posedge CP)) (-26) (38)) of instance :DUT.\reg_reg_bias_value_reg[19]  of module DFCNQD1BWP30P140 <../logical/results/gate_level/convolution_analysis_view_0p90v_25c_captyp_nominal.sdf, line 107403>.
xmelab: *W,SDFNET: Unable to annotate to non-existent timing check (RECREM (posedge CDN) (COND D_SDFCHK (posedge CP)) (-26) (38)) of instance :DUT.\reg_reg_bias_value_reg[4]  of module DFCNQD1BWP30P140 <../logical/results/gate_level/convolution_analysis_view_0p90v_25c_captyp_nominal.sdf, line 107424>.
xmelab: *W,SDFNET: Unable to annotate to non-existent timing check (RECREM (posedge CDN) (COND D_SDFCHK (posedge CP)) (-26) (38)) of instance :DUT.\reg_reg_bias_value_reg[26]  of module DFCNQD1BWP30P140 <../logical/results/gate_level/convolution_analysis_view_0p90v_25c_captyp_nominal.sdf, line 107445>.
xmelab: *W,SDFNET: Unable to annotate to non-existent timing check (RECREM (posedge CDN) (COND D_SDFCHK (posedge CP)) (-26) (38)) of instance :DUT.\reg_reg_bias_value_reg[3]  of module DFCNQD1BWP30P140 <../logical/results/gate_level/convolution_analysis_view_0p90v_25c_captyp_nominal.sdf, line 107466>.
xmelab: *W,SDFNET: Unable to annotate to non-existent timing check (RECREM (posedge CDN) (COND D_SDFCHK (posedge CP)) (-26) (38)) of instance :DUT.\reg_reg_bias_value_reg[18]  of module DFCNQD1BWP30P140 <../logical/results/gate_level/convolution_analysis_view_0p90v_25c_captyp_nominal.sdf, line 107487>.
xmelab: *W,SDFNET: Unable to annotate to non-existent timing check (RECREM (posedge CDN) (COND D_SDFCHK (posedge CP)) (-26) (38)) of instance :DUT.\reg_reg_bias_value_reg[10]  of module DFCNQD1BWP30P140 <../logical/results/gate_level/convolution_analysis_view_0p90v_25c_captyp_nominal.sdf, line 107508>.
xmelab: *W,SDFNET: Unable to annotate to non-existent timing check (RECREM (posedge CDN) (COND D_SDFCHK (posedge CP)) (-26) (38)) of instance :DUT.\reg_bias_value_reg[18]  of module DFCNQD1BWP30P140 <../logical/results/gate_level/convolution_analysis_view_0p90v_25c_captyp_nominal.sdf, line 107529>.
xmelab: *W,SDFNET: Unable to annotate to non-existent timing check (RECREM (posedge CDN) (COND D_SDFCHK (posedge CP)) (-26) (38)) of instance :DUT.\reg_bias_value_reg[28]  of module DFCNQD1BWP30P140 <../logical/results/gate_level/convolution_analysis_view_0p90v_25c_captyp_nominal.sdf, line 107550>.
xmelab: *W,SDFNET: Unable to annotate to non-existent timing check (RECREM (posedge CDN) (COND D_SDFCHK (posedge CP)) (-26) (38)) of instance :DUT.\reg_bias_value_reg[24]  of module DFCNQD1BWP30P140 <../logical/results/gate_level/convolution_analysis_view_0p90v_25c_captyp_nominal.sdf, line 107571>.
xmelab: *W,SDFNET: Unable to annotate to non-existent timing check (RECREM (posedge CDN) (COND D_SDFCHK (posedge CP)) (-26) (38)) of instance :DUT.\reg_bias_value_reg[30]  of module DFCNQD1BWP30P140 <../logical/results/gate_level/convolution_analysis_view_0p90v_25c_captyp_nominal.sdf, line 107592>.
xmelab: *W,SDFNET: Unable to annotate to non-existent timing check (RECREM (posedge CDN) (COND D_SDFCHK (posedge CP)) (-26) (38)) of instance :DUT.\reg_bias_value_reg[16]  of module DFCNQD1BWP30P140 <../logical/results/gate_level/convolution_analysis_view_0p90v_25c_captyp_nominal.sdf, line 107613>.
xmelab: *W,SDFNET: Unable to annotate to non-existent timing check (RECREM (posedge CDN) (COND D_SDFCHK (posedge CP)) (-26) (38)) of instance :DUT.\reg_bias_value_reg[31]  of module DFCNQD1BWP30P140 <../logical/results/gate_level/convolution_analysis_view_0p90v_25c_captyp_nominal.sdf, line 107634>.
xmelab: *W,SDFNET: Unable to annotate to non-existent timing check (RECREM (posedge CDN) (COND D_SDFCHK (posedge CP)) (-26) (38)) of instance :DUT.\reg_bias_value_reg[29]  of module DFCNQD1BWP30P140 <../logical/results/gate_level/convolution_analysis_view_0p90v_25c_captyp_nominal.sdf, line 107655>.
xmelab: *W,SDFNET: Unable to annotate to non-existent timing check (RECREM (posedge CDN) (COND D_SDFCHK (posedge CP)) (-26) (38)) of instance :DUT.\reg_bias_value_reg[27]  of module DFCNQD1BWP30P140 <../logical/results/gate_level/convolution_analysis_view_0p90v_25c_captyp_nominal.sdf, line 107676>.
xmelab: *W,SDFNET: Unable to annotate to non-existent timing check (RECREM (posedge CDN) (COND D_SDFCHK (posedge CP)) (-26) (38)) of instance :DUT.\reg_bias_value_reg[25]  of module DFCNQD1BWP30P140 <../logical/results/gate_level/convolution_analysis_view_0p90v_25c_captyp_nominal.sdf, line 107697>.
xmelab: *W,SDFNET: Unable to annotate to non-existent timing check (RECREM (posedge CDN) (COND D_SDFCHK (posedge CP)) (-26) (38)) of instance :DUT.\reg_bias_value_reg[26]  of module DFCNQD1BWP30P140 <../logical/results/gate_level/convolution_analysis_view_0p90v_25c_captyp_nominal.sdf, line 107718>.
xmelab: *W,SDFNET: Unable to annotate to non-existent timing check (RECREM (posedge CDN) (COND D_SDFCHK (posedge CP)) (-26) (38)) of instance :DUT.\reg_bias_value_reg[21]  of module DFCNQD1BWP30P140 <../logical/results/gate_level/convolution_analysis_view_0p90v_25c_captyp_nominal.sdf, line 107739>.
xmelab: *W,SDFNET: Unable to annotate to non-existent timing check (RECREM (posedge CDN) (COND D_SDFCHK (posedge CP)) (-26) (38)) of instance :DUT.\reg_bias_value_reg[23]  of module DFCNQD1BWP30P140 <../logical/results/gate_level/convolution_analysis_view_0p90v_25c_captyp_nominal.sdf, line 107760>.
xmelab: *W,SDFNET: Unable to annotate to non-existent timing check (RECREM (posedge CDN) (COND D_SDFCHK (posedge CP)) (-26) (38)) of instance :DUT.\reg_bias_value_reg[22]  of module DFCNQD1BWP30P140 <../logical/results/gate_level/convolution_analysis_view_0p90v_25c_captyp_nominal.sdf, line 107781>.
xmelab: *W,SDFNET: Unable to annotate to non-existent timing check (RECREM (posedge CDN) (COND D_SDFCHK (posedge CP)) (-26) (38)) of instance :DUT.\reg_bias_value_reg[17]  of module DFCNQD1BWP30P140 <../logical/results/gate_level/convolution_analysis_view_0p90v_25c_captyp_nominal.sdf, line 107802>.
xmelab: *W,SDFNET: Unable to annotate to non-existent timing check (RECREM (posedge CDN) (COND D_SDFCHK (posedge CP)) (-26) (38)) of instance :DUT.\reg_bias_value_reg[20]  of module DFCNQD1BWP30P140 <../logical/results/gate_level/convolution_analysis_view_0p90v_25c_captyp_nominal.sdf, line 107823>.
xmelab: *W,SDFNET: Unable to annotate to non-existent timing check (RECREM (posedge CDN) (COND D_SDFCHK (posedge CP)) (-26) (38)) of instance :DUT.\reg_bias_value_reg[0]  of module DFCNQD1BWP30P140 <../logical/results/gate_level/convolution_analysis_view_0p90v_25c_captyp_nominal.sdf, line 107844>.
xmelab: *W,SDFNET: Unable to annotate to non-existent timing check (RECREM (posedge CDN) (COND D_SDFCHK (posedge CP)) (-26) (38)) of instance :DUT.\reg_bias_value_reg[19]  of module DFCNQD1BWP30P140 <../logical/results/gate_level/convolution_analysis_view_0p90v_25c_captyp_nominal.sdf, line 107865>.
xmelab: *W,SDFNET: Unable to annotate to non-existent timing check (RECREM (posedge CDN) (COND D_SDFCHK (posedge CP)) (-26) (38)) of instance :DUT.\reg_bias_value_reg[13]  of module DFCNQD1BWP30P140 <../logical/results/gate_level/convolution_analysis_view_0p90v_25c_captyp_nominal.sdf, line 107886>.
xmelab: *W,SDFNET: Unable to annotate to non-existent timing check (RECREM (posedge CDN) (COND D_SDFCHK (posedge CP)) (-26) (38)) of instance :DUT.\reg_bias_value_reg[15]  of module DFCNQD1BWP30P140 <../logical/results/gate_level/convolution_analysis_view_0p90v_25c_captyp_nominal.sdf, line 107907>.
xmelab: *W,SDFNET: Unable to annotate to non-existent timing check (RECREM (posedge CDN) (COND D_SDFCHK (posedge CP)) (-26) (38)) of instance :DUT.\reg_bias_value_reg[1]  of module DFCNQD1BWP30P140 <../logical/results/gate_level/convolution_analysis_view_0p90v_25c_captyp_nominal.sdf, line 107928>.
xmelab: *W,SDFNET: Unable to annotate to non-existent timing check (RECREM (posedge CDN) (COND D_SDFCHK (posedge CP)) (-26) (38)) of instance :DUT.\reg_bias_value_reg[14]  of module DFCNQD1BWP30P140 <../logical/results/gate_level/convolution_analysis_view_0p90v_25c_captyp_nominal.sdf, line 107949>.
xmelab: *W,SDFNET: Unable to annotate to non-existent timing check (RECREM (posedge CDN) (COND D_SDFCHK (posedge CP)) (-26) (38)) of instance :DUT.\reg_bias_value_reg[9]  of module DFCNQD1BWP30P140 <../logical/results/gate_level/convolution_analysis_view_0p90v_25c_captyp_nominal.sdf, line 107970>.
xmelab: *W,SDFNET: Unable to annotate to non-existent timing check (RECREM (posedge CDN) (COND D_SDFCHK (posedge CP)) (-26) (38)) of instance :DUT.\reg_bias_value_reg[12]  of module DFCNQD1BWP30P140 <../logical/results/gate_level/convolution_analysis_view_0p90v_25c_captyp_nominal.sdf, line 107991>.
xmelab: *W,SDFNET: Unable to annotate to non-existent timing check (RECREM (posedge CDN) (COND D_SDFCHK (posedge CP)) (-26) (38)) of instance :DUT.\reg_bias_value_reg[10]  of module DFCNQD1BWP30P140 <../logical/results/gate_level/convolution_analysis_view_0p90v_25c_captyp_nominal.sdf, line 108012>.
xmelab: *W,SDFNET: Unable to annotate to non-existent timing check (RECREM (posedge CDN) (COND D_SDFCHK (posedge CP)) (-26) (38)) of instance :DUT.\reg_bias_value_reg[11]  of module DFCNQD1BWP30P140 <../logical/results/gate_level/convolution_analysis_view_0p90v_25c_captyp_nominal.sdf, line 108033>.
xmelab: *W,SDFNET: Unable to annotate to non-existent timing check (RECREM (posedge CDN) (COND D_SDFCHK (posedge CP)) (-26) (38)) of instance :DUT.\reg_bias_value_reg[2]  of module DFCNQD1BWP30P140 <../logical/results/gate_level/convolution_analysis_view_0p90v_25c_captyp_nominal.sdf, line 108054>.
xmelab: *W,SDFNET: Unable to annotate to non-existent timing check (RECREM (posedge CDN) (COND D_SDFCHK (posedge CP)) (-26) (38)) of instance :DUT.\reg_bias_value_reg[8]  of module DFCNQD1BWP30P140 <../logical/results/gate_level/convolution_analysis_view_0p90v_25c_captyp_nominal.sdf, line 108075>.
xmelab: *W,SDFNET: Unable to annotate to non-existent timing check (RECREM (posedge CDN) (COND D_SDFCHK (posedge CP)) (-26) (38)) of instance :DUT.\reg_bias_value_reg[6]  of module DFCNQD1BWP30P140 <../logical/results/gate_level/convolution_analysis_view_0p90v_25c_captyp_nominal.sdf, line 108096>.
xmelab: *W,SDFNET: Unable to annotate to non-existent timing check (RECREM (posedge CDN) (COND D_SDFCHK (posedge CP)) (-26) (38)) of instance :DUT.\reg_bias_value_reg[7]  of module DFCNQD1BWP30P140 <../logical/results/gate_level/convolution_analysis_view_0p90v_25c_captyp_nominal.sdf, line 108117>.
xmelab: *W,SDFNET: Unable to annotate to non-existent timing check (RECREM (posedge CDN) (COND D_SDFCHK (posedge CP)) (-26) (38)) of instance :DUT.\reg_bias_value_reg[5]  of module DFCNQD1BWP30P140 <../logical/results/gate_level/convolution_analysis_view_0p90v_25c_captyp_nominal.sdf, line 108138>.
xmelab: *W,SDFNET: Unable to annotate to non-existent timing check (RECREM (posedge CDN) (COND D_SDFCHK (posedge CP)) (-26) (38)) of instance :DUT.\reg_bias_value_reg[3]  of module DFCNQD1BWP30P140 <../logical/results/gate_level/convolution_analysis_view_0p90v_25c_captyp_nominal.sdf, line 108159>.
xmelab: *W,SDFNET: Unable to annotate to non-existent timing check (RECREM (posedge CDN) (COND D_SDFCHK (posedge CP)) (-26) (38)) of instance :DUT.\reg_bias_value_reg[4]  of module DFCNQD1BWP30P140 <../logical/results/gate_level/convolution_analysis_view_0p90v_25c_captyp_nominal.sdf, line 108180>.
xmelab: *W,SDFNET: Unable to annotate to non-existent timing check (RECREM (posedge CDN) (COND D_SDFCHK (posedge CP)) (-26) (38)) of instance :DUT.\EA_add_reg[2]  of module DFCNQD1BWP30P140 <../logical/results/gate_level/convolution_analysis_view_0p90v_25c_captyp_nominal.sdf, line 108213>.
xmelab: *W,SDFNET: Unable to annotate to non-existent timing check (RECREM (posedge CDN) (COND D_SDFCHK (posedge CP)) (-26) (38)) of instance :DUT.\add_reg[0][0]  of module DFCNQD1BWP30P140 <../logical/results/gate_level/convolution_analysis_view_0p90v_25c_captyp_nominal.sdf, line 108234>.
xmelab: *W,SDFNET: Unable to annotate to non-existent timing check (RECREM (posedge CDN) (COND D_SDFCHK (posedge CP)) (-26) (38)) of instance :DUT.\add_reg[0][1]  of module DFCNQD1BWP30P140 <../logical/results/gate_level/convolution_analysis_view_0p90v_25c_captyp_nominal.sdf, line 108255>.
xmelab: *W,SDFNET: Unable to annotate to non-existent timing check (RECREM (posedge CDN) (COND D_SDFCHK (posedge CP)) (-26) (38)) of instance :DUT.\add_reg[0][2]  of module DFCNQD1BWP30P140 <../logical/results/gate_level/convolution_analysis_view_0p90v_25c_captyp_nominal.sdf, line 108276>.
xmelab: *W,SDFNET: Unable to annotate to non-existent timing check (RECREM (posedge CDN) (COND D_SDFCHK (posedge CP)) (-26) (38)) of instance :DUT.\add_reg[0][3]  of module DFCNQD1BWP30P140 <../logical/results/gate_level/convolution_analysis_view_0p90v_25c_captyp_nominal.sdf, line 108297>.
xmelab: *W,SDFNET: Unable to annotate to non-existent timing check (RECREM (posedge CDN) (COND D_SDFCHK (posedge CP)) (-26) (38)) of instance :DUT.\add_reg[0][4]  of module DFCNQD1BWP30P140 <../logical/results/gate_level/convolution_analysis_view_0p90v_25c_captyp_nominal.sdf, line 108318>.
xmelab: *W,SDFNET: Unable to annotate to non-existent timing check (RECREM (posedge CDN) (COND D_SDFCHK (posedge CP)) (-26) (38)) of instance :DUT.\add_reg[0][5]  of module DFCNQD1BWP30P140 <../logical/results/gate_level/convolution_analysis_view_0p90v_25c_captyp_nominal.sdf, line 108339>.
xmelab: *W,SDFNET: Unable to annotate to non-existent timing check (RECREM (posedge CDN) (COND D_SDFCHK (posedge CP)) (-26) (38)) of instance :DUT.\add_reg[0][6]  of module DFCNQD1BWP30P140 <../logical/results/gate_level/convolution_analysis_view_0p90v_25c_captyp_nominal.sdf, line 108360>.
xmelab: *W,SDFNET: Unable to annotate to non-existent timing check (RECREM (posedge CDN) (COND D_SDFCHK (posedge CP)) (-26) (38)) of instance :DUT.\add_reg[0][7]  of module DFCNQD1BWP30P140 <../logical/results/gate_level/convolution_analysis_view_0p90v_25c_captyp_nominal.sdf, line 108381>.
xmelab: *W,SDFNET: Unable to annotate to non-existent timing check (RECREM (posedge CDN) (COND D_SDFCHK (posedge CP)) (-26) (38)) of instance :DUT.\add_reg[0][8]  of module DFCNQD1BWP30P140 <../logical/results/gate_level/convolution_analysis_view_0p90v_25c_captyp_nominal.sdf, line 108402>.
xmelab: *W,SDFNET: Unable to annotate to non-existent timing check (RECREM (posedge CDN) (COND D_SDFCHK (posedge CP)) (-26) (38)) of instance :DUT.\add_reg[0][9]  of module DFCNQD1BWP30P140 <../logical/results/gate_level/convolution_analysis_view_0p90v_25c_captyp_nominal.sdf, line 108423>.
xmelab: *W,SDFNET: Unable to annotate to non-existent timing check (RECREM (posedge CDN) (COND D_SDFCHK (posedge CP)) (-26) (38)) of instance :DUT.\add_reg[0][10]  of module DFCNQD1BWP30P140 <../logical/results/gate_level/convolution_analysis_view_0p90v_25c_captyp_nominal.sdf, line 108444>.
xmelab: *W,SDFNET: Unable to annotate to non-existent timing check (RECREM (posedge CDN) (COND D_SDFCHK (posedge CP)) (-26) (38)) of instance :DUT.\add_reg[0][11]  of module DFCNQD1BWP30P140 <../logical/results/gate_level/convolution_analysis_view_0p90v_25c_captyp_nominal.sdf, line 108465>.
xmelab: *W,SDFNET: Unable to annotate to non-existent timing check (RECREM (posedge CDN) (COND D_SDFCHK (posedge CP)) (-26) (38)) of instance :DUT.\add_reg[0][12]  of module DFCNQD1BWP30P140 <../logical/results/gate_level/convolution_analysis_view_0p90v_25c_captyp_nominal.sdf, line 108486>.
xmelab: *W,SDFNET: Unable to annotate to non-existent timing check (RECREM (posedge CDN) (COND D_SDFCHK (posedge CP)) (-26) (38)) of instance :DUT.\add_reg[0][13]  of module DFCNQD1BWP30P140 <../logical/results/gate_level/convolution_analysis_view_0p90v_25c_captyp_nominal.sdf, line 108507>.
xmelab: *W,SDFNET: Unable to annotate to non-existent timing check (RECREM (posedge CDN) (COND D_SDFCHK (posedge CP)) (-26) (38)) of instance :DUT.\add_reg[0][14]  of module DFCNQD1BWP30P140 <../logical/results/gate_level/convolution_analysis_view_0p90v_25c_captyp_nominal.sdf, line 108528>.
xmelab: *W,SDFNET: Unable to annotate to non-existent timing check (RECREM (posedge CDN) (COND D_SDFCHK (posedge CP)) (-26) (38)) of instance :DUT.\add_reg[0][15]  of module DFCNQD1BWP30P140 <../logical/results/gate_level/convolution_analysis_view_0p90v_25c_captyp_nominal.sdf, line 108549>.
xmelab: *W,SDFNET: Unable to annotate to non-existent timing check (RECREM (posedge CDN) (COND D_SDFCHK (posedge CP)) (-26) (38)) of instance :DUT.\add_reg[1][0]  of module DFCNQD1BWP30P140 <../logical/results/gate_level/convolution_analysis_view_0p90v_25c_captyp_nominal.sdf, line 108570>.
xmelab: *W,SDFNET: Unable to annotate to non-existent timing check (RECREM (posedge CDN) (COND D_SDFCHK (posedge CP)) (-26) (38)) of instance :DUT.\add_reg[1][1]  of module DFCNQD1BWP30P140 <../logical/results/gate_level/convolution_analysis_view_0p90v_25c_captyp_nominal.sdf, line 108591>.
xmelab: *W,SDFNET: Unable to annotate to non-existent timing check (RECREM (posedge CDN) (COND D_SDFCHK (posedge CP)) (-26) (38)) of instance :DUT.\add_reg[1][2]  of module DFCNQD1BWP30P140 <../logical/results/gate_level/convolution_analysis_view_0p90v_25c_captyp_nominal.sdf, line 108612>.
xmelab: *W,SDFNET: Unable to annotate to non-existent timing check (RECREM (posedge CDN) (COND D_SDFCHK (posedge CP)) (-26) (38)) of instance :DUT.\add_reg[1][3]  of module DFCNQD1BWP30P140 <../logical/results/gate_level/convolution_analysis_view_0p90v_25c_captyp_nominal.sdf, line 108633>.
xmelab: *W,SDFNET: Unable to annotate to non-existent timing check (RECREM (posedge CDN) (COND D_SDFCHK (posedge CP)) (-26) (38)) of instance :DUT.\add_reg[1][4]  of module DFCNQD1BWP30P140 <../logical/results/gate_level/convolution_analysis_view_0p90v_25c_captyp_nominal.sdf, line 108654>.
xmelab: *W,SDFNET: Unable to annotate to non-existent timing check (RECREM (posedge CDN) (COND D_SDFCHK (posedge CP)) (-26) (38)) of instance :DUT.\add_reg[1][5]  of module DFCNQD1BWP30P140 <../logical/results/gate_level/convolution_analysis_view_0p90v_25c_captyp_nominal.sdf, line 108675>.
xmelab: *W,SDFNET: Unable to annotate to non-existent timing check (RECREM (posedge CDN) (COND D_SDFCHK (posedge CP)) (-26) (38)) of instance :DUT.\add_reg[1][6]  of module DFCNQD1BWP30P140 <../logical/results/gate_level/convolution_analysis_view_0p90v_25c_captyp_nominal.sdf, line 108696>.
xmelab: *W,SDFNET: Unable to annotate to non-existent timing check (RECREM (posedge CDN) (COND D_SDFCHK (posedge CP)) (-26) (38)) of instance :DUT.\add_reg[1][7]  of module DFCNQD1BWP30P140 <../logical/results/gate_level/convolution_analysis_view_0p90v_25c_captyp_nominal.sdf, line 108717>.
xmelab: *W,SDFNET: Unable to annotate to non-existent timing check (RECREM (posedge CDN) (COND D_SDFCHK (posedge CP)) (-26) (38)) of instance :DUT.\add_reg[1][8]  of module DFCNQD1BWP30P140 <../logical/results/gate_level/convolution_analysis_view_0p90v_25c_captyp_nominal.sdf, line 108738>.
xmelab: *W,SDFNET: Unable to annotate to non-existent timing check (RECREM (posedge CDN) (COND D_SDFCHK (posedge CP)) (-26) (38)) of instance :DUT.\add_reg[1][9]  of module DFCNQD1BWP30P140 <../logical/results/gate_level/convolution_analysis_view_0p90v_25c_captyp_nominal.sdf, line 108759>.
xmelab: *W,SDFNET: Unable to annotate to non-existent timing check (RECREM (posedge CDN) (COND D_SDFCHK (posedge CP)) (-26) (38)) of instance :DUT.\add_reg[1][10]  of module DFCNQD1BWP30P140 <../logical/results/gate_level/convolution_analysis_view_0p90v_25c_captyp_nominal.sdf, line 108780>.
xmelab: *W,SDFNET: Unable to annotate to non-existent timing check (RECREM (posedge CDN) (COND D_SDFCHK (posedge CP)) (-26) (38)) of instance :DUT.\add_reg[1][11]  of module DFCNQD1BWP30P140 <../logical/results/gate_level/convolution_analysis_view_0p90v_25c_captyp_nominal.sdf, line 108801>.
xmelab: *W,SDFNET: Unable to annotate to non-existent timing check (RECREM (posedge CDN) (COND D_SDFCHK (posedge CP)) (-26) (38)) of instance :DUT.\add_reg[1][12]  of module DFCNQD1BWP30P140 <../logical/results/gate_level/convolution_analysis_view_0p90v_25c_captyp_nominal.sdf, line 108822>.
xmelab: *W,SDFNET: Unable to annotate to non-existent timing check (RECREM (posedge CDN) (COND D_SDFCHK (posedge CP)) (-26) (38)) of instance :DUT.\add_reg[1][13]  of module DFCNQD1BWP30P140 <../logical/results/gate_level/convolution_analysis_view_0p90v_25c_captyp_nominal.sdf, line 108843>.
xmelab: *W,SDFNET: Unable to annotate to non-existent timing check (RECREM (posedge CDN) (COND D_SDFCHK (posedge CP)) (-26) (38)) of instance :DUT.\add_reg[1][14]  of module DFCNQD1BWP30P140 <../logical/results/gate_level/convolution_analysis_view_0p90v_25c_captyp_nominal.sdf, line 108864>.
xmelab: *W,SDFNET: Unable to annotate to non-existent timing check (RECREM (posedge CDN) (COND D_SDFCHK (posedge CP)) (-26) (38)) of instance :DUT.\add_reg[1][15]  of module DFCNQD1BWP30P140 <../logical/results/gate_level/convolution_analysis_view_0p90v_25c_captyp_nominal.sdf, line 108885>.
xmelab: *W,SDFNET: Unable to annotate to non-existent timing check (RECREM (posedge CDN) (COND D_SDFCHK (posedge CP)) (-26) (38)) of instance :DUT.\add_reg[2][0]  of module DFCNQD1BWP30P140 <../logical/results/gate_level/convolution_analysis_view_0p90v_25c_captyp_nominal.sdf, line 108906>.
xmelab: *W,SDFNET: Unable to annotate to non-existent timing check (RECREM (posedge CDN) (COND D_SDFCHK (posedge CP)) (-26) (38)) of instance :DUT.\add_reg[2][1]  of module DFCNQD1BWP30P140 <../logical/results/gate_level/convolution_analysis_view_0p90v_25c_captyp_nominal.sdf, line 108927>.
xmelab: *W,SDFNET: Unable to annotate to non-existent timing check (RECREM (posedge CDN) (COND D_SDFCHK (posedge CP)) (-26) (38)) of instance :DUT.\add_reg[2][2]  of module DFCNQD1BWP30P140 <../logical/results/gate_level/convolution_analysis_view_0p90v_25c_captyp_nominal.sdf, line 108948>.
xmelab: *W,SDFNET: Unable to annotate to non-existent timing check (RECREM (posedge CDN) (COND D_SDFCHK (posedge CP)) (-26) (38)) of instance :DUT.\add_reg[2][3]  of module DFCNQD1BWP30P140 <../logical/results/gate_level/convolution_analysis_view_0p90v_25c_captyp_nominal.sdf, line 108969>.
xmelab: *W,SDFNET: Unable to annotate to non-existent timing check (RECREM (posedge CDN) (COND D_SDFCHK (posedge CP)) (-26) (38)) of instance :DUT.\add_reg[2][4]  of module DFCNQD1BWP30P140 <../logical/results/gate_level/convolution_analysis_view_0p90v_25c_captyp_nominal.sdf, line 108990>.
xmelab: *W,SDFNET: Unable to annotate to non-existent timing check (RECREM (posedge CDN) (COND D_SDFCHK (posedge CP)) (-26) (38)) of instance :DUT.\add_reg[2][5]  of module DFCNQD1BWP30P140 <../logical/results/gate_level/convolution_analysis_view_0p90v_25c_captyp_nominal.sdf, line 109011>.
xmelab: *W,SDFNET: Unable to annotate to non-existent timing check (RECREM (posedge CDN) (COND D_SDFCHK (posedge CP)) (-26) (38)) of instance :DUT.\add_reg[2][6]  of module DFCNQD1BWP30P140 <../logical/results/gate_level/convolution_analysis_view_0p90v_25c_captyp_nominal.sdf, line 109032>.
xmelab: *W,SDFNET: Unable to annotate to non-existent timing check (RECREM (posedge CDN) (COND D_SDFCHK (posedge CP)) (-26) (38)) of instance :DUT.\add_reg[2][7]  of module DFCNQD1BWP30P140 <../logical/results/gate_level/convolution_analysis_view_0p90v_25c_captyp_nominal.sdf, line 109053>.
xmelab: *W,SDFNET: Unable to annotate to non-existent timing check (RECREM (posedge CDN) (COND D_SDFCHK (posedge CP)) (-26) (38)) of instance :DUT.\add_reg[2][8]  of module DFCNQD1BWP30P140 <../logical/results/gate_level/convolution_analysis_view_0p90v_25c_captyp_nominal.sdf, line 109074>.
xmelab: *W,SDFNET: Unable to annotate to non-existent timing check (RECREM (posedge CDN) (COND D_SDFCHK (posedge CP)) (-26) (38)) of instance :DUT.\add_reg[2][9]  of module DFCNQD1BWP30P140 <../logical/results/gate_level/convolution_analysis_view_0p90v_25c_captyp_nominal.sdf, line 109095>.
xmelab: *W,SDFNET: Unable to annotate to non-existent timing check (RECREM (posedge CDN) (COND D_SDFCHK (posedge CP)) (-26) (38)) of instance :DUT.\add_reg[2][10]  of module DFCNQD1BWP30P140 <../logical/results/gate_level/convolution_analysis_view_0p90v_25c_captyp_nominal.sdf, line 109116>.
xmelab: *W,SDFNET: Unable to annotate to non-existent timing check (RECREM (posedge CDN) (COND D_SDFCHK (posedge CP)) (-26) (38)) of instance :DUT.\add_reg[2][11]  of module DFCNQD1BWP30P140 <../logical/results/gate_level/convolution_analysis_view_0p90v_25c_captyp_nominal.sdf, line 109137>.
xmelab: *W,SDFNET: Unable to annotate to non-existent timing check (RECREM (posedge CDN) (COND D_SDFCHK (posedge CP)) (-26) (38)) of instance :DUT.\add_reg[2][12]  of module DFCNQD1BWP30P140 <../logical/results/gate_level/convolution_analysis_view_0p90v_25c_captyp_nominal.sdf, line 109158>.
xmelab: *W,SDFNET: Unable to annotate to non-existent timing check (RECREM (posedge CDN) (COND D_SDFCHK (posedge CP)) (-26) (38)) of instance :DUT.\add_reg[2][13]  of module DFCNQD1BWP30P140 <../logical/results/gate_level/convolution_analysis_view_0p90v_25c_captyp_nominal.sdf, line 109179>.
xmelab: *W,SDFNET: Unable to annotate to non-existent timing check (RECREM (posedge CDN) (COND D_SDFCHK (posedge CP)) (-26) (38)) of instance :DUT.\add_reg[2][14]  of module DFCNQD1BWP30P140 <../logical/results/gate_level/convolution_analysis_view_0p90v_25c_captyp_nominal.sdf, line 109200>.
xmelab: *W,SDFNET: Unable to annotate to non-existent timing check (RECREM (posedge CDN) (COND D_SDFCHK (posedge CP)) (-26) (38)) of instance :DUT.\add_reg[2][15]  of module DFCNQD1BWP30P140 <../logical/results/gate_level/convolution_analysis_view_0p90v_25c_captyp_nominal.sdf, line 109221>.
xmelab: *W,SDFNET: Unable to annotate to non-existent timing check (RECREM (posedge CDN) (COND D_SDFCHK (posedge CP)) (-26) (38)) of instance :DUT.\buffer_features_reg[0][0]  of module DFCNQD1BWP30P140 <../logical/results/gate_level/convolution_analysis_view_0p90v_25c_captyp_nominal.sdf, line 109242>.
xmelab: *W,SDFNET: Unable to annotate to non-existent timing check (RECREM (posedge CDN) (COND D_SDFCHK (posedge CP)) (-26) (38)) of instance :DUT.\buffer_features_reg[0][1]  of module DFCNQD1BWP30P140 <../logical/results/gate_level/convolution_analysis_view_0p90v_25c_captyp_nominal.sdf, line 109263>.
xmelab: *W,SDFNET: Unable to annotate to non-existent timing check (RECREM (posedge CDN) (COND D_SDFCHK (posedge CP)) (-26) (38)) of instance :DUT.\buffer_features_reg[0][2]  of module DFCNQD1BWP30P140 <../logical/results/gate_level/convolution_analysis_view_0p90v_25c_captyp_nominal.sdf, line 109284>.
xmelab: *W,SDFNET: Unable to annotate to non-existent timing check (RECREM (posedge CDN) (COND D_SDFCHK (posedge CP)) (-26) (38)) of instance :DUT.\buffer_features_reg[0][3]  of module DFCNQD1BWP30P140 <../logical/results/gate_level/convolution_analysis_view_0p90v_25c_captyp_nominal.sdf, line 109305>.
xmelab: *W,SDFNET: Unable to annotate to non-existent timing check (RECREM (posedge CDN) (COND D_SDFCHK (posedge CP)) (-26) (38)) of instance :DUT.\buffer_features_reg[0][4]  of module DFCNQD1BWP30P140 <../logical/results/gate_level/convolution_analysis_view_0p90v_25c_captyp_nominal.sdf, line 109326>.
xmelab: *W,SDFNET: Unable to annotate to non-existent timing check (RECREM (posedge CDN) (COND D_SDFCHK (posedge CP)) (-26) (38)) of instance :DUT.\buffer_features_reg[0][5]  of module DFCNQD1BWP30P140 <../logical/results/gate_level/convolution_analysis_view_0p90v_25c_captyp_nominal.sdf, line 109347>.
xmelab: *W,SDFNET: Unable to annotate to non-existent timing check (RECREM (posedge CDN) (COND D_SDFCHK (posedge CP)) (-26) (38)) of instance :DUT.\buffer_features_reg[0][6]  of module DFCNQD1BWP30P140 <../logical/results/gate_level/convolution_analysis_view_0p90v_25c_captyp_nominal.sdf, line 109368>.
xmelab: *W,SDFNET: Unable to annotate to non-existent timing check (RECREM (posedge CDN) (COND D_SDFCHK (posedge CP)) (-26) (38)) of instance :DUT.\buffer_features_reg[0][7]  of module DFCNQD1BWP30P140 <../logical/results/gate_level/convolution_analysis_view_0p90v_25c_captyp_nominal.sdf, line 109389>.
xmelab: *W,SDFNET: Unable to annotate to non-existent timing check (RECREM (posedge CDN) (COND D_SDFCHK (posedge CP)) (-26) (38)) of instance :DUT.\buffer_features_reg[0][8]  of module DFCNQD1BWP30P140 <../logical/results/gate_level/convolution_analysis_view_0p90v_25c_captyp_nominal.sdf, line 109410>.
xmelab: *W,SDFNET: Unable to annotate to non-existent timing check (RECREM (posedge CDN) (COND D_SDFCHK (posedge CP)) (-26) (38)) of instance :DUT.\buffer_features_reg[0][9]  of module DFCNQD1BWP30P140 <../logical/results/gate_level/convolution_analysis_view_0p90v_25c_captyp_nominal.sdf, line 109431>.
xmelab: *W,SDFNET: Unable to annotate to non-existent timing check (RECREM (posedge CDN) (COND D_SDFCHK (posedge CP)) (-26) (38)) of instance :DUT.\buffer_features_reg[0][10]  of module DFCNQD1BWP30P140 <../logical/results/gate_level/convolution_analysis_view_0p90v_25c_captyp_nominal.sdf, line 109452>.
xmelab: *W,SDFNET: Unable to annotate to non-existent timing check (RECREM (posedge CDN) (COND D_SDFCHK (posedge CP)) (-26) (38)) of instance :DUT.\buffer_features_reg[0][11]  of module DFCNQD1BWP30P140 <../logical/results/gate_level/convolution_analysis_view_0p90v_25c_captyp_nominal.sdf, line 109473>.
xmelab: *W,SDFNET: Unable to annotate to non-existent timing check (RECREM (posedge CDN) (COND D_SDFCHK (posedge CP)) (-26) (38)) of instance :DUT.\buffer_features_reg[0][12]  of module DFCNQD1BWP30P140 <../logical/results/gate_level/convolution_analysis_view_0p90v_25c_captyp_nominal.sdf, line 109494>.
xmelab: *W,SDFNET: Unable to annotate to non-existent timing check (RECREM (posedge CDN) (COND D_SDFCHK (posedge CP)) (-26) (38)) of instance :DUT.\buffer_features_reg[0][13]  of module DFCNQD1BWP30P140 <../logical/results/gate_level/convolution_analysis_view_0p90v_25c_captyp_nominal.sdf, line 109515>.
xmelab: *W,SDFNET: Unable to annotate to non-existent timing check (RECREM (posedge CDN) (COND D_SDFCHK (posedge CP)) (-26) (38)) of instance :DUT.\buffer_features_reg[0][14]  of module DFCNQD1BWP30P140 <../logical/results/gate_level/convolution_analysis_view_0p90v_25c_captyp_nominal.sdf, line 109536>.
xmelab: *W,SDFNET: Unable to annotate to non-existent timing check (RECREM (posedge CDN) (COND D_SDFCHK (posedge CP)) (-26) (38)) of instance :DUT.\buffer_features_reg[0][15]  of module DFCNQD1BWP30P140 <../logical/results/gate_level/convolution_analysis_view_0p90v_25c_captyp_nominal.sdf, line 109557>.
xmelab: *W,SDFNET: Unable to annotate to non-existent timing check (RECREM (posedge CDN) (COND D_SDFCHK (posedge CP)) (-26) (38)) of instance :DUT.\buffer_features_reg[1][0]  of module DFCNQD1BWP30P140 <../logical/results/gate_level/convolution_analysis_view_0p90v_25c_captyp_nominal.sdf, line 109578>.
xmelab: *W,SDFNET: Unable to annotate to non-existent timing check (RECREM (posedge CDN) (COND D_SDFCHK (posedge CP)) (-26) (38)) of instance :DUT.\buffer_features_reg[1][1]  of module DFCNQD1BWP30P140 <../logical/results/gate_level/convolution_analysis_view_0p90v_25c_captyp_nominal.sdf, line 109599>.
xmelab: *W,SDFNET: Unable to annotate to non-existent timing check (RECREM (posedge CDN) (COND D_SDFCHK (posedge CP)) (-26) (38)) of instance :DUT.\buffer_features_reg[1][2]  of module DFCNQD1BWP30P140 <../logical/results/gate_level/convolution_analysis_view_0p90v_25c_captyp_nominal.sdf, line 109620>.
xmelab: *W,SDFNET: Unable to annotate to non-existent timing check (RECREM (posedge CDN) (COND D_SDFCHK (posedge CP)) (-26) (38)) of instance :DUT.\buffer_features_reg[1][3]  of module DFCNQD1BWP30P140 <../logical/results/gate_level/convolution_analysis_view_0p90v_25c_captyp_nominal.sdf, line 109641>.
xmelab: *W,SDFNET: Unable to annotate to non-existent timing check (RECREM (posedge CDN) (COND D_SDFCHK (posedge CP)) (-26) (38)) of instance :DUT.\buffer_features_reg[1][4]  of module DFCNQD1BWP30P140 <../logical/results/gate_level/convolution_analysis_view_0p90v_25c_captyp_nominal.sdf, line 109662>.
xmelab: *W,SDFNET: Unable to annotate to non-existent timing check (RECREM (posedge CDN) (COND D_SDFCHK (posedge CP)) (-26) (38)) of instance :DUT.\buffer_features_reg[1][5]  of module DFCNQD1BWP30P140 <../logical/results/gate_level/convolution_analysis_view_0p90v_25c_captyp_nominal.sdf, line 109683>.
xmelab: *W,SDFNET: Unable to annotate to non-existent timing check (RECREM (posedge CDN) (COND D_SDFCHK (posedge CP)) (-26) (38)) of instance :DUT.\buffer_features_reg[1][6]  of module DFCNQD1BWP30P140 <../logical/results/gate_level/convolution_analysis_view_0p90v_25c_captyp_nominal.sdf, line 109704>.
xmelab: *W,SDFNET: Unable to annotate to non-existent timing check (RECREM (posedge CDN) (COND D_SDFCHK (posedge CP)) (-26) (38)) of instance :DUT.\buffer_features_reg[1][7]  of module DFCNQD1BWP30P140 <../logical/results/gate_level/convolution_analysis_view_0p90v_25c_captyp_nominal.sdf, line 109725>.
xmelab: *W,SDFNET: Unable to annotate to non-existent timing check (RECREM (posedge CDN) (COND D_SDFCHK (posedge CP)) (-26) (38)) of instance :DUT.\buffer_features_reg[1][8]  of module DFCNQD1BWP30P140 <../logical/results/gate_level/convolution_analysis_view_0p90v_25c_captyp_nominal.sdf, line 109746>.
xmelab: *W,SDFNET: Unable to annotate to non-existent timing check (RECREM (posedge CDN) (COND D_SDFCHK (posedge CP)) (-26) (38)) of instance :DUT.\buffer_features_reg[1][9]  of module DFCNQD1BWP30P140 <../logical/results/gate_level/convolution_analysis_view_0p90v_25c_captyp_nominal.sdf, line 109767>.
xmelab: *W,SDFNET: Unable to annotate to non-existent timing check (RECREM (posedge CDN) (COND D_SDFCHK (posedge CP)) (-26) (38)) of instance :DUT.\buffer_features_reg[1][10]  of module DFCNQD1BWP30P140 <../logical/results/gate_level/convolution_analysis_view_0p90v_25c_captyp_nominal.sdf, line 109788>.
xmelab: *W,SDFNET: Unable to annotate to non-existent timing check (RECREM (posedge CDN) (COND D_SDFCHK (posedge CP)) (-26) (38)) of instance :DUT.\buffer_features_reg[1][11]  of module DFCNQD1BWP30P140 <../logical/results/gate_level/convolution_analysis_view_0p90v_25c_captyp_nominal.sdf, line 109809>.
xmelab: *W,SDFNET: Unable to annotate to non-existent timing check (RECREM (posedge CDN) (COND D_SDFCHK (posedge CP)) (-26) (38)) of instance :DUT.\buffer_features_reg[1][12]  of module DFCNQD1BWP30P140 <../logical/results/gate_level/convolution_analysis_view_0p90v_25c_captyp_nominal.sdf, line 109830>.
xmelab: *W,SDFNET: Unable to annotate to non-existent timing check (RECREM (posedge CDN) (COND D_SDFCHK (posedge CP)) (-26) (38)) of instance :DUT.\buffer_features_reg[1][13]  of module DFCNQD1BWP30P140 <../logical/results/gate_level/convolution_analysis_view_0p90v_25c_captyp_nominal.sdf, line 109851>.
xmelab: *W,SDFNET: Unable to annotate to non-existent timing check (RECREM (posedge CDN) (COND D_SDFCHK (posedge CP)) (-26) (38)) of instance :DUT.\buffer_features_reg[1][14]  of module DFCNQD1BWP30P140 <../logical/results/gate_level/convolution_analysis_view_0p90v_25c_captyp_nominal.sdf, line 109872>.
xmelab: *W,SDFNET: Unable to annotate to non-existent timing check (RECREM (posedge CDN) (COND D_SDFCHK (posedge CP)) (-26) (38)) of instance :DUT.\buffer_features_reg[1][15]  of module DFCNQD1BWP30P140 <../logical/results/gate_level/convolution_analysis_view_0p90v_25c_captyp_nominal.sdf, line 109893>.
xmelab: *W,SDFNET: Unable to annotate to non-existent timing check (RECREM (posedge CDN) (COND D_SDFCHK (posedge CP)) (-26) (38)) of instance :DUT.\buffer_features_reg[2][0]  of module DFCNQD1BWP30P140 <../logical/results/gate_level/convolution_analysis_view_0p90v_25c_captyp_nominal.sdf, line 109914>.
xmelab: *W,SDFNET: Unable to annotate to non-existent timing check (RECREM (posedge CDN) (COND D_SDFCHK (posedge CP)) (-26) (38)) of instance :DUT.\buffer_features_reg[2][1]  of module DFCNQD1BWP30P140 <../logical/results/gate_level/convolution_analysis_view_0p90v_25c_captyp_nominal.sdf, line 109935>.
xmelab: *W,SDFNET: Unable to annotate to non-existent timing check (RECREM (posedge CDN) (COND D_SDFCHK (posedge CP)) (-26) (38)) of instance :DUT.\buffer_features_reg[2][2]  of module DFCNQD1BWP30P140 <../logical/results/gate_level/convolution_analysis_view_0p90v_25c_captyp_nominal.sdf, line 109956>.
xmelab: *W,SDFNET: Unable to annotate to non-existent timing check (RECREM (posedge CDN) (COND D_SDFCHK (posedge CP)) (-26) (38)) of instance :DUT.\buffer_features_reg[2][3]  of module DFCNQD1BWP30P140 <../logical/results/gate_level/convolution_analysis_view_0p90v_25c_captyp_nominal.sdf, line 109977>.
xmelab: *W,SDFNET: Unable to annotate to non-existent timing check (RECREM (posedge CDN) (COND D_SDFCHK (posedge CP)) (-26) (38)) of instance :DUT.\buffer_features_reg[2][4]  of module DFCNQD1BWP30P140 <../logical/results/gate_level/convolution_analysis_view_0p90v_25c_captyp_nominal.sdf, line 109998>.
xmelab: *W,SDFNET: Unable to annotate to non-existent timing check (RECREM (posedge CDN) (COND D_SDFCHK (posedge CP)) (-26) (38)) of instance :DUT.\buffer_features_reg[2][5]  of module DFCNQD1BWP30P140 <../logical/results/gate_level/convolution_analysis_view_0p90v_25c_captyp_nominal.sdf, line 110019>.
xmelab: *W,SDFNET: Unable to annotate to non-existent timing check (RECREM (posedge CDN) (COND D_SDFCHK (posedge CP)) (-26) (38)) of instance :DUT.\buffer_features_reg[2][6]  of module DFCNQD1BWP30P140 <../logical/results/gate_level/convolution_analysis_view_0p90v_25c_captyp_nominal.sdf, line 110040>.
xmelab: *W,SDFNET: Unable to annotate to non-existent timing check (RECREM (posedge CDN) (COND D_SDFCHK (posedge CP)) (-26) (38)) of instance :DUT.\buffer_features_reg[2][7]  of module DFCNQD1BWP30P140 <../logical/results/gate_level/convolution_analysis_view_0p90v_25c_captyp_nominal.sdf, line 110061>.
xmelab: *W,SDFNET: Unable to annotate to non-existent timing check (RECREM (posedge CDN) (COND D_SDFCHK (posedge CP)) (-26) (38)) of instance :DUT.\buffer_features_reg[2][8]  of module DFCNQD1BWP30P140 <../logical/results/gate_level/convolution_analysis_view_0p90v_25c_captyp_nominal.sdf, line 110082>.
xmelab: *W,SDFNET: Unable to annotate to non-existent timing check (RECREM (posedge CDN) (COND D_SDFCHK (posedge CP)) (-26) (38)) of instance :DUT.\buffer_features_reg[2][9]  of module DFCNQD1BWP30P140 <../logical/results/gate_level/convolution_analysis_view_0p90v_25c_captyp_nominal.sdf, line 110103>.
xmelab: *W,SDFNET: Unable to annotate to non-existent timing check (RECREM (posedge CDN) (COND D_SDFCHK (posedge CP)) (-26) (38)) of instance :DUT.\buffer_features_reg[2][10]  of module DFCNQD1BWP30P140 <../logical/results/gate_level/convolution_analysis_view_0p90v_25c_captyp_nominal.sdf, line 110124>.
xmelab: *W,SDFNET: Unable to annotate to non-existent timing check (RECREM (posedge CDN) (COND D_SDFCHK (posedge CP)) (-26) (38)) of instance :DUT.\buffer_features_reg[2][11]  of module DFCNQD1BWP30P140 <../logical/results/gate_level/convolution_analysis_view_0p90v_25c_captyp_nominal.sdf, line 110145>.
xmelab: *W,SDFNET: Unable to annotate to non-existent timing check (RECREM (posedge CDN) (COND D_SDFCHK (posedge CP)) (-26) (38)) of instance :DUT.\buffer_features_reg[2][12]  of module DFCNQD1BWP30P140 <../logical/results/gate_level/convolution_analysis_view_0p90v_25c_captyp_nominal.sdf, line 110166>.
xmelab: *W,SDFNET: Unable to annotate to non-existent timing check (RECREM (posedge CDN) (COND D_SDFCHK (posedge CP)) (-26) (38)) of instance :DUT.\buffer_features_reg[2][13]  of module DFCNQD1BWP30P140 <../logical/results/gate_level/convolution_analysis_view_0p90v_25c_captyp_nominal.sdf, line 110187>.
xmelab: *W,SDFNET: Unable to annotate to non-existent timing check (RECREM (posedge CDN) (COND D_SDFCHK (posedge CP)) (-26) (38)) of instance :DUT.\buffer_features_reg[2][14]  of module DFCNQD1BWP30P140 <../logical/results/gate_level/convolution_analysis_view_0p90v_25c_captyp_nominal.sdf, line 110208>.
xmelab: *W,SDFNET: Unable to annotate to non-existent timing check (RECREM (posedge CDN) (COND D_SDFCHK (posedge CP)) (-26) (38)) of instance :DUT.\buffer_features_reg[2][15]  of module DFCNQD1BWP30P140 <../logical/results/gate_level/convolution_analysis_view_0p90v_25c_captyp_nominal.sdf, line 110229>.
xmelab: *W,SDFNET: Unable to annotate to non-existent timing check (RECREM (posedge CDN) (COND D_SDFCHK (posedge CP)) (-26) (38)) of instance :DUT.en_reg_flag_reg of module DFCNQD1BWP30P140 <../logical/results/gate_level/convolution_analysis_view_0p90v_25c_captyp_nominal.sdf, line 110250>.
xmelab: *W,SDFNET: Unable to annotate to non-existent timing check (RECREM (posedge CDN) (COND D_SDFCHK (posedge CP)) (-26) (38)) of instance :DUT.\partial2_reg[0]  of module DFCNQD1BWP30P140 <../logical/results/gate_level/convolution_analysis_view_0p90v_25c_captyp_nominal.sdf, line 110271>.
xmelab: *W,SDFNET: Unable to annotate to non-existent timing check (RECREM (posedge CDN) (COND D_SDFCHK (posedge CP)) (-26) (38)) of instance :DUT.\partial2_reg[1]  of module DFCNQD1BWP30P140 <../logical/results/gate_level/convolution_analysis_view_0p90v_25c_captyp_nominal.sdf, line 110292>.
xmelab: *W,SDFNET: Unable to annotate to non-existent timing check (RECREM (posedge CDN) (COND D_SDFCHK (posedge CP)) (-26) (38)) of instance :DUT.\partial2_reg[2]  of module DFCNQD1BWP30P140 <../logical/results/gate_level/convolution_analysis_view_0p90v_25c_captyp_nominal.sdf, line 110313>.
xmelab: *W,SDFNET: Unable to annotate to non-existent timing check (RECREM (posedge CDN) (COND D_SDFCHK (posedge CP)) (-26) (38)) of instance :DUT.\partial2_reg[3]  of module DFCNQD1BWP30P140 <../logical/results/gate_level/convolution_analysis_view_0p90v_25c_captyp_nominal.sdf, line 110334>.
xmelab: *W,SDFNET: Unable to annotate to non-existent timing check (RECREM (posedge CDN) (COND D_SDFCHK (posedge CP)) (-26) (38)) of instance :DUT.\partial2_reg[4]  of module DFCNQD1BWP30P140 <../logical/results/gate_level/convolution_analysis_view_0p90v_25c_captyp_nominal.sdf, line 110355>.
xmelab: *W,MXWARN: Reached maximum warning limit for 'SDFNET'(1000).
	Annotation completed with 0 Errors and 1234 Warnings
xmelab: *W,NTCNNC: Non-convergence of negative timing check values in instance :DUT.ce_control_reg.
xmelab: *W,NTCNNC: Non-convergence of negative timing check values in instance :DUT.\channel_control_reg[0] .
xmelab: *W,NTCNNC: Non-convergence of negative timing check values in instance :DUT.control_iteration_flag_reg.
xmelab: *W,NTCNNC: Non-convergence of negative timing check values in instance :DUT.end_conv_reg_reg.
xmelab: *W,NTCNNC: Non-convergence of negative timing check values in instance :DUT.end_conv_signal_reg.
xmelab: *W,NTCNNC: Non-convergence of negative timing check values in instance :DUT.partial_valid_flag_reg.
xmelab: *W,NTCNNC: Non-convergence of negative timing check values in instance :DUT.read_bias_reg.
xmelab: *W,NTCNNC: Non-convergence of negative timing check values in instance :DUT.read_weight_flag_reg.
xmelab: *W,NTCNNC: Non-convergence of negative timing check values in instance :DUT.read_weights_reg.
xmelab: *W,NTCNNC: Non-convergence of negative timing check values in instance :DUT.start_mac_reg.
xmelab: *W,NTCNNC: Non-convergence of negative timing check values in instance :DUT.update_add_base_reg.
xmelab: *W,NTCNNC: Non-convergence of negative timing check values in instance :DUT.\bias_x_reg[15] .
xmelab: *W,NTCNNC: Non-convergence of negative timing check values in instance :DUT.\channel_control_reg[1] .
xmelab: *W,NTCNNC: Non-convergence of negative timing check values in instance :DUT.read_bias_flag_reg.
xmelab: *W,NTCNNC: Non-convergence of negative timing check values in instance :DUT.\weight_x_reg[5] .
xmelab: *W,NTCNNC: Non-convergence of negative timing check values in instance :DUT.\weight_x_reg[6] .
xmelab: *W,NTCNNC: Non-convergence of negative timing check values in instance :DUT.\weight_x_reg[7] .
xmelab: *W,NTCNNC: Non-convergence of negative timing check values in instance :DUT.\weight_x_reg[8] .
xmelab: *W,NTCNNC: Non-convergence of negative timing check values in instance :DUT.\weight_x_reg[9] .
xmelab: *W,NTCNNC: Non-convergence of negative timing check values in instance :DUT.\weight_x_reg[10] .
xmelab: *W,NTCNNC: Non-convergence of negative timing check values in instance :DUT.\weight_x_reg[11] .
xmelab: *W,NTCNNC: Non-convergence of negative timing check values in instance :DUT.\weight_x_reg[15] .
	SDF statistics: 
		 No. of Pathdelays = 63624   	 No. of Disabled Pathdelays = 0        Annotated = 100.00% (63624/63624) 
		 No. of Tchecks    = 15391   	 No. of Disabled Tchecks    = 0        Annotated = 17.09% (2630/15391) 
				        Total(T) 	   Disabled(D) 	    Annotated(A)	  Percentage(A/(T-D))
		 Path Delays	         63624	             0	             63624	                100.00
		       $hold	          1234	             0	                 0	                  0.00
		      $width	         10219	             0	                 0	                  0.00
		   $recovery	          1234	             0	                 0	                  0.00
		  $setuphold	          2704	             0	              2630	                 97.26
	Building instance overlay tables: .................... Done
	Generating native compiled code:
		work.AOI21D1BWP30P140:v <0x68cbca58>
			streams:   0, words:     0
		work.XOR3UD0BWP30P140:v <0x52ce513b>
			streams:   0, words:     0
		work.XOR3UD0BWP30P140:v <0x75eb9da7>
			streams:   0, words:     0
		work.XOR2UD0BWP30P140:v <0x71fc934d>
			streams:   0, words:     0
		work.DFCND1BWP30P140:v <0x407db24c>
			streams:   0, words:     0
		work.EDFCND1BWP30P140:v <0x3aee74e2>
			streams:   0, words:     0
		work.EDFCND1BWP30P140:v <0x4cef6897>
			streams:   0, words:     0
		work.EDFCND1BWP30P140:v <0x4912b74d>
			streams:   0, words:     0
		work.DFCND1BWP30P140:v <0x0260b957>
			streams:   0, words:     0
		work.OAI22D0P7BWP30P140:v <0x01be46df>
			streams:   0, words:     0
		work.IAO21D1BWP30P140:v <0x3f901763>
			streams:   0, words:     0
		work.AO21D0BWP30P140:v <0x65288f84>
			streams:   0, words:     0
		work.AOI31D0BWP30P140:v <0x052cc76c>
			streams:   0, words:     0
		work.OA211D0BWP30P140:v <0x1d8bdfae>
			streams:   0, words:     0
		work.AOI21D0P7BWP30P140:v <0x2a1222c3>
			streams:   0, words:     0
		work.OAI221D0BWP30P140:v <0x6a24ceb6>
			streams:   0, words:     0
		work.HA1D0BWP30P140:v <0x0be060f0>
			streams:   0, words:     0
		work.HA1D0BWP30P140:v <0x0c6c7c91>
			streams:   0, words:     0
		work.EDFCNQD1BWP30P140:v <0x63c2bb42>
			streams:   0, words:     0
		work.EDFCNQD1BWP30P140:v <0x559ae82a>
			streams:   0, words:     0
		work.AOI31D0BWP30P140:v <0x3b8985d3>
			streams:   0, words:     0
		work.MOAI22D0BWP30P140:v <0x642fbb60>
			streams:   0, words:     0
		work.OAI211D0BWP30P140:v <0x037df09f>
			streams:   0, words:     0
		work.CKMUX2D0BWP30P140:v <0x0551f2be>
			streams:   0, words:     0
		work.OAI31D0BWP30P140:v <0x1de86c4c>
			streams:   0, words:     0
		work.OAI31D0BWP30P140:v <0x234d2ef3>
			streams:   0, words:     0
		work.OAI211D0BWP30P140:v <0x6410aeb3>
			streams:   0, words:     0
		work.IAO21D1BWP30P140:v <0x037941c9>
			streams:   0, words:     0
		work.IOA21D1BWP30P140:v <0x41f84b4b>
			streams:   0, words:     0
		work.AO211D0BWP30P140:v <0x1ad4aad4>
			streams:   0, words:     0
		work.OAI21D0BWP30P140:v <0x5ef66557>
			streams:   0, words:     0
		work.IOA21D1BWP30P140:v <0x7d111de1>
			streams:   0, words:     0
		work.DFCNQD1BWP30P140:v <0x1230049d>
			streams:   0, words:     0
		work.DFCNQD1BWP30P140:v <0x7a5f1b48>
			streams:   0, words:     0
		work.XNR2UD0BWP30P140:v <0x3665099f>
			streams:   0, words:     0
		work.AO22D0BWP30P140:v <0x44eaacfc>
			streams:   0, words:     0
		work.XOR3UD1BWP30P140:v <0x2e79b6f2>
			streams:   0, words:     0
		work.MAOI222D1BWP30P140:v <0x741d881f>
			streams:   0, words:     0
		work.OAI33D1BWP30P140:v <0x32034b3e>
			streams:   0, words:     0
		work.AO21D0BWP30P140:v <0x59c1d92e>
			streams:   0, words:     0
		work.MUX2ND0BWP30P140:v <0x511c2c1a>
			streams:   0, words:     0
		work.AOI221D0BWP30P140:v <0x6969b4a6>
			streams:   0, words:     0
		work.AOI222D0BWP30P140:v <0x3bafee78>
			streams:   0, words:     0
		work.IOA21D0BWP30P140:v <0x5f037981>
			streams:   0, words:     0
		work.XNR2UD1BWP30P140:v <0x2fcaee3e>
			streams:   0, words:     0
		work.XNR2UD0BWP30P140:v <0x31e915fe>
			streams:   0, words:     0
		work.OA21D0BWP30P140:v <0x091102dc>
			streams:   0, words:     0
		work.MAOI222D0BWP30P140:v <0x4937e349>
			streams:   0, words:     0
		work.MAOI22D0BWP30P140:v <0x79486860>
			streams:   0, words:     0
		work.MOAI22D0BWP30P140:v <0x430a77fc>
			streams:   0, words:     0
		work.AO22D0BWP30P140:v <0x63cf6060>
			streams:   0, words:     0
		work.AOI22D0P7BWP30P140:v <0x6bfe02a2>
			streams:   0, words:     0
		work.OAI22D0P7BWP30P140:v <0x269b8a43>
			streams:   0, words:     0
		work.XOR2UD0BWP30P140:v <0x76708f2c>
			streams:   0, words:     0
		work.AOI21D0P7BWP30P140:v <0x16fb7469>
			streams:   0, words:     0
		work.OAI21D0BWP30P140:v <0x621f33fd>
			streams:   0, words:     0
		work.HA1D0BWP30P140:v <0x25f258f4>
			streams:   0, words:     0
		work.FA1D0BWP30P140:v <0x558ab98b>
			streams:   0, words:     0
		work.FA1D0BWP30P140:v <0x12131af8>
			streams:   0, words:     0
		work.CKLNQD1BWP30P140:v <0x635fe609>
			streams:   0, words:     0
		work.convolution:v <0x0e9bef82>
			streams:   1, words:  2869
	Building instance specific data structures.
	Loading native compiled code:     .................... Done
	Design hierarchy summary:
		                     Instances  Unique
	VHDL Design hierarchy:
		Components:                  5       2
		Default bindings:            2       -
		Processes:                  32      12
		Signals:                    47      33
	Verilog Design hierarchy:
		Modules:                  7094     122
		UDPs:                    14108       4
		Primitives:              35626       6
		Timing outputs:           8671      48
		Registers:                1271       7
		Scalar wires:            11593       -
		Pseudo assignments:          1       -
		Timing checks:           18095    2474
		Interconnect:            20202       -
		Delayed tcheck signals:   2564    1122
		Simulation timescale:      1ps
	Writing initial simulation snapshot: WORK.TB:A1
Loading snapshot work.tb:a1 .................... Done
xcelium> source /soft64/cadence/ferramentas/XCELIUM2303/tools/xcelium/files/xmsimrc
xcelium> # cria/define a pasta dut.shm como default
xcelium> database -open waves -shm -into dut.shm -default
Created default SHM database waves
xcelium> # database -open waves -evcd -into waves.evcd -default
xcelium> 
xcelium> ;# se você tem arrays grandes, isso evita "not probed" por limite
xcelium> # antes do probe
xcelium> set ::env(SHM_UNPACKED_LIMIT) 5000000
5000000
xcelium> 
xcelium> probe -create -unpacked 4000001 :gold 
Created probe 1
xcelium> # or  setenv SHM_UNPACKED_LIMIT 4000001
xcelium> probe -create -unpacked 2097184 :IWGHT:mem 
Created probe 2
xcelium> # or  setenv SHM_UNPACKED_LIMIT 2097184
xcelium> probe -create -unpacked 2097184 :IFMAP:mem 
Created probe 3
xcelium> # or  setenv SHM_UNPACKED_LIMIT 2097184
xcelium> probe -create -unpacked 2359332 :OFMAP:mem 
Created probe 4
xcelium> # or  setenv SHM_UNPACKED_LIMIT 2359332
xcelium> 
xcelium> ;# debug: probe candidate scope names for SDF
xcelium> run 0
xmsim: *E,RNBDSC: Invalid time for run command.
xcelium> set fh [open "scope_test.log" "w"]
file14
xcelium> set candidates [list ":dut" "dut" ":tb:dut" "tb.dut" ":tb" "tb" ":tb(a1):dut" "tb(a1).dut" ":tb:a1:dut" "tb.a1.dut"]
:dut dut :tb:dut tb.dut :tb tb :tb(a1):dut tb(a1).dut :tb:a1:dut tb.a1.dut
xcelium> foreach c $candidates {
>   if {[catch {scope $c} err]} {
>     puts $fh "SCOPE_FAIL $c :: $err"
>   } else {
>     puts $fh "SCOPE_OK $c :: [scope]"
>   }
> }
xcelium> close $fh
xcelium> 
xcelium> ;# forma mais robusta: sonda tudo que for "top" (evita errar caminho /tb/dut)
xcelium> # probe -create [scope -tops] -all -depth all
xcelium> # probe -create :tb -all -depth all
xcelium> probe -create -database waves : -all -depth all
xmsim: *W,PRHOPT: The design contains optimized signals. To improve simulation performance these signals are excluded.
Created probe 5
xcelium> 
xcelium> run

Warning!  Glitch suppression
           Scheduled event for delayed signal of net "D" at time 325114 PS was canceled!
            File: /pdk/tsmc/PDK28/PDK_TSMC28_bv/tcbn28hpcplusbwp30p140_190a/TSMCHOME/digital/Front_End/verilog/tcbn28hpcplusbwp30p140_110a/tcbn28hpcplusbwp30p140.v, line = 6576
           Scope: :DUT.\reg_bias_value_reg[0] 
            Time: 325102 PS

Warning!  Glitch suppression
           Scheduled event for delayed signal of net "D" at time 26405114 PS was canceled!
            File: /pdk/tsmc/PDK28/PDK_TSMC28_bv/tcbn28hpcplusbwp30p140_190a/TSMCHOME/digital/Front_End/verilog/tcbn28hpcplusbwp30p140_110a/tcbn28hpcplusbwp30p140.v, line = 6576
           Scope: :DUT.\reg_bias_value_reg[2] 
            Time: 26405102 PS

Warning!  Glitch suppression
           Scheduled event for delayed signal of net "D" at time 26405114 PS was canceled!
            File: /pdk/tsmc/PDK28/PDK_TSMC28_bv/tcbn28hpcplusbwp30p140_190a/TSMCHOME/digital/Front_End/verilog/tcbn28hpcplusbwp30p140_110a/tcbn28hpcplusbwp30p140.v, line = 6576
           Scope: :DUT.\reg_bias_value_reg[4] 
            Time: 26405102 PS

Warning!  Glitch suppression
           Scheduled event for delayed signal of net "D" at time 52605114 PS was canceled!
            File: /pdk/tsmc/PDK28/PDK_TSMC28_bv/tcbn28hpcplusbwp30p140_190a/TSMCHOME/digital/Front_End/verilog/tcbn28hpcplusbwp30p140_110a/tcbn28hpcplusbwp30p140.v, line = 6576
           Scope: :DUT.\reg_bias_value_reg[3] 
            Time: 52605102 PS

Warning!  Glitch suppression
           Scheduled event for delayed signal of net "D" at time 52605114 PS was canceled!
            File: /pdk/tsmc/PDK28/PDK_TSMC28_bv/tcbn28hpcplusbwp30p140_190a/TSMCHOME/digital/Front_End/verilog/tcbn28hpcplusbwp30p140_110a/tcbn28hpcplusbwp30p140.v, line = 6576
           Scope: :DUT.\reg_bias_value_reg[4] 
            Time: 52605102 PS

Warning!  Glitch suppression
           Scheduled event for delayed signal of net "D" at time 52605114 PS was canceled!
            File: /pdk/tsmc/PDK28/PDK_TSMC28_bv/tcbn28hpcplusbwp30p140_190a/TSMCHOME/digital/Front_End/verilog/tcbn28hpcplusbwp30p140_110a/tcbn28hpcplusbwp30p140.v, line = 6576
           Scope: :DUT.\reg_bias_value_reg[7] 
            Time: 52605102 PS

Warning!  Glitch suppression
           Scheduled event for delayed signal of net "D" at time 52605111 PS was canceled!
            File: /pdk/tsmc/PDK28/PDK_TSMC28_bv/tcbn28hpcplusbwp30p140_190a/TSMCHOME/digital/Front_End/verilog/tcbn28hpcplusbwp30p140_110a/tcbn28hpcplusbwp30p140.v, line = 6576
           Scope: :DUT.\reg_bias_value_reg[16] 
            Time: 52605108 PS

Warning!  Glitch suppression
           Scheduled event for delayed signal of net "D" at time 52605111 PS was canceled!
            File: /pdk/tsmc/PDK28/PDK_TSMC28_bv/tcbn28hpcplusbwp30p140_190a/TSMCHOME/digital/Front_End/verilog/tcbn28hpcplusbwp30p140_110a/tcbn28hpcplusbwp30p140.v, line = 6576
           Scope: :DUT.\reg_bias_value_reg[17] 
            Time: 52605108 PS

Warning!  Glitch suppression
           Scheduled event for delayed signal of net "D" at time 52605111 PS was canceled!
            File: /pdk/tsmc/PDK28/PDK_TSMC28_bv/tcbn28hpcplusbwp30p140_190a/TSMCHOME/digital/Front_End/verilog/tcbn28hpcplusbwp30p140_110a/tcbn28hpcplusbwp30p140.v, line = 6576
           Scope: :DUT.\reg_bias_value_reg[18] 
            Time: 52605108 PS

Warning!  Glitch suppression
           Scheduled event for delayed signal of net "D" at time 52605111 PS was canceled!
            File: /pdk/tsmc/PDK28/PDK_TSMC28_bv/tcbn28hpcplusbwp30p140_190a/TSMCHOME/digital/Front_End/verilog/tcbn28hpcplusbwp30p140_110a/tcbn28hpcplusbwp30p140.v, line = 6576
           Scope: :DUT.\reg_bias_value_reg[19] 
            Time: 52605108 PS

Warning!  Glitch suppression
           Scheduled event for delayed signal of net "D" at time 52605111 PS was canceled!
            File: /pdk/tsmc/PDK28/PDK_TSMC28_bv/tcbn28hpcplusbwp30p140_190a/TSMCHOME/digital/Front_End/verilog/tcbn28hpcplusbwp30p140_110a/tcbn28hpcplusbwp30p140.v, line = 6576
           Scope: :DUT.\reg_bias_value_reg[20] 
            Time: 52605108 PS

Warning!  Glitch suppression
           Scheduled event for delayed signal of net "D" at time 52605111 PS was canceled!
            File: /pdk/tsmc/PDK28/PDK_TSMC28_bv/tcbn28hpcplusbwp30p140_190a/TSMCHOME/digital/Front_End/verilog/tcbn28hpcplusbwp30p140_110a/tcbn28hpcplusbwp30p140.v, line = 6576
           Scope: :DUT.\reg_bias_value_reg[21] 
            Time: 52605108 PS

Warning!  Glitch suppression
           Scheduled event for delayed signal of net "D" at time 52605111 PS was canceled!
            File: /pdk/tsmc/PDK28/PDK_TSMC28_bv/tcbn28hpcplusbwp30p140_190a/TSMCHOME/digital/Front_End/verilog/tcbn28hpcplusbwp30p140_110a/tcbn28hpcplusbwp30p140.v, line = 6576
           Scope: :DUT.\reg_bias_value_reg[22] 
            Time: 52605108 PS

Warning!  Glitch suppression
           Scheduled event for delayed signal of net "D" at time 52605111 PS was canceled!
            File: /pdk/tsmc/PDK28/PDK_TSMC28_bv/tcbn28hpcplusbwp30p140_190a/TSMCHOME/digital/Front_End/verilog/tcbn28hpcplusbwp30p140_110a/tcbn28hpcplusbwp30p140.v, line = 6576
           Scope: :DUT.\reg_bias_value_reg[23] 
            Time: 52605108 PS

Warning!  Glitch suppression
           Scheduled event for delayed signal of net "D" at time 52605111 PS was canceled!
            File: /pdk/tsmc/PDK28/PDK_TSMC28_bv/tcbn28hpcplusbwp30p140_190a/TSMCHOME/digital/Front_End/verilog/tcbn28hpcplusbwp30p140_110a/tcbn28hpcplusbwp30p140.v, line = 6576
           Scope: :DUT.\reg_bias_value_reg[24] 
            Time: 52605108 PS

Warning!  Glitch suppression
           Scheduled event for delayed signal of net "D" at time 52605111 PS was canceled!
            File: /pdk/tsmc/PDK28/PDK_TSMC28_bv/tcbn28hpcplusbwp30p140_190a/TSMCHOME/digital/Front_End/verilog/tcbn28hpcplusbwp30p140_110a/tcbn28hpcplusbwp30p140.v, line = 6576
           Scope: :DUT.\reg_bias_value_reg[25] 
            Time: 52605108 PS

Warning!  Glitch suppression
           Scheduled event for delayed signal of net "D" at time 52605111 PS was canceled!
            File: /pdk/tsmc/PDK28/PDK_TSMC28_bv/tcbn28hpcplusbwp30p140_190a/TSMCHOME/digital/Front_End/verilog/tcbn28hpcplusbwp30p140_110a/tcbn28hpcplusbwp30p140.v, line = 6576
           Scope: :DUT.\reg_bias_value_reg[26] 
            Time: 52605108 PS

Warning!  Glitch suppression
           Scheduled event for delayed signal of net "D" at time 52605111 PS was canceled!
            File: /pdk/tsmc/PDK28/PDK_TSMC28_bv/tcbn28hpcplusbwp30p140_190a/TSMCHOME/digital/Front_End/verilog/tcbn28hpcplusbwp30p140_110a/tcbn28hpcplusbwp30p140.v, line = 6576
           Scope: :DUT.\reg_bias_value_reg[27] 
            Time: 52605108 PS

Warning!  Glitch suppression
           Scheduled event for delayed signal of net "D" at time 52605111 PS was canceled!
            File: /pdk/tsmc/PDK28/PDK_TSMC28_bv/tcbn28hpcplusbwp30p140_190a/TSMCHOME/digital/Front_End/verilog/tcbn28hpcplusbwp30p140_110a/tcbn28hpcplusbwp30p140.v, line = 6576
           Scope: :DUT.\reg_bias_value_reg[28] 
            Time: 52605108 PS

Warning!  Glitch suppression
           Scheduled event for delayed signal of net "D" at time 52605111 PS was canceled!
            File: /pdk/tsmc/PDK28/PDK_TSMC28_bv/tcbn28hpcplusbwp30p140_190a/TSMCHOME/digital/Front_End/verilog/tcbn28hpcplusbwp30p140_110a/tcbn28hpcplusbwp30p140.v, line = 6576
           Scope: :DUT.\reg_bias_value_reg[29] 
            Time: 52605108 PS

Warning!  Glitch suppression
           Scheduled event for delayed signal of net "D" at time 52605111 PS was canceled!
            File: /pdk/tsmc/PDK28/PDK_TSMC28_bv/tcbn28hpcplusbwp30p140_190a/TSMCHOME/digital/Front_End/verilog/tcbn28hpcplusbwp30p140_110a/tcbn28hpcplusbwp30p140.v, line = 6576
           Scope: :DUT.\reg_bias_value_reg[30] 
            Time: 52605108 PS

Warning!  Glitch suppression
           Scheduled event for delayed signal of net "D" at time 52605111 PS was canceled!
            File: /pdk/tsmc/PDK28/PDK_TSMC28_bv/tcbn28hpcplusbwp30p140_190a/TSMCHOME/digital/Front_End/verilog/tcbn28hpcplusbwp30p140_110a/tcbn28hpcplusbwp30p140.v, line = 6576
           Scope: :DUT.\reg_bias_value_reg[31] 
            Time: 52605108 PS

Warning!  Glitch suppression
           Scheduled event for delayed signal of net "D" at time 78895115 PS was canceled!
            File: /pdk/tsmc/PDK28/PDK_TSMC28_bv/tcbn28hpcplusbwp30p140_190a/TSMCHOME/digital/Front_End/verilog/tcbn28hpcplusbwp30p140_110a/tcbn28hpcplusbwp30p140.v, line = 6576
           Scope: :DUT.\reg_bias_value_reg[6] 
            Time: 78895104 PS

Warning!  Glitch suppression
           Scheduled event for delayed signal of net "D" at time 79015115 PS was canceled!
            File: /pdk/tsmc/PDK28/PDK_TSMC28_bv/tcbn28hpcplusbwp30p140_190a/TSMCHOME/digital/Front_End/verilog/tcbn28hpcplusbwp30p140_110a/tcbn28hpcplusbwp30p140.v, line = 6576
           Scope: :DUT.\reg_bias_value_reg[1] 
            Time: 79015104 PS

Warning!  Glitch suppression
           Scheduled event for delayed signal of net "D" at time 79015115 PS was canceled!
            File: /pdk/tsmc/PDK28/PDK_TSMC28_bv/tcbn28hpcplusbwp30p140_190a/TSMCHOME/digital/Front_End/verilog/tcbn28hpcplusbwp30p140_110a/tcbn28hpcplusbwp30p140.v, line = 6576
           Scope: :DUT.\reg_bias_value_reg[5] 
            Time: 79015104 PS

Warning!  Glitch suppression
           Scheduled event for delayed signal of net "D" at time 79075117 PS was canceled!
            File: /pdk/tsmc/PDK28/PDK_TSMC28_bv/tcbn28hpcplusbwp30p140_190a/TSMCHOME/digital/Front_End/verilog/tcbn28hpcplusbwp30p140_110a/tcbn28hpcplusbwp30p140.v, line = 6576
           Scope: :DUT.\reg_bias_value_reg[6] 
            Time: 79075106 PS

Warning!  Glitch suppression
           Scheduled event for delayed signal of net "D" at time 79075111 PS was canceled!
            File: /pdk/tsmc/PDK28/PDK_TSMC28_bv/tcbn28hpcplusbwp30p140_190a/TSMCHOME/digital/Front_End/verilog/tcbn28hpcplusbwp30p140_110a/tcbn28hpcplusbwp30p140.v, line = 6576
           Scope: :DUT.\reg_bias_value_reg[16] 
            Time: 79075106 PS

Warning!  Glitch suppression
           Scheduled event for delayed signal of net "D" at time 79075111 PS was canceled!
            File: /pdk/tsmc/PDK28/PDK_TSMC28_bv/tcbn28hpcplusbwp30p140_190a/TSMCHOME/digital/Front_End/verilog/tcbn28hpcplusbwp30p140_110a/tcbn28hpcplusbwp30p140.v, line = 6576
           Scope: :DUT.\reg_bias_value_reg[17] 
            Time: 79075106 PS

Warning!  Glitch suppression
           Scheduled event for delayed signal of net "D" at time 79075111 PS was canceled!
            File: /pdk/tsmc/PDK28/PDK_TSMC28_bv/tcbn28hpcplusbwp30p140_190a/TSMCHOME/digital/Front_End/verilog/tcbn28hpcplusbwp30p140_110a/tcbn28hpcplusbwp30p140.v, line = 6576
           Scope: :DUT.\reg_bias_value_reg[18] 
            Time: 79075106 PS

Warning!  Glitch suppression
           Scheduled event for delayed signal of net "D" at time 79075111 PS was canceled!
            File: /pdk/tsmc/PDK28/PDK_TSMC28_bv/tcbn28hpcplusbwp30p140_190a/TSMCHOME/digital/Front_End/verilog/tcbn28hpcplusbwp30p140_110a/tcbn28hpcplusbwp30p140.v, line = 6576
           Scope: :DUT.\reg_bias_value_reg[19] 
            Time: 79075106 PS

Warning!  Glitch suppression
           Scheduled event for delayed signal of net "D" at time 79075111 PS was canceled!
            File: /pdk/tsmc/PDK28/PDK_TSMC28_bv/tcbn28hpcplusbwp30p140_190a/TSMCHOME/digital/Front_End/verilog/tcbn28hpcplusbwp30p140_110a/tcbn28hpcplusbwp30p140.v, line = 6576
           Scope: :DUT.\reg_bias_value_reg[20] 
            Time: 79075106 PS

Warning!  Glitch suppression
           Scheduled event for delayed signal of net "D" at time 79075111 PS was canceled!
            File: /pdk/tsmc/PDK28/PDK_TSMC28_bv/tcbn28hpcplusbwp30p140_190a/TSMCHOME/digital/Front_End/verilog/tcbn28hpcplusbwp30p140_110a/tcbn28hpcplusbwp30p140.v, line = 6576
           Scope: :DUT.\reg_bias_value_reg[21] 
            Time: 79075106 PS

Warning!  Glitch suppression
           Scheduled event for delayed signal of net "D" at time 79075111 PS was canceled!
            File: /pdk/tsmc/PDK28/PDK_TSMC28_bv/tcbn28hpcplusbwp30p140_190a/TSMCHOME/digital/Front_End/verilog/tcbn28hpcplusbwp30p140_110a/tcbn28hpcplusbwp30p140.v, line = 6576
           Scope: :DUT.\reg_bias_value_reg[22] 
            Time: 79075106 PS

Warning!  Glitch suppression
           Scheduled event for delayed signal of net "D" at time 79075111 PS was canceled!
            File: /pdk/tsmc/PDK28/PDK_TSMC28_bv/tcbn28hpcplusbwp30p140_190a/TSMCHOME/digital/Front_End/verilog/tcbn28hpcplusbwp30p140_110a/tcbn28hpcplusbwp30p140.v, line = 6576
           Scope: :DUT.\reg_bias_value_reg[23] 
            Time: 79075106 PS

Warning!  Glitch suppression
           Scheduled event for delayed signal of net "D" at time 79075111 PS was canceled!
            File: /pdk/tsmc/PDK28/PDK_TSMC28_bv/tcbn28hpcplusbwp30p140_190a/TSMCHOME/digital/Front_End/verilog/tcbn28hpcplusbwp30p140_110a/tcbn28hpcplusbwp30p140.v, line = 6576
           Scope: :DUT.\reg_bias_value_reg[24] 
            Time: 79075106 PS

Warning!  Glitch suppression
           Scheduled event for delayed signal of net "D" at time 79075111 PS was canceled!
            File: /pdk/tsmc/PDK28/PDK_TSMC28_bv/tcbn28hpcplusbwp30p140_190a/TSMCHOME/digital/Front_End/verilog/tcbn28hpcplusbwp30p140_110a/tcbn28hpcplusbwp30p140.v, line = 6576
           Scope: :DUT.\reg_bias_value_reg[25] 
            Time: 79075106 PS

Warning!  Glitch suppression
           Scheduled event for delayed signal of net "D" at time 79075111 PS was canceled!
            File: /pdk/tsmc/PDK28/PDK_TSMC28_bv/tcbn28hpcplusbwp30p140_190a/TSMCHOME/digital/Front_End/verilog/tcbn28hpcplusbwp30p140_110a/tcbn28hpcplusbwp30p140.v, line = 6576
           Scope: :DUT.\reg_bias_value_reg[26] 
            Time: 79075106 PS

Warning!  Glitch suppression
           Scheduled event for delayed signal of net "D" at time 79075111 PS was canceled!
            File: /pdk/tsmc/PDK28/PDK_TSMC28_bv/tcbn28hpcplusbwp30p140_190a/TSMCHOME/digital/Front_End/verilog/tcbn28hpcplusbwp30p140_110a/tcbn28hpcplusbwp30p140.v, line = 6576
           Scope: :DUT.\reg_bias_value_reg[27] 
            Time: 79075106 PS

Warning!  Glitch suppression
           Scheduled event for delayed signal of net "D" at time 79075111 PS was canceled!
            File: /pdk/tsmc/PDK28/PDK_TSMC28_bv/tcbn28hpcplusbwp30p140_190a/TSMCHOME/digital/Front_End/verilog/tcbn28hpcplusbwp30p140_110a/tcbn28hpcplusbwp30p140.v, line = 6576
           Scope: :DUT.\reg_bias_value_reg[28] 
            Time: 79075106 PS

Warning!  Glitch suppression
           Scheduled event for delayed signal of net "D" at time 79075111 PS was canceled!
            File: /pdk/tsmc/PDK28/PDK_TSMC28_bv/tcbn28hpcplusbwp30p140_190a/TSMCHOME/digital/Front_End/verilog/tcbn28hpcplusbwp30p140_110a/tcbn28hpcplusbwp30p140.v, line = 6576
           Scope: :DUT.\reg_bias_value_reg[29] 
            Time: 79075106 PS

Warning!  Glitch suppression
           Scheduled event for delayed signal of net "D" at time 79075111 PS was canceled!
            File: /pdk/tsmc/PDK28/PDK_TSMC28_bv/tcbn28hpcplusbwp30p140_190a/TSMCHOME/digital/Front_End/verilog/tcbn28hpcplusbwp30p140_110a/tcbn28hpcplusbwp30p140.v, line = 6576
           Scope: :DUT.\reg_bias_value_reg[30] 
            Time: 79075106 PS

Warning!  Glitch suppression
           Scheduled event for delayed signal of net "D" at time 79075111 PS was canceled!
            File: /pdk/tsmc/PDK28/PDK_TSMC28_bv/tcbn28hpcplusbwp30p140_190a/TSMCHOME/digital/Front_End/verilog/tcbn28hpcplusbwp30p140_110a/tcbn28hpcplusbwp30p140.v, line = 6576
           Scope: :DUT.\reg_bias_value_reg[31] 
            Time: 79075106 PS

Warning!  Glitch suppression
           Scheduled event for delayed signal of net "D" at time 105095115 PS was canceled!
            File: /pdk/tsmc/PDK28/PDK_TSMC28_bv/tcbn28hpcplusbwp30p140_190a/TSMCHOME/digital/Front_End/verilog/tcbn28hpcplusbwp30p140_110a/tcbn28hpcplusbwp30p140.v, line = 6576
           Scope: :DUT.\reg_bias_value_reg[3] 
            Time: 105095104 PS

Warning!  Glitch suppression
           Scheduled event for delayed signal of net "D" at time 105155117 PS was canceled!
            File: /pdk/tsmc/PDK28/PDK_TSMC28_bv/tcbn28hpcplusbwp30p140_190a/TSMCHOME/digital/Front_End/verilog/tcbn28hpcplusbwp30p140_110a/tcbn28hpcplusbwp30p140.v, line = 6576
           Scope: :DUT.\reg_bias_value_reg[4] 
            Time: 105155106 PS

Warning!  Glitch suppression
           Scheduled event for delayed signal of net "D" at time 131295115 PS was canceled!
            File: /pdk/tsmc/PDK28/PDK_TSMC28_bv/tcbn28hpcplusbwp30p140_190a/TSMCHOME/digital/Front_End/verilog/tcbn28hpcplusbwp30p140_110a/tcbn28hpcplusbwp30p140.v, line = 6576
           Scope: :DUT.\reg_bias_value_reg[0] 
            Time: 131295104 PS

Warning!  Glitch suppression
           Scheduled event for delayed signal of net "D" at time 131415115 PS was canceled!
            File: /pdk/tsmc/PDK28/PDK_TSMC28_bv/tcbn28hpcplusbwp30p140_190a/TSMCHOME/digital/Front_End/verilog/tcbn28hpcplusbwp30p140_110a/tcbn28hpcplusbwp30p140.v, line = 6576
           Scope: :DUT.\reg_bias_value_reg[5] 
            Time: 131415104 PS

Warning!  Glitch suppression
           Scheduled event for delayed signal of net "D" at time 157585119 PS was canceled!
            File: /pdk/tsmc/PDK28/PDK_TSMC28_bv/tcbn28hpcplusbwp30p140_190a/TSMCHOME/digital/Front_End/verilog/tcbn28hpcplusbwp30p140_110a/tcbn28hpcplusbwp30p140.v, line = 6576
           Scope: :DUT.\reg_bias_value_reg[1] 
            Time: 157585108 PS

Warning!  Glitch suppression
           Scheduled event for delayed signal of net "D" at time 157705119 PS was canceled!
            File: /pdk/tsmc/PDK28/PDK_TSMC28_bv/tcbn28hpcplusbwp30p140_190a/TSMCHOME/digital/Front_End/verilog/tcbn28hpcplusbwp30p140_110a/tcbn28hpcplusbwp30p140.v, line = 6576
           Scope: :DUT.\reg_bias_value_reg[0] 
            Time: 157705108 PS

Warning!  Glitch suppression
           Scheduled event for delayed signal of net "D" at time 157705119 PS was canceled!
            File: /pdk/tsmc/PDK28/PDK_TSMC28_bv/tcbn28hpcplusbwp30p140_190a/TSMCHOME/digital/Front_End/verilog/tcbn28hpcplusbwp30p140_110a/tcbn28hpcplusbwp30p140.v, line = 6576
           Scope: :DUT.\reg_bias_value_reg[1] 
            Time: 157705108 PS

Warning!  Glitch suppression
           Scheduled event for delayed signal of net "D" at time 157705119 PS was canceled!
            File: /pdk/tsmc/PDK28/PDK_TSMC28_bv/tcbn28hpcplusbwp30p140_190a/TSMCHOME/digital/Front_End/verilog/tcbn28hpcplusbwp30p140_110a/tcbn28hpcplusbwp30p140.v, line = 6576
           Scope: :DUT.\reg_bias_value_reg[6] 
            Time: 157705108 PS

Warning!  Glitch suppression
           Scheduled event for delayed signal of net "D" at time 183755282 PS was canceled!
            File: /pdk/tsmc/PDK28/PDK_TSMC28_bv/tcbn28hpcplusbwp30p140_190a/TSMCHOME/digital/Front_End/verilog/tcbn28hpcplusbwp30p140_110a/tcbn28hpcplusbwp30p140.v, line = 6576
           Scope: :DUT.\reg_bias_value_reg[1] 
            Time: 183755270 PS

Warning!  Glitch suppression
           Scheduled event for delayed signal of net "D" at time 183755282 PS was canceled!
            File: /pdk/tsmc/PDK28/PDK_TSMC28_bv/tcbn28hpcplusbwp30p140_190a/TSMCHOME/digital/Front_End/verilog/tcbn28hpcplusbwp30p140_110a/tcbn28hpcplusbwp30p140.v, line = 6576
           Scope: :DUT.\reg_bias_value_reg[2] 
            Time: 183755270 PS

Warning!  Glitch suppression
           Scheduled event for delayed signal of net "D" at time 183755282 PS was canceled!
            File: /pdk/tsmc/PDK28/PDK_TSMC28_bv/tcbn28hpcplusbwp30p140_190a/TSMCHOME/digital/Front_End/verilog/tcbn28hpcplusbwp30p140_110a/tcbn28hpcplusbwp30p140.v, line = 6576
           Scope: :DUT.\reg_bias_value_reg[9] 
            Time: 183755270 PS

Warning!  Glitch suppression
           Scheduled event for delayed signal of net "D" at time 183755282 PS was canceled!
            File: /pdk/tsmc/PDK28/PDK_TSMC28_bv/tcbn28hpcplusbwp30p140_190a/TSMCHOME/digital/Front_End/verilog/tcbn28hpcplusbwp30p140_110a/tcbn28hpcplusbwp30p140.v, line = 6576
           Scope: :DUT.\reg_bias_value_reg[10] 
            Time: 183755270 PS

Warning!  Glitch suppression
           Scheduled event for delayed signal of net "D" at time 183755282 PS was canceled!
            File: /pdk/tsmc/PDK28/PDK_TSMC28_bv/tcbn28hpcplusbwp30p140_190a/TSMCHOME/digital/Front_End/verilog/tcbn28hpcplusbwp30p140_110a/tcbn28hpcplusbwp30p140.v, line = 6576
           Scope: :DUT.\reg_bias_value_reg[11] 
            Time: 183755270 PS

Warning!  Glitch suppression
           Scheduled event for delayed signal of net "D" at time 183755282 PS was canceled!
            File: /pdk/tsmc/PDK28/PDK_TSMC28_bv/tcbn28hpcplusbwp30p140_190a/TSMCHOME/digital/Front_End/verilog/tcbn28hpcplusbwp30p140_110a/tcbn28hpcplusbwp30p140.v, line = 6576
           Scope: :DUT.\reg_bias_value_reg[12] 
            Time: 183755270 PS

Warning!  Glitch suppression
           Scheduled event for delayed signal of net "D" at time 183755282 PS was canceled!
            File: /pdk/tsmc/PDK28/PDK_TSMC28_bv/tcbn28hpcplusbwp30p140_190a/TSMCHOME/digital/Front_End/verilog/tcbn28hpcplusbwp30p140_110a/tcbn28hpcplusbwp30p140.v, line = 6576
           Scope: :DUT.\reg_bias_value_reg[13] 
            Time: 183755270 PS

Warning!  Glitch suppression
           Scheduled event for delayed signal of net "D" at time 183755282 PS was canceled!
            File: /pdk/tsmc/PDK28/PDK_TSMC28_bv/tcbn28hpcplusbwp30p140_190a/TSMCHOME/digital/Front_End/verilog/tcbn28hpcplusbwp30p140_110a/tcbn28hpcplusbwp30p140.v, line = 6576
           Scope: :DUT.\reg_bias_value_reg[14] 
            Time: 183755270 PS

Warning!  Glitch suppression
           Scheduled event for delayed signal of net "D" at time 183755282 PS was canceled!
            File: /pdk/tsmc/PDK28/PDK_TSMC28_bv/tcbn28hpcplusbwp30p140_190a/TSMCHOME/digital/Front_End/verilog/tcbn28hpcplusbwp30p140_110a/tcbn28hpcplusbwp30p140.v, line = 6576
           Scope: :DUT.\reg_bias_value_reg[15] 
            Time: 183755270 PS

Warning!  Glitch suppression
           Scheduled event for delayed signal of net "D" at time 183755279 PS was canceled!
            File: /pdk/tsmc/PDK28/PDK_TSMC28_bv/tcbn28hpcplusbwp30p140_190a/TSMCHOME/digital/Front_End/verilog/tcbn28hpcplusbwp30p140_110a/tcbn28hpcplusbwp30p140.v, line = 6576
           Scope: :DUT.\reg_bias_value_reg[16] 
            Time: 183755270 PS

Warning!  Glitch suppression
           Scheduled event for delayed signal of net "D" at time 183755279 PS was canceled!
            File: /pdk/tsmc/PDK28/PDK_TSMC28_bv/tcbn28hpcplusbwp30p140_190a/TSMCHOME/digital/Front_End/verilog/tcbn28hpcplusbwp30p140_110a/tcbn28hpcplusbwp30p140.v, line = 6576
           Scope: :DUT.\reg_bias_value_reg[17] 
            Time: 183755270 PS

Warning!  Glitch suppression
           Scheduled event for delayed signal of net "D" at time 183755279 PS was canceled!
            File: /pdk/tsmc/PDK28/PDK_TSMC28_bv/tcbn28hpcplusbwp30p140_190a/TSMCHOME/digital/Front_End/verilog/tcbn28hpcplusbwp30p140_110a/tcbn28hpcplusbwp30p140.v, line = 6576
           Scope: :DUT.\reg_bias_value_reg[18] 
            Time: 183755270 PS

Warning!  Glitch suppression
           Scheduled event for delayed signal of net "D" at time 183755279 PS was canceled!
            File: /pdk/tsmc/PDK28/PDK_TSMC28_bv/tcbn28hpcplusbwp30p140_190a/TSMCHOME/digital/Front_End/verilog/tcbn28hpcplusbwp30p140_110a/tcbn28hpcplusbwp30p140.v, line = 6576
           Scope: :DUT.\reg_bias_value_reg[19] 
            Time: 183755270 PS

Warning!  Glitch suppression
           Scheduled event for delayed signal of net "D" at time 183755279 PS was canceled!
            File: /pdk/tsmc/PDK28/PDK_TSMC28_bv/tcbn28hpcplusbwp30p140_190a/TSMCHOME/digital/Front_End/verilog/tcbn28hpcplusbwp30p140_110a/tcbn28hpcplusbwp30p140.v, line = 6576
           Scope: :DUT.\reg_bias_value_reg[20] 
            Time: 183755270 PS

Warning!  Glitch suppression
           Scheduled event for delayed signal of net "D" at time 183755279 PS was canceled!
            File: /pdk/tsmc/PDK28/PDK_TSMC28_bv/tcbn28hpcplusbwp30p140_190a/TSMCHOME/digital/Front_End/verilog/tcbn28hpcplusbwp30p140_110a/tcbn28hpcplusbwp30p140.v, line = 6576
           Scope: :DUT.\reg_bias_value_reg[21] 
            Time: 183755270 PS

Warning!  Glitch suppression
           Scheduled event for delayed signal of net "D" at time 183755279 PS was canceled!
            File: /pdk/tsmc/PDK28/PDK_TSMC28_bv/tcbn28hpcplusbwp30p140_190a/TSMCHOME/digital/Front_End/verilog/tcbn28hpcplusbwp30p140_110a/tcbn28hpcplusbwp30p140.v, line = 6576
           Scope: :DUT.\reg_bias_value_reg[22] 
            Time: 183755270 PS

Warning!  Glitch suppression
           Scheduled event for delayed signal of net "D" at time 183755279 PS was canceled!
            File: /pdk/tsmc/PDK28/PDK_TSMC28_bv/tcbn28hpcplusbwp30p140_190a/TSMCHOME/digital/Front_End/verilog/tcbn28hpcplusbwp30p140_110a/tcbn28hpcplusbwp30p140.v, line = 6576
           Scope: :DUT.\reg_bias_value_reg[23] 
            Time: 183755270 PS

Warning!  Glitch suppression
           Scheduled event for delayed signal of net "D" at time 183755279 PS was canceled!
            File: /pdk/tsmc/PDK28/PDK_TSMC28_bv/tcbn28hpcplusbwp30p140_190a/TSMCHOME/digital/Front_End/verilog/tcbn28hpcplusbwp30p140_110a/tcbn28hpcplusbwp30p140.v, line = 6576
           Scope: :DUT.\reg_bias_value_reg[24] 
            Time: 183755270 PS

Warning!  Glitch suppression
           Scheduled event for delayed signal of net "D" at time 183755279 PS was canceled!
            File: /pdk/tsmc/PDK28/PDK_TSMC28_bv/tcbn28hpcplusbwp30p140_190a/TSMCHOME/digital/Front_End/verilog/tcbn28hpcplusbwp30p140_110a/tcbn28hpcplusbwp30p140.v, line = 6576
           Scope: :DUT.\reg_bias_value_reg[25] 
            Time: 183755270 PS

Warning!  Glitch suppression
           Scheduled event for delayed signal of net "D" at time 183755279 PS was canceled!
            File: /pdk/tsmc/PDK28/PDK_TSMC28_bv/tcbn28hpcplusbwp30p140_190a/TSMCHOME/digital/Front_End/verilog/tcbn28hpcplusbwp30p140_110a/tcbn28hpcplusbwp30p140.v, line = 6576
           Scope: :DUT.\reg_bias_value_reg[26] 
            Time: 183755270 PS

Warning!  Glitch suppression
           Scheduled event for delayed signal of net "D" at time 183755279 PS was canceled!
            File: /pdk/tsmc/PDK28/PDK_TSMC28_bv/tcbn28hpcplusbwp30p140_190a/TSMCHOME/digital/Front_End/verilog/tcbn28hpcplusbwp30p140_110a/tcbn28hpcplusbwp30p140.v, line = 6576
           Scope: :DUT.\reg_bias_value_reg[27] 
            Time: 183755270 PS

Warning!  Glitch suppression
           Scheduled event for delayed signal of net "D" at time 183755279 PS was canceled!
            File: /pdk/tsmc/PDK28/PDK_TSMC28_bv/tcbn28hpcplusbwp30p140_190a/TSMCHOME/digital/Front_End/verilog/tcbn28hpcplusbwp30p140_110a/tcbn28hpcplusbwp30p140.v, line = 6576
           Scope: :DUT.\reg_bias_value_reg[28] 
            Time: 183755270 PS

Warning!  Glitch suppression
           Scheduled event for delayed signal of net "D" at time 183755279 PS was canceled!
            File: /pdk/tsmc/PDK28/PDK_TSMC28_bv/tcbn28hpcplusbwp30p140_190a/TSMCHOME/digital/Front_End/verilog/tcbn28hpcplusbwp30p140_110a/tcbn28hpcplusbwp30p140.v, line = 6576
           Scope: :DUT.\reg_bias_value_reg[29] 
            Time: 183755270 PS

Warning!  Glitch suppression
           Scheduled event for delayed signal of net "D" at time 183755279 PS was canceled!
            File: /pdk/tsmc/PDK28/PDK_TSMC28_bv/tcbn28hpcplusbwp30p140_190a/TSMCHOME/digital/Front_End/verilog/tcbn28hpcplusbwp30p140_110a/tcbn28hpcplusbwp30p140.v, line = 6576
           Scope: :DUT.\reg_bias_value_reg[30] 
            Time: 183755270 PS

Warning!  Glitch suppression
           Scheduled event for delayed signal of net "D" at time 183755279 PS was canceled!
            File: /pdk/tsmc/PDK28/PDK_TSMC28_bv/tcbn28hpcplusbwp30p140_190a/TSMCHOME/digital/Front_End/verilog/tcbn28hpcplusbwp30p140_110a/tcbn28hpcplusbwp30p140.v, line = 6576
           Scope: :DUT.\reg_bias_value_reg[31] 
            Time: 183755270 PS

Warning!  Glitch suppression
           Scheduled event for delayed signal of net "D" at time 183785119 PS was canceled!
            File: /pdk/tsmc/PDK28/PDK_TSMC28_bv/tcbn28hpcplusbwp30p140_190a/TSMCHOME/digital/Front_End/verilog/tcbn28hpcplusbwp30p140_110a/tcbn28hpcplusbwp30p140.v, line = 6576
           Scope: :DUT.\reg_bias_value_reg[0] 
            Time: 183785108 PS

Warning!  Glitch suppression
           Scheduled event for delayed signal of net "D" at time 183785119 PS was canceled!
            File: /pdk/tsmc/PDK28/PDK_TSMC28_bv/tcbn28hpcplusbwp30p140_190a/TSMCHOME/digital/Front_End/verilog/tcbn28hpcplusbwp30p140_110a/tcbn28hpcplusbwp30p140.v, line = 6576
           Scope: :DUT.\reg_bias_value_reg[1] 
            Time: 183785108 PS

Warning!  Glitch suppression
           Scheduled event for delayed signal of net "D" at time 183785119 PS was canceled!
            File: /pdk/tsmc/PDK28/PDK_TSMC28_bv/tcbn28hpcplusbwp30p140_190a/TSMCHOME/digital/Front_End/verilog/tcbn28hpcplusbwp30p140_110a/tcbn28hpcplusbwp30p140.v, line = 6576
           Scope: :DUT.\reg_bias_value_reg[4] 
            Time: 183785108 PS

Warning!  Glitch suppression
           Scheduled event for delayed signal of net "D" at time 210225119 PS was canceled!
            File: /pdk/tsmc/PDK28/PDK_TSMC28_bv/tcbn28hpcplusbwp30p140_190a/TSMCHOME/digital/Front_End/verilog/tcbn28hpcplusbwp30p140_110a/tcbn28hpcplusbwp30p140.v, line = 6576
           Scope: :DUT.\reg_bias_value_reg[3] 
            Time: 210225108 PS

Warning!  Glitch suppression
           Scheduled event for delayed signal of net "D" at time 210225119 PS was canceled!
            File: /pdk/tsmc/PDK28/PDK_TSMC28_bv/tcbn28hpcplusbwp30p140_190a/TSMCHOME/digital/Front_End/verilog/tcbn28hpcplusbwp30p140_110a/tcbn28hpcplusbwp30p140.v, line = 6576
           Scope: :DUT.\reg_bias_value_reg[5] 
            Time: 210225108 PS

Warning!  Glitch suppression
           Scheduled event for delayed signal of net "D" at time 210225119 PS was canceled!
            File: /pdk/tsmc/PDK28/PDK_TSMC28_bv/tcbn28hpcplusbwp30p140_190a/TSMCHOME/digital/Front_End/verilog/tcbn28hpcplusbwp30p140_110a/tcbn28hpcplusbwp30p140.v, line = 6576
           Scope: :DUT.\reg_bias_value_reg[6] 
            Time: 210225108 PS

Warning!  Glitch suppression
           Scheduled event for delayed signal of net "D" at time 314975309 PS was canceled!
            File: /pdk/tsmc/PDK28/PDK_TSMC28_bv/tcbn28hpcplusbwp30p140_190a/TSMCHOME/digital/Front_End/verilog/tcbn28hpcplusbwp30p140_110a/tcbn28hpcplusbwp30p140.v, line = 6576
           Scope: :DUT.\reg_bias_value_reg[2] 
            Time: 314975297 PS

Warning!  Glitch suppression
           Scheduled event for delayed signal of net "D" at time 314975309 PS was canceled!
            File: /pdk/tsmc/PDK28/PDK_TSMC28_bv/tcbn28hpcplusbwp30p140_190a/TSMCHOME/digital/Front_End/verilog/tcbn28hpcplusbwp30p140_110a/tcbn28hpcplusbwp30p140.v, line = 6576
           Scope: :DUT.\reg_bias_value_reg[3] 
            Time: 314975297 PS

Warning!  Glitch suppression
           Scheduled event for delayed signal of net "D" at time 314975309 PS was canceled!
            File: /pdk/tsmc/PDK28/PDK_TSMC28_bv/tcbn28hpcplusbwp30p140_190a/TSMCHOME/digital/Front_End/verilog/tcbn28hpcplusbwp30p140_110a/tcbn28hpcplusbwp30p140.v, line = 6576
           Scope: :DUT.\reg_bias_value_reg[5] 
            Time: 314975297 PS

Warning!  Glitch suppression
           Scheduled event for delayed signal of net "D" at time 314975309 PS was canceled!
            File: /pdk/tsmc/PDK28/PDK_TSMC28_bv/tcbn28hpcplusbwp30p140_190a/TSMCHOME/digital/Front_End/verilog/tcbn28hpcplusbwp30p140_110a/tcbn28hpcplusbwp30p140.v, line = 6576
           Scope: :DUT.\reg_bias_value_reg[6] 
            Time: 314975297 PS

Warning!  Glitch suppression
           Scheduled event for delayed signal of net "D" at time 314975309 PS was canceled!
            File: /pdk/tsmc/PDK28/PDK_TSMC28_bv/tcbn28hpcplusbwp30p140_190a/TSMCHOME/digital/Front_End/verilog/tcbn28hpcplusbwp30p140_110a/tcbn28hpcplusbwp30p140.v, line = 6576
           Scope: :DUT.\reg_bias_value_reg[8] 
            Time: 314975297 PS

Warning!  Glitch suppression
           Scheduled event for delayed signal of net "D" at time 314975309 PS was canceled!
            File: /pdk/tsmc/PDK28/PDK_TSMC28_bv/tcbn28hpcplusbwp30p140_190a/TSMCHOME/digital/Front_End/verilog/tcbn28hpcplusbwp30p140_110a/tcbn28hpcplusbwp30p140.v, line = 6576
           Scope: :DUT.\reg_bias_value_reg[9] 
            Time: 314975297 PS

Warning!  Glitch suppression
           Scheduled event for delayed signal of net "D" at time 314975309 PS was canceled!
            File: /pdk/tsmc/PDK28/PDK_TSMC28_bv/tcbn28hpcplusbwp30p140_190a/TSMCHOME/digital/Front_End/verilog/tcbn28hpcplusbwp30p140_110a/tcbn28hpcplusbwp30p140.v, line = 6576
           Scope: :DUT.\reg_bias_value_reg[10] 
            Time: 314975297 PS

Warning!  Glitch suppression
           Scheduled event for delayed signal of net "D" at time 314975309 PS was canceled!
            File: /pdk/tsmc/PDK28/PDK_TSMC28_bv/tcbn28hpcplusbwp30p140_190a/TSMCHOME/digital/Front_End/verilog/tcbn28hpcplusbwp30p140_110a/tcbn28hpcplusbwp30p140.v, line = 6576
           Scope: :DUT.\reg_bias_value_reg[11] 
            Time: 314975297 PS

Warning!  Glitch suppression
           Scheduled event for delayed signal of net "D" at time 314975309 PS was canceled!
            File: /pdk/tsmc/PDK28/PDK_TSMC28_bv/tcbn28hpcplusbwp30p140_190a/TSMCHOME/digital/Front_End/verilog/tcbn28hpcplusbwp30p140_110a/tcbn28hpcplusbwp30p140.v, line = 6576
           Scope: :DUT.\reg_bias_value_reg[12] 
            Time: 314975297 PS

Warning!  Glitch suppression
           Scheduled event for delayed signal of net "D" at time 314975309 PS was canceled!
            File: /pdk/tsmc/PDK28/PDK_TSMC28_bv/tcbn28hpcplusbwp30p140_190a/TSMCHOME/digital/Front_End/verilog/tcbn28hpcplusbwp30p140_110a/tcbn28hpcplusbwp30p140.v, line = 6576
           Scope: :DUT.\reg_bias_value_reg[13] 
            Time: 314975297 PS

Warning!  Glitch suppression
           Scheduled event for delayed signal of net "D" at time 314975309 PS was canceled!
            File: /pdk/tsmc/PDK28/PDK_TSMC28_bv/tcbn28hpcplusbwp30p140_190a/TSMCHOME/digital/Front_End/verilog/tcbn28hpcplusbwp30p140_110a/tcbn28hpcplusbwp30p140.v, line = 6576
           Scope: :DUT.\reg_bias_value_reg[14] 
            Time: 314975297 PS

Warning!  Glitch suppression
           Scheduled event for delayed signal of net "D" at time 314975309 PS was canceled!
            File: /pdk/tsmc/PDK28/PDK_TSMC28_bv/tcbn28hpcplusbwp30p140_190a/TSMCHOME/digital/Front_End/verilog/tcbn28hpcplusbwp30p140_110a/tcbn28hpcplusbwp30p140.v, line = 6576
           Scope: :DUT.\reg_bias_value_reg[15] 
            Time: 314975297 PS

Warning!  Glitch suppression
           Scheduled event for delayed signal of net "D" at time 314975306 PS was canceled!
            File: /pdk/tsmc/PDK28/PDK_TSMC28_bv/tcbn28hpcplusbwp30p140_190a/TSMCHOME/digital/Front_End/verilog/tcbn28hpcplusbwp30p140_110a/tcbn28hpcplusbwp30p140.v, line = 6576
           Scope: :DUT.\reg_bias_value_reg[16] 
            Time: 314975297 PS

Warning!  Glitch suppression
           Scheduled event for delayed signal of net "D" at time 314975306 PS was canceled!
            File: /pdk/tsmc/PDK28/PDK_TSMC28_bv/tcbn28hpcplusbwp30p140_190a/TSMCHOME/digital/Front_End/verilog/tcbn28hpcplusbwp30p140_110a/tcbn28hpcplusbwp30p140.v, line = 6576
           Scope: :DUT.\reg_bias_value_reg[17] 
            Time: 314975297 PS

Warning!  Glitch suppression
           Scheduled event for delayed signal of net "D" at time 314975306 PS was canceled!
            File: /pdk/tsmc/PDK28/PDK_TSMC28_bv/tcbn28hpcplusbwp30p140_190a/TSMCHOME/digital/Front_End/verilog/tcbn28hpcplusbwp30p140_110a/tcbn28hpcplusbwp30p140.v, line = 6576
           Scope: :DUT.\reg_bias_value_reg[18] 
            Time: 314975297 PS

Warning!  Glitch suppression
           Scheduled event for delayed signal of net "D" at time 314975306 PS was canceled!
            File: /pdk/tsmc/PDK28/PDK_TSMC28_bv/tcbn28hpcplusbwp30p140_190a/TSMCHOME/digital/Front_End/verilog/tcbn28hpcplusbwp30p140_110a/tcbn28hpcplusbwp30p140.v, line = 6576
           Scope: :DUT.\reg_bias_value_reg[19] 
            Time: 314975297 PS

Warning!  Glitch suppression
           Scheduled event for delayed signal of net "D" at time 314975306 PS was canceled!
            File: /pdk/tsmc/PDK28/PDK_TSMC28_bv/tcbn28hpcplusbwp30p140_190a/TSMCHOME/digital/Front_End/verilog/tcbn28hpcplusbwp30p140_110a/tcbn28hpcplusbwp30p140.v, line = 6576
           Scope: :DUT.\reg_bias_value_reg[20] 
            Time: 314975297 PS

Warning!  Glitch suppression
           Scheduled event for delayed signal of net "D" at time 314975306 PS was canceled!
            File: /pdk/tsmc/PDK28/PDK_TSMC28_bv/tcbn28hpcplusbwp30p140_190a/TSMCHOME/digital/Front_End/verilog/tcbn28hpcplusbwp30p140_110a/tcbn28hpcplusbwp30p140.v, line = 6576
           Scope: :DUT.\reg_bias_value_reg[21] 
            Time: 314975297 PS

Warning!  Glitch suppression
           Scheduled event for delayed signal of net "D" at time 314975306 PS was canceled!
            File: /pdk/tsmc/PDK28/PDK_TSMC28_bv/tcbn28hpcplusbwp30p140_190a/TSMCHOME/digital/Front_End/verilog/tcbn28hpcplusbwp30p140_110a/tcbn28hpcplusbwp30p140.v, line = 6576
           Scope: :DUT.\reg_bias_value_reg[22] 
            Time: 314975297 PS

Warning!  Glitch suppression
           Scheduled event for delayed signal of net "D" at time 314975306 PS was canceled!
            File: /pdk/tsmc/PDK28/PDK_TSMC28_bv/tcbn28hpcplusbwp30p140_190a/TSMCHOME/digital/Front_End/verilog/tcbn28hpcplusbwp30p140_110a/tcbn28hpcplusbwp30p140.v, line = 6576
           Scope: :DUT.\reg_bias_value_reg[23] 
            Time: 314975297 PS

Warning!  Glitch suppression
           Scheduled event for delayed signal of net "D" at time 314975306 PS was canceled!
            File: /pdk/tsmc/PDK28/PDK_TSMC28_bv/tcbn28hpcplusbwp30p140_190a/TSMCHOME/digital/Front_End/verilog/tcbn28hpcplusbwp30p140_110a/tcbn28hpcplusbwp30p140.v, line = 6576
           Scope: :DUT.\reg_bias_value_reg[24] 
            Time: 314975297 PS

Warning!  Glitch suppression
           Scheduled event for delayed signal of net "D" at time 314975306 PS was canceled!
            File: /pdk/tsmc/PDK28/PDK_TSMC28_bv/tcbn28hpcplusbwp30p140_190a/TSMCHOME/digital/Front_End/verilog/tcbn28hpcplusbwp30p140_110a/tcbn28hpcplusbwp30p140.v, line = 6576
           Scope: :DUT.\reg_bias_value_reg[25] 
            Time: 314975297 PS

Warning!  Glitch suppression
           Scheduled event for delayed signal of net "D" at time 314975306 PS was canceled!
            File: /pdk/tsmc/PDK28/PDK_TSMC28_bv/tcbn28hpcplusbwp30p140_190a/TSMCHOME/digital/Front_End/verilog/tcbn28hpcplusbwp30p140_110a/tcbn28hpcplusbwp30p140.v, line = 6576
           Scope: :DUT.\reg_bias_value_reg[26] 
            Time: 314975297 PS

Warning!  Glitch suppression
           Scheduled event for delayed signal of net "D" at time 314975306 PS was canceled!
            File: /pdk/tsmc/PDK28/PDK_TSMC28_bv/tcbn28hpcplusbwp30p140_190a/TSMCHOME/digital/Front_End/verilog/tcbn28hpcplusbwp30p140_110a/tcbn28hpcplusbwp30p140.v, line = 6576
           Scope: :DUT.\reg_bias_value_reg[27] 
            Time: 314975297 PS

Warning!  Glitch suppression
           Scheduled event for delayed signal of net "D" at time 314975306 PS was canceled!
            File: /pdk/tsmc/PDK28/PDK_TSMC28_bv/tcbn28hpcplusbwp30p140_190a/TSMCHOME/digital/Front_End/verilog/tcbn28hpcplusbwp30p140_110a/tcbn28hpcplusbwp30p140.v, line = 6576
           Scope: :DUT.\reg_bias_value_reg[28] 
            Time: 314975297 PS

Warning!  Glitch suppression
           Scheduled event for delayed signal of net "D" at time 314975306 PS was canceled!
            File: /pdk/tsmc/PDK28/PDK_TSMC28_bv/tcbn28hpcplusbwp30p140_190a/TSMCHOME/digital/Front_End/verilog/tcbn28hpcplusbwp30p140_110a/tcbn28hpcplusbwp30p140.v, line = 6576
           Scope: :DUT.\reg_bias_value_reg[29] 
            Time: 314975297 PS

Warning!  Glitch suppression
           Scheduled event for delayed signal of net "D" at time 314975306 PS was canceled!
            File: /pdk/tsmc/PDK28/PDK_TSMC28_bv/tcbn28hpcplusbwp30p140_190a/TSMCHOME/digital/Front_End/verilog/tcbn28hpcplusbwp30p140_110a/tcbn28hpcplusbwp30p140.v, line = 6576
           Scope: :DUT.\reg_bias_value_reg[30] 
            Time: 314975297 PS

Warning!  Glitch suppression
           Scheduled event for delayed signal of net "D" at time 314975306 PS was canceled!
            File: /pdk/tsmc/PDK28/PDK_TSMC28_bv/tcbn28hpcplusbwp30p140_190a/TSMCHOME/digital/Front_End/verilog/tcbn28hpcplusbwp30p140_110a/tcbn28hpcplusbwp30p140.v, line = 6576
           Scope: :DUT.\reg_bias_value_reg[31] 
            Time: 314975297 PS

Warning!  Glitch suppression
           Scheduled event for delayed signal of net "D" at time 341195282 PS was canceled!
            File: /pdk/tsmc/PDK28/PDK_TSMC28_bv/tcbn28hpcplusbwp30p140_190a/TSMCHOME/digital/Front_End/verilog/tcbn28hpcplusbwp30p140_110a/tcbn28hpcplusbwp30p140.v, line = 6576
           Scope: :DUT.\reg_bias_value_reg[2] 
            Time: 341195270 PS

Warning!  Glitch suppression
           Scheduled event for delayed signal of net "D" at time 341195282 PS was canceled!
            File: /pdk/tsmc/PDK28/PDK_TSMC28_bv/tcbn28hpcplusbwp30p140_190a/TSMCHOME/digital/Front_End/verilog/tcbn28hpcplusbwp30p140_110a/tcbn28hpcplusbwp30p140.v, line = 6576
           Scope: :DUT.\reg_bias_value_reg[4] 
            Time: 341195270 PS

Warning!  Glitch suppression
           Scheduled event for delayed signal of net "D" at time 341195282 PS was canceled!
            File: /pdk/tsmc/PDK28/PDK_TSMC28_bv/tcbn28hpcplusbwp30p140_190a/TSMCHOME/digital/Front_End/verilog/tcbn28hpcplusbwp30p140_110a/tcbn28hpcplusbwp30p140.v, line = 6576
           Scope: :DUT.\reg_bias_value_reg[8] 
            Time: 341195270 PS

Warning!  Glitch suppression
           Scheduled event for delayed signal of net "D" at time 341195282 PS was canceled!
            File: /pdk/tsmc/PDK28/PDK_TSMC28_bv/tcbn28hpcplusbwp30p140_190a/TSMCHOME/digital/Front_End/verilog/tcbn28hpcplusbwp30p140_110a/tcbn28hpcplusbwp30p140.v, line = 6576
           Scope: :DUT.\reg_bias_value_reg[9] 
            Time: 341195270 PS

Warning!  Glitch suppression
           Scheduled event for delayed signal of net "D" at time 341195282 PS was canceled!
            File: /pdk/tsmc/PDK28/PDK_TSMC28_bv/tcbn28hpcplusbwp30p140_190a/TSMCHOME/digital/Front_End/verilog/tcbn28hpcplusbwp30p140_110a/tcbn28hpcplusbwp30p140.v, line = 6576
           Scope: :DUT.\reg_bias_value_reg[10] 
            Time: 341195270 PS

Warning!  Glitch suppression
           Scheduled event for delayed signal of net "D" at time 341195282 PS was canceled!
            File: /pdk/tsmc/PDK28/PDK_TSMC28_bv/tcbn28hpcplusbwp30p140_190a/TSMCHOME/digital/Front_End/verilog/tcbn28hpcplusbwp30p140_110a/tcbn28hpcplusbwp30p140.v, line = 6576
           Scope: :DUT.\reg_bias_value_reg[11] 
            Time: 341195270 PS

Warning!  Glitch suppression
           Scheduled event for delayed signal of net "D" at time 341195282 PS was canceled!
            File: /pdk/tsmc/PDK28/PDK_TSMC28_bv/tcbn28hpcplusbwp30p140_190a/TSMCHOME/digital/Front_End/verilog/tcbn28hpcplusbwp30p140_110a/tcbn28hpcplusbwp30p140.v, line = 6576
           Scope: :DUT.\reg_bias_value_reg[12] 
            Time: 341195270 PS

Warning!  Glitch suppression
           Scheduled event for delayed signal of net "D" at time 341195282 PS was canceled!
            File: /pdk/tsmc/PDK28/PDK_TSMC28_bv/tcbn28hpcplusbwp30p140_190a/TSMCHOME/digital/Front_End/verilog/tcbn28hpcplusbwp30p140_110a/tcbn28hpcplusbwp30p140.v, line = 6576
           Scope: :DUT.\reg_bias_value_reg[13] 
            Time: 341195270 PS

Warning!  Glitch suppression
           Scheduled event for delayed signal of net "D" at time 341195282 PS was canceled!
            File: /pdk/tsmc/PDK28/PDK_TSMC28_bv/tcbn28hpcplusbwp30p140_190a/TSMCHOME/digital/Front_End/verilog/tcbn28hpcplusbwp30p140_110a/tcbn28hpcplusbwp30p140.v, line = 6576
           Scope: :DUT.\reg_bias_value_reg[14] 
            Time: 341195270 PS

Warning!  Glitch suppression
           Scheduled event for delayed signal of net "D" at time 341195282 PS was canceled!
            File: /pdk/tsmc/PDK28/PDK_TSMC28_bv/tcbn28hpcplusbwp30p140_190a/TSMCHOME/digital/Front_End/verilog/tcbn28hpcplusbwp30p140_110a/tcbn28hpcplusbwp30p140.v, line = 6576
           Scope: :DUT.\reg_bias_value_reg[15] 
            Time: 341195270 PS

Warning!  Glitch suppression
           Scheduled event for delayed signal of net "D" at time 341195279 PS was canceled!
            File: /pdk/tsmc/PDK28/PDK_TSMC28_bv/tcbn28hpcplusbwp30p140_190a/TSMCHOME/digital/Front_End/verilog/tcbn28hpcplusbwp30p140_110a/tcbn28hpcplusbwp30p140.v, line = 6576
           Scope: :DUT.\reg_bias_value_reg[16] 
            Time: 341195270 PS

Warning!  Glitch suppression
           Scheduled event for delayed signal of net "D" at time 341195279 PS was canceled!
            File: /pdk/tsmc/PDK28/PDK_TSMC28_bv/tcbn28hpcplusbwp30p140_190a/TSMCHOME/digital/Front_End/verilog/tcbn28hpcplusbwp30p140_110a/tcbn28hpcplusbwp30p140.v, line = 6576
           Scope: :DUT.\reg_bias_value_reg[17] 
            Time: 341195270 PS

Warning!  Glitch suppression
           Scheduled event for delayed signal of net "D" at time 341195279 PS was canceled!
            File: /pdk/tsmc/PDK28/PDK_TSMC28_bv/tcbn28hpcplusbwp30p140_190a/TSMCHOME/digital/Front_End/verilog/tcbn28hpcplusbwp30p140_110a/tcbn28hpcplusbwp30p140.v, line = 6576
           Scope: :DUT.\reg_bias_value_reg[18] 
            Time: 341195270 PS

Warning!  Glitch suppression
           Scheduled event for delayed signal of net "D" at time 341195279 PS was canceled!
            File: /pdk/tsmc/PDK28/PDK_TSMC28_bv/tcbn28hpcplusbwp30p140_190a/TSMCHOME/digital/Front_End/verilog/tcbn28hpcplusbwp30p140_110a/tcbn28hpcplusbwp30p140.v, line = 6576
           Scope: :DUT.\reg_bias_value_reg[19] 
            Time: 341195270 PS

Warning!  Glitch suppression
           Scheduled event for delayed signal of net "D" at time 341195279 PS was canceled!
            File: /pdk/tsmc/PDK28/PDK_TSMC28_bv/tcbn28hpcplusbwp30p140_190a/TSMCHOME/digital/Front_End/verilog/tcbn28hpcplusbwp30p140_110a/tcbn28hpcplusbwp30p140.v, line = 6576
           Scope: :DUT.\reg_bias_value_reg[20] 
            Time: 341195270 PS

Warning!  Glitch suppression
           Scheduled event for delayed signal of net "D" at time 341195279 PS was canceled!
            File: /pdk/tsmc/PDK28/PDK_TSMC28_bv/tcbn28hpcplusbwp30p140_190a/TSMCHOME/digital/Front_End/verilog/tcbn28hpcplusbwp30p140_110a/tcbn28hpcplusbwp30p140.v, line = 6576
           Scope: :DUT.\reg_bias_value_reg[21] 
            Time: 341195270 PS

Warning!  Glitch suppression
           Scheduled event for delayed signal of net "D" at time 341195279 PS was canceled!
            File: /pdk/tsmc/PDK28/PDK_TSMC28_bv/tcbn28hpcplusbwp30p140_190a/TSMCHOME/digital/Front_End/verilog/tcbn28hpcplusbwp30p140_110a/tcbn28hpcplusbwp30p140.v, line = 6576
           Scope: :DUT.\reg_bias_value_reg[22] 
            Time: 341195270 PS

Warning!  Glitch suppression
           Scheduled event for delayed signal of net "D" at time 341195279 PS was canceled!
            File: /pdk/tsmc/PDK28/PDK_TSMC28_bv/tcbn28hpcplusbwp30p140_190a/TSMCHOME/digital/Front_End/verilog/tcbn28hpcplusbwp30p140_110a/tcbn28hpcplusbwp30p140.v, line = 6576
           Scope: :DUT.\reg_bias_value_reg[23] 
            Time: 341195270 PS

Warning!  Glitch suppression
           Scheduled event for delayed signal of net "D" at time 341195279 PS was canceled!
            File: /pdk/tsmc/PDK28/PDK_TSMC28_bv/tcbn28hpcplusbwp30p140_190a/TSMCHOME/digital/Front_End/verilog/tcbn28hpcplusbwp30p140_110a/tcbn28hpcplusbwp30p140.v, line = 6576
           Scope: :DUT.\reg_bias_value_reg[24] 
            Time: 341195270 PS

Warning!  Glitch suppression
           Scheduled event for delayed signal of net "D" at time 341195279 PS was canceled!
            File: /pdk/tsmc/PDK28/PDK_TSMC28_bv/tcbn28hpcplusbwp30p140_190a/TSMCHOME/digital/Front_End/verilog/tcbn28hpcplusbwp30p140_110a/tcbn28hpcplusbwp30p140.v, line = 6576
           Scope: :DUT.\reg_bias_value_reg[25] 
            Time: 341195270 PS

Warning!  Glitch suppression
           Scheduled event for delayed signal of net "D" at time 341195279 PS was canceled!
            File: /pdk/tsmc/PDK28/PDK_TSMC28_bv/tcbn28hpcplusbwp30p140_190a/TSMCHOME/digital/Front_End/verilog/tcbn28hpcplusbwp30p140_110a/tcbn28hpcplusbwp30p140.v, line = 6576
           Scope: :DUT.\reg_bias_value_reg[26] 
            Time: 341195270 PS

Warning!  Glitch suppression
           Scheduled event for delayed signal of net "D" at time 341195279 PS was canceled!
            File: /pdk/tsmc/PDK28/PDK_TSMC28_bv/tcbn28hpcplusbwp30p140_190a/TSMCHOME/digital/Front_End/verilog/tcbn28hpcplusbwp30p140_110a/tcbn28hpcplusbwp30p140.v, line = 6576
           Scope: :DUT.\reg_bias_value_reg[27] 
            Time: 341195270 PS

Warning!  Glitch suppression
           Scheduled event for delayed signal of net "D" at time 341195279 PS was canceled!
            File: /pdk/tsmc/PDK28/PDK_TSMC28_bv/tcbn28hpcplusbwp30p140_190a/TSMCHOME/digital/Front_End/verilog/tcbn28hpcplusbwp30p140_110a/tcbn28hpcplusbwp30p140.v, line = 6576
           Scope: :DUT.\reg_bias_value_reg[28] 
            Time: 341195270 PS

Warning!  Glitch suppression
           Scheduled event for delayed signal of net "D" at time 341195279 PS was canceled!
            File: /pdk/tsmc/PDK28/PDK_TSMC28_bv/tcbn28hpcplusbwp30p140_190a/TSMCHOME/digital/Front_End/verilog/tcbn28hpcplusbwp30p140_110a/tcbn28hpcplusbwp30p140.v, line = 6576
           Scope: :DUT.\reg_bias_value_reg[29] 
            Time: 341195270 PS

Warning!  Glitch suppression
           Scheduled event for delayed signal of net "D" at time 341195279 PS was canceled!
            File: /pdk/tsmc/PDK28/PDK_TSMC28_bv/tcbn28hpcplusbwp30p140_190a/TSMCHOME/digital/Front_End/verilog/tcbn28hpcplusbwp30p140_110a/tcbn28hpcplusbwp30p140.v, line = 6576
           Scope: :DUT.\reg_bias_value_reg[30] 
            Time: 341195270 PS

Warning!  Glitch suppression
           Scheduled event for delayed signal of net "D" at time 341195279 PS was canceled!
            File: /pdk/tsmc/PDK28/PDK_TSMC28_bv/tcbn28hpcplusbwp30p140_190a/TSMCHOME/digital/Front_End/verilog/tcbn28hpcplusbwp30p140_110a/tcbn28hpcplusbwp30p140.v, line = 6576
           Scope: :DUT.\reg_bias_value_reg[31] 
            Time: 341195270 PS

Warning!  Glitch suppression
           Scheduled event for delayed signal of net "D" at time 367425282 PS was canceled!
            File: /pdk/tsmc/PDK28/PDK_TSMC28_bv/tcbn28hpcplusbwp30p140_190a/TSMCHOME/digital/Front_End/verilog/tcbn28hpcplusbwp30p140_110a/tcbn28hpcplusbwp30p140.v, line = 6576
           Scope: :DUT.\reg_bias_value_reg[2] 
            Time: 367425270 PS

Warning!  Glitch suppression
           Scheduled event for delayed signal of net "D" at time 367425282 PS was canceled!
            File: /pdk/tsmc/PDK28/PDK_TSMC28_bv/tcbn28hpcplusbwp30p140_190a/TSMCHOME/digital/Front_End/verilog/tcbn28hpcplusbwp30p140_110a/tcbn28hpcplusbwp30p140.v, line = 6576
           Scope: :DUT.\reg_bias_value_reg[3] 
            Time: 367425270 PS

Warning!  Glitch suppression
           Scheduled event for delayed signal of net "D" at time 367425282 PS was canceled!
            File: /pdk/tsmc/PDK28/PDK_TSMC28_bv/tcbn28hpcplusbwp30p140_190a/TSMCHOME/digital/Front_End/verilog/tcbn28hpcplusbwp30p140_110a/tcbn28hpcplusbwp30p140.v, line = 6576
           Scope: :DUT.\reg_bias_value_reg[5] 
            Time: 367425270 PS

Warning!  Glitch suppression
           Scheduled event for delayed signal of net "D" at time 367425282 PS was canceled!
            File: /pdk/tsmc/PDK28/PDK_TSMC28_bv/tcbn28hpcplusbwp30p140_190a/TSMCHOME/digital/Front_End/verilog/tcbn28hpcplusbwp30p140_110a/tcbn28hpcplusbwp30p140.v, line = 6576
           Scope: :DUT.\reg_bias_value_reg[6] 
            Time: 367425270 PS

Warning!  Glitch suppression
           Scheduled event for delayed signal of net "D" at time 367425282 PS was canceled!
            File: /pdk/tsmc/PDK28/PDK_TSMC28_bv/tcbn28hpcplusbwp30p140_190a/TSMCHOME/digital/Front_End/verilog/tcbn28hpcplusbwp30p140_110a/tcbn28hpcplusbwp30p140.v, line = 6576
           Scope: :DUT.\reg_bias_value_reg[8] 
            Time: 367425270 PS

Warning!  Glitch suppression
           Scheduled event for delayed signal of net "D" at time 367425282 PS was canceled!
            File: /pdk/tsmc/PDK28/PDK_TSMC28_bv/tcbn28hpcplusbwp30p140_190a/TSMCHOME/digital/Front_End/verilog/tcbn28hpcplusbwp30p140_110a/tcbn28hpcplusbwp30p140.v, line = 6576
           Scope: :DUT.\reg_bias_value_reg[9] 
            Time: 367425270 PS

Warning!  Glitch suppression
           Scheduled event for delayed signal of net "D" at time 367425282 PS was canceled!
            File: /pdk/tsmc/PDK28/PDK_TSMC28_bv/tcbn28hpcplusbwp30p140_190a/TSMCHOME/digital/Front_End/verilog/tcbn28hpcplusbwp30p140_110a/tcbn28hpcplusbwp30p140.v, line = 6576
           Scope: :DUT.\reg_bias_value_reg[10] 
            Time: 367425270 PS

Warning!  Glitch suppression
           Scheduled event for delayed signal of net "D" at time 367425282 PS was canceled!
            File: /pdk/tsmc/PDK28/PDK_TSMC28_bv/tcbn28hpcplusbwp30p140_190a/TSMCHOME/digital/Front_End/verilog/tcbn28hpcplusbwp30p140_110a/tcbn28hpcplusbwp30p140.v, line = 6576
           Scope: :DUT.\reg_bias_value_reg[11] 
            Time: 367425270 PS

Warning!  Glitch suppression
           Scheduled event for delayed signal of net "D" at time 367425282 PS was canceled!
            File: /pdk/tsmc/PDK28/PDK_TSMC28_bv/tcbn28hpcplusbwp30p140_190a/TSMCHOME/digital/Front_End/verilog/tcbn28hpcplusbwp30p140_110a/tcbn28hpcplusbwp30p140.v, line = 6576
           Scope: :DUT.\reg_bias_value_reg[12] 
            Time: 367425270 PS

Warning!  Glitch suppression
           Scheduled event for delayed signal of net "D" at time 367425282 PS was canceled!
            File: /pdk/tsmc/PDK28/PDK_TSMC28_bv/tcbn28hpcplusbwp30p140_190a/TSMCHOME/digital/Front_End/verilog/tcbn28hpcplusbwp30p140_110a/tcbn28hpcplusbwp30p140.v, line = 6576
           Scope: :DUT.\reg_bias_value_reg[13] 
            Time: 367425270 PS

Warning!  Glitch suppression
           Scheduled event for delayed signal of net "D" at time 367425282 PS was canceled!
            File: /pdk/tsmc/PDK28/PDK_TSMC28_bv/tcbn28hpcplusbwp30p140_190a/TSMCHOME/digital/Front_End/verilog/tcbn28hpcplusbwp30p140_110a/tcbn28hpcplusbwp30p140.v, line = 6576
           Scope: :DUT.\reg_bias_value_reg[14] 
            Time: 367425270 PS

Warning!  Glitch suppression
           Scheduled event for delayed signal of net "D" at time 367425282 PS was canceled!
            File: /pdk/tsmc/PDK28/PDK_TSMC28_bv/tcbn28hpcplusbwp30p140_190a/TSMCHOME/digital/Front_End/verilog/tcbn28hpcplusbwp30p140_110a/tcbn28hpcplusbwp30p140.v, line = 6576
           Scope: :DUT.\reg_bias_value_reg[15] 
            Time: 367425270 PS

Warning!  Glitch suppression
           Scheduled event for delayed signal of net "D" at time 367425279 PS was canceled!
            File: /pdk/tsmc/PDK28/PDK_TSMC28_bv/tcbn28hpcplusbwp30p140_190a/TSMCHOME/digital/Front_End/verilog/tcbn28hpcplusbwp30p140_110a/tcbn28hpcplusbwp30p140.v, line = 6576
           Scope: :DUT.\reg_bias_value_reg[16] 
            Time: 367425270 PS

Warning!  Glitch suppression
           Scheduled event for delayed signal of net "D" at time 367425279 PS was canceled!
            File: /pdk/tsmc/PDK28/PDK_TSMC28_bv/tcbn28hpcplusbwp30p140_190a/TSMCHOME/digital/Front_End/verilog/tcbn28hpcplusbwp30p140_110a/tcbn28hpcplusbwp30p140.v, line = 6576
           Scope: :DUT.\reg_bias_value_reg[17] 
            Time: 367425270 PS

Warning!  Glitch suppression
           Scheduled event for delayed signal of net "D" at time 367425279 PS was canceled!
            File: /pdk/tsmc/PDK28/PDK_TSMC28_bv/tcbn28hpcplusbwp30p140_190a/TSMCHOME/digital/Front_End/verilog/tcbn28hpcplusbwp30p140_110a/tcbn28hpcplusbwp30p140.v, line = 6576
           Scope: :DUT.\reg_bias_value_reg[18] 
            Time: 367425270 PS

Warning!  Glitch suppression
           Scheduled event for delayed signal of net "D" at time 367425279 PS was canceled!
            File: /pdk/tsmc/PDK28/PDK_TSMC28_bv/tcbn28hpcplusbwp30p140_190a/TSMCHOME/digital/Front_End/verilog/tcbn28hpcplusbwp30p140_110a/tcbn28hpcplusbwp30p140.v, line = 6576
           Scope: :DUT.\reg_bias_value_reg[19] 
            Time: 367425270 PS

Warning!  Glitch suppression
           Scheduled event for delayed signal of net "D" at time 367425279 PS was canceled!
            File: /pdk/tsmc/PDK28/PDK_TSMC28_bv/tcbn28hpcplusbwp30p140_190a/TSMCHOME/digital/Front_End/verilog/tcbn28hpcplusbwp30p140_110a/tcbn28hpcplusbwp30p140.v, line = 6576
           Scope: :DUT.\reg_bias_value_reg[20] 
            Time: 367425270 PS

Warning!  Glitch suppression
           Scheduled event for delayed signal of net "D" at time 367425279 PS was canceled!
            File: /pdk/tsmc/PDK28/PDK_TSMC28_bv/tcbn28hpcplusbwp30p140_190a/TSMCHOME/digital/Front_End/verilog/tcbn28hpcplusbwp30p140_110a/tcbn28hpcplusbwp30p140.v, line = 6576
           Scope: :DUT.\reg_bias_value_reg[21] 
            Time: 367425270 PS

Warning!  Glitch suppression
           Scheduled event for delayed signal of net "D" at time 367425279 PS was canceled!
            File: /pdk/tsmc/PDK28/PDK_TSMC28_bv/tcbn28hpcplusbwp30p140_190a/TSMCHOME/digital/Front_End/verilog/tcbn28hpcplusbwp30p140_110a/tcbn28hpcplusbwp30p140.v, line = 6576
           Scope: :DUT.\reg_bias_value_reg[22] 
            Time: 367425270 PS

Warning!  Glitch suppression
           Scheduled event for delayed signal of net "D" at time 367425279 PS was canceled!
            File: /pdk/tsmc/PDK28/PDK_TSMC28_bv/tcbn28hpcplusbwp30p140_190a/TSMCHOME/digital/Front_End/verilog/tcbn28hpcplusbwp30p140_110a/tcbn28hpcplusbwp30p140.v, line = 6576
           Scope: :DUT.\reg_bias_value_reg[23] 
            Time: 367425270 PS

Warning!  Glitch suppression
           Scheduled event for delayed signal of net "D" at time 367425279 PS was canceled!
            File: /pdk/tsmc/PDK28/PDK_TSMC28_bv/tcbn28hpcplusbwp30p140_190a/TSMCHOME/digital/Front_End/verilog/tcbn28hpcplusbwp30p140_110a/tcbn28hpcplusbwp30p140.v, line = 6576
           Scope: :DUT.\reg_bias_value_reg[24] 
            Time: 367425270 PS

Warning!  Glitch suppression
           Scheduled event for delayed signal of net "D" at time 367425279 PS was canceled!
            File: /pdk/tsmc/PDK28/PDK_TSMC28_bv/tcbn28hpcplusbwp30p140_190a/TSMCHOME/digital/Front_End/verilog/tcbn28hpcplusbwp30p140_110a/tcbn28hpcplusbwp30p140.v, line = 6576
           Scope: :DUT.\reg_bias_value_reg[25] 
            Time: 367425270 PS

Warning!  Glitch suppression
           Scheduled event for delayed signal of net "D" at time 367425279 PS was canceled!
            File: /pdk/tsmc/PDK28/PDK_TSMC28_bv/tcbn28hpcplusbwp30p140_190a/TSMCHOME/digital/Front_End/verilog/tcbn28hpcplusbwp30p140_110a/tcbn28hpcplusbwp30p140.v, line = 6576
           Scope: :DUT.\reg_bias_value_reg[26] 
            Time: 367425270 PS

Warning!  Glitch suppression
           Scheduled event for delayed signal of net "D" at time 367425279 PS was canceled!
            File: /pdk/tsmc/PDK28/PDK_TSMC28_bv/tcbn28hpcplusbwp30p140_190a/TSMCHOME/digital/Front_End/verilog/tcbn28hpcplusbwp30p140_110a/tcbn28hpcplusbwp30p140.v, line = 6576
           Scope: :DUT.\reg_bias_value_reg[27] 
            Time: 367425270 PS

Warning!  Glitch suppression
           Scheduled event for delayed signal of net "D" at time 367425279 PS was canceled!
            File: /pdk/tsmc/PDK28/PDK_TSMC28_bv/tcbn28hpcplusbwp30p140_190a/TSMCHOME/digital/Front_End/verilog/tcbn28hpcplusbwp30p140_110a/tcbn28hpcplusbwp30p140.v, line = 6576
           Scope: :DUT.\reg_bias_value_reg[28] 
            Time: 367425270 PS

Warning!  Glitch suppression
           Scheduled event for delayed signal of net "D" at time 367425279 PS was canceled!
            File: /pdk/tsmc/PDK28/PDK_TSMC28_bv/tcbn28hpcplusbwp30p140_190a/TSMCHOME/digital/Front_End/verilog/tcbn28hpcplusbwp30p140_110a/tcbn28hpcplusbwp30p140.v, line = 6576
           Scope: :DUT.\reg_bias_value_reg[29] 
            Time: 367425270 PS

Warning!  Glitch suppression
           Scheduled event for delayed signal of net "D" at time 367425279 PS was canceled!
            File: /pdk/tsmc/PDK28/PDK_TSMC28_bv/tcbn28hpcplusbwp30p140_190a/TSMCHOME/digital/Front_End/verilog/tcbn28hpcplusbwp30p140_110a/tcbn28hpcplusbwp30p140.v, line = 6576
           Scope: :DUT.\reg_bias_value_reg[30] 
            Time: 367425270 PS

Warning!  Glitch suppression
           Scheduled event for delayed signal of net "D" at time 367425279 PS was canceled!
            File: /pdk/tsmc/PDK28/PDK_TSMC28_bv/tcbn28hpcplusbwp30p140_190a/TSMCHOME/digital/Front_End/verilog/tcbn28hpcplusbwp30p140_110a/tcbn28hpcplusbwp30p140.v, line = 6576
           Scope: :DUT.\reg_bias_value_reg[31] 
            Time: 367425270 PS

Warning!  Glitch suppression
           Scheduled event for delayed signal of net "D" at time 393695309 PS was canceled!
            File: /pdk/tsmc/PDK28/PDK_TSMC28_bv/tcbn28hpcplusbwp30p140_190a/TSMCHOME/digital/Front_End/verilog/tcbn28hpcplusbwp30p140_110a/tcbn28hpcplusbwp30p140.v, line = 6576
           Scope: :DUT.\reg_bias_value_reg[2] 
            Time: 393695297 PS

Warning!  Glitch suppression
           Scheduled event for delayed signal of net "D" at time 393695309 PS was canceled!
            File: /pdk/tsmc/PDK28/PDK_TSMC28_bv/tcbn28hpcplusbwp30p140_190a/TSMCHOME/digital/Front_End/verilog/tcbn28hpcplusbwp30p140_110a/tcbn28hpcplusbwp30p140.v, line = 6576
           Scope: :DUT.\reg_bias_value_reg[4] 
            Time: 393695297 PS

Warning!  Glitch suppression
           Scheduled event for delayed signal of net "D" at time 393695309 PS was canceled!
            File: /pdk/tsmc/PDK28/PDK_TSMC28_bv/tcbn28hpcplusbwp30p140_190a/TSMCHOME/digital/Front_End/verilog/tcbn28hpcplusbwp30p140_110a/tcbn28hpcplusbwp30p140.v, line = 6576
           Scope: :DUT.\reg_bias_value_reg[6] 
            Time: 393695297 PS

Warning!  Glitch suppression
           Scheduled event for delayed signal of net "D" at time 498635282 PS was canceled!
            File: /pdk/tsmc/PDK28/PDK_TSMC28_bv/tcbn28hpcplusbwp30p140_190a/TSMCHOME/digital/Front_End/verilog/tcbn28hpcplusbwp30p140_110a/tcbn28hpcplusbwp30p140.v, line = 6576
           Scope: :DUT.\reg_bias_value_reg[1] 
            Time: 498635270 PS

Warning!  Glitch suppression
           Scheduled event for delayed signal of net "D" at time 498635282 PS was canceled!
            File: /pdk/tsmc/PDK28/PDK_TSMC28_bv/tcbn28hpcplusbwp30p140_190a/TSMCHOME/digital/Front_End/verilog/tcbn28hpcplusbwp30p140_110a/tcbn28hpcplusbwp30p140.v, line = 6576
           Scope: :DUT.\reg_bias_value_reg[2] 
            Time: 498635270 PS

Warning!  Glitch suppression
           Scheduled event for delayed signal of net "D" at time 498635282 PS was canceled!
            File: /pdk/tsmc/PDK28/PDK_TSMC28_bv/tcbn28hpcplusbwp30p140_190a/TSMCHOME/digital/Front_End/verilog/tcbn28hpcplusbwp30p140_110a/tcbn28hpcplusbwp30p140.v, line = 6576
           Scope: :DUT.\reg_bias_value_reg[3] 
            Time: 498635270 PS

Warning!  Glitch suppression
           Scheduled event for delayed signal of net "D" at time 498635282 PS was canceled!
            File: /pdk/tsmc/PDK28/PDK_TSMC28_bv/tcbn28hpcplusbwp30p140_190a/TSMCHOME/digital/Front_End/verilog/tcbn28hpcplusbwp30p140_110a/tcbn28hpcplusbwp30p140.v, line = 6576
           Scope: :DUT.\reg_bias_value_reg[5] 
            Time: 498635270 PS

Warning!  Glitch suppression
           Scheduled event for delayed signal of net "D" at time 498635282 PS was canceled!
            File: /pdk/tsmc/PDK28/PDK_TSMC28_bv/tcbn28hpcplusbwp30p140_190a/TSMCHOME/digital/Front_End/verilog/tcbn28hpcplusbwp30p140_110a/tcbn28hpcplusbwp30p140.v, line = 6576
           Scope: :DUT.\reg_bias_value_reg[9] 
            Time: 498635270 PS

Warning!  Glitch suppression
           Scheduled event for delayed signal of net "D" at time 498635282 PS was canceled!
            File: /pdk/tsmc/PDK28/PDK_TSMC28_bv/tcbn28hpcplusbwp30p140_190a/TSMCHOME/digital/Front_End/verilog/tcbn28hpcplusbwp30p140_110a/tcbn28hpcplusbwp30p140.v, line = 6576
           Scope: :DUT.\reg_bias_value_reg[10] 
            Time: 498635270 PS

Warning!  Glitch suppression
           Scheduled event for delayed signal of net "D" at time 498635282 PS was canceled!
            File: /pdk/tsmc/PDK28/PDK_TSMC28_bv/tcbn28hpcplusbwp30p140_190a/TSMCHOME/digital/Front_End/verilog/tcbn28hpcplusbwp30p140_110a/tcbn28hpcplusbwp30p140.v, line = 6576
           Scope: :DUT.\reg_bias_value_reg[11] 
            Time: 498635270 PS

Warning!  Glitch suppression
           Scheduled event for delayed signal of net "D" at time 498635282 PS was canceled!
            File: /pdk/tsmc/PDK28/PDK_TSMC28_bv/tcbn28hpcplusbwp30p140_190a/TSMCHOME/digital/Front_End/verilog/tcbn28hpcplusbwp30p140_110a/tcbn28hpcplusbwp30p140.v, line = 6576
           Scope: :DUT.\reg_bias_value_reg[12] 
            Time: 498635270 PS

Warning!  Glitch suppression
           Scheduled event for delayed signal of net "D" at time 498635282 PS was canceled!
            File: /pdk/tsmc/PDK28/PDK_TSMC28_bv/tcbn28hpcplusbwp30p140_190a/TSMCHOME/digital/Front_End/verilog/tcbn28hpcplusbwp30p140_110a/tcbn28hpcplusbwp30p140.v, line = 6576
           Scope: :DUT.\reg_bias_value_reg[13] 
            Time: 498635270 PS

Warning!  Glitch suppression
           Scheduled event for delayed signal of net "D" at time 498635282 PS was canceled!
            File: /pdk/tsmc/PDK28/PDK_TSMC28_bv/tcbn28hpcplusbwp30p140_190a/TSMCHOME/digital/Front_End/verilog/tcbn28hpcplusbwp30p140_110a/tcbn28hpcplusbwp30p140.v, line = 6576
           Scope: :DUT.\reg_bias_value_reg[14] 
            Time: 498635270 PS

Warning!  Glitch suppression
           Scheduled event for delayed signal of net "D" at time 498635282 PS was canceled!
            File: /pdk/tsmc/PDK28/PDK_TSMC28_bv/tcbn28hpcplusbwp30p140_190a/TSMCHOME/digital/Front_End/verilog/tcbn28hpcplusbwp30p140_110a/tcbn28hpcplusbwp30p140.v, line = 6576
           Scope: :DUT.\reg_bias_value_reg[15] 
            Time: 498635270 PS

Warning!  Glitch suppression
           Scheduled event for delayed signal of net "D" at time 498635279 PS was canceled!
            File: /pdk/tsmc/PDK28/PDK_TSMC28_bv/tcbn28hpcplusbwp30p140_190a/TSMCHOME/digital/Front_End/verilog/tcbn28hpcplusbwp30p140_110a/tcbn28hpcplusbwp30p140.v, line = 6576
           Scope: :DUT.\reg_bias_value_reg[16] 
            Time: 498635270 PS

Warning!  Glitch suppression
           Scheduled event for delayed signal of net "D" at time 498635279 PS was canceled!
            File: /pdk/tsmc/PDK28/PDK_TSMC28_bv/tcbn28hpcplusbwp30p140_190a/TSMCHOME/digital/Front_End/verilog/tcbn28hpcplusbwp30p140_110a/tcbn28hpcplusbwp30p140.v, line = 6576
           Scope: :DUT.\reg_bias_value_reg[17] 
            Time: 498635270 PS

Warning!  Glitch suppression
           Scheduled event for delayed signal of net "D" at time 498635279 PS was canceled!
            File: /pdk/tsmc/PDK28/PDK_TSMC28_bv/tcbn28hpcplusbwp30p140_190a/TSMCHOME/digital/Front_End/verilog/tcbn28hpcplusbwp30p140_110a/tcbn28hpcplusbwp30p140.v, line = 6576
           Scope: :DUT.\reg_bias_value_reg[18] 
            Time: 498635270 PS

Warning!  Glitch suppression
           Scheduled event for delayed signal of net "D" at time 498635279 PS was canceled!
            File: /pdk/tsmc/PDK28/PDK_TSMC28_bv/tcbn28hpcplusbwp30p140_190a/TSMCHOME/digital/Front_End/verilog/tcbn28hpcplusbwp30p140_110a/tcbn28hpcplusbwp30p140.v, line = 6576
           Scope: :DUT.\reg_bias_value_reg[19] 
            Time: 498635270 PS

Warning!  Glitch suppression
           Scheduled event for delayed signal of net "D" at time 498635279 PS was canceled!
            File: /pdk/tsmc/PDK28/PDK_TSMC28_bv/tcbn28hpcplusbwp30p140_190a/TSMCHOME/digital/Front_End/verilog/tcbn28hpcplusbwp30p140_110a/tcbn28hpcplusbwp30p140.v, line = 6576
           Scope: :DUT.\reg_bias_value_reg[20] 
            Time: 498635270 PS

Warning!  Glitch suppression
           Scheduled event for delayed signal of net "D" at time 498635279 PS was canceled!
            File: /pdk/tsmc/PDK28/PDK_TSMC28_bv/tcbn28hpcplusbwp30p140_190a/TSMCHOME/digital/Front_End/verilog/tcbn28hpcplusbwp30p140_110a/tcbn28hpcplusbwp30p140.v, line = 6576
           Scope: :DUT.\reg_bias_value_reg[21] 
            Time: 498635270 PS

Warning!  Glitch suppression
           Scheduled event for delayed signal of net "D" at time 498635279 PS was canceled!
            File: /pdk/tsmc/PDK28/PDK_TSMC28_bv/tcbn28hpcplusbwp30p140_190a/TSMCHOME/digital/Front_End/verilog/tcbn28hpcplusbwp30p140_110a/tcbn28hpcplusbwp30p140.v, line = 6576
           Scope: :DUT.\reg_bias_value_reg[22] 
            Time: 498635270 PS

Warning!  Glitch suppression
           Scheduled event for delayed signal of net "D" at time 498635279 PS was canceled!
            File: /pdk/tsmc/PDK28/PDK_TSMC28_bv/tcbn28hpcplusbwp30p140_190a/TSMCHOME/digital/Front_End/verilog/tcbn28hpcplusbwp30p140_110a/tcbn28hpcplusbwp30p140.v, line = 6576
           Scope: :DUT.\reg_bias_value_reg[23] 
            Time: 498635270 PS

Warning!  Glitch suppression
           Scheduled event for delayed signal of net "D" at time 498635279 PS was canceled!
            File: /pdk/tsmc/PDK28/PDK_TSMC28_bv/tcbn28hpcplusbwp30p140_190a/TSMCHOME/digital/Front_End/verilog/tcbn28hpcplusbwp30p140_110a/tcbn28hpcplusbwp30p140.v, line = 6576
           Scope: :DUT.\reg_bias_value_reg[24] 
            Time: 498635270 PS

Warning!  Glitch suppression
           Scheduled event for delayed signal of net "D" at time 498635279 PS was canceled!
            File: /pdk/tsmc/PDK28/PDK_TSMC28_bv/tcbn28hpcplusbwp30p140_190a/TSMCHOME/digital/Front_End/verilog/tcbn28hpcplusbwp30p140_110a/tcbn28hpcplusbwp30p140.v, line = 6576
           Scope: :DUT.\reg_bias_value_reg[25] 
            Time: 498635270 PS

Warning!  Glitch suppression
           Scheduled event for delayed signal of net "D" at time 498635279 PS was canceled!
            File: /pdk/tsmc/PDK28/PDK_TSMC28_bv/tcbn28hpcplusbwp30p140_190a/TSMCHOME/digital/Front_End/verilog/tcbn28hpcplusbwp30p140_110a/tcbn28hpcplusbwp30p140.v, line = 6576
           Scope: :DUT.\reg_bias_value_reg[26] 
            Time: 498635270 PS

Warning!  Glitch suppression
           Scheduled event for delayed signal of net "D" at time 498635279 PS was canceled!
            File: /pdk/tsmc/PDK28/PDK_TSMC28_bv/tcbn28hpcplusbwp30p140_190a/TSMCHOME/digital/Front_End/verilog/tcbn28hpcplusbwp30p140_110a/tcbn28hpcplusbwp30p140.v, line = 6576
           Scope: :DUT.\reg_bias_value_reg[27] 
            Time: 498635270 PS

Warning!  Glitch suppression
           Scheduled event for delayed signal of net "D" at time 498635279 PS was canceled!
            File: /pdk/tsmc/PDK28/PDK_TSMC28_bv/tcbn28hpcplusbwp30p140_190a/TSMCHOME/digital/Front_End/verilog/tcbn28hpcplusbwp30p140_110a/tcbn28hpcplusbwp30p140.v, line = 6576
           Scope: :DUT.\reg_bias_value_reg[28] 
            Time: 498635270 PS

Warning!  Glitch suppression
           Scheduled event for delayed signal of net "D" at time 498635279 PS was canceled!
            File: /pdk/tsmc/PDK28/PDK_TSMC28_bv/tcbn28hpcplusbwp30p140_190a/TSMCHOME/digital/Front_End/verilog/tcbn28hpcplusbwp30p140_110a/tcbn28hpcplusbwp30p140.v, line = 6576
           Scope: :DUT.\reg_bias_value_reg[29] 
            Time: 498635270 PS

Warning!  Glitch suppression
           Scheduled event for delayed signal of net "D" at time 498635279 PS was canceled!
            File: /pdk/tsmc/PDK28/PDK_TSMC28_bv/tcbn28hpcplusbwp30p140_190a/TSMCHOME/digital/Front_End/verilog/tcbn28hpcplusbwp30p140_110a/tcbn28hpcplusbwp30p140.v, line = 6576
           Scope: :DUT.\reg_bias_value_reg[30] 
            Time: 498635270 PS

Warning!  Glitch suppression
           Scheduled event for delayed signal of net "D" at time 498635279 PS was canceled!
            File: /pdk/tsmc/PDK28/PDK_TSMC28_bv/tcbn28hpcplusbwp30p140_190a/TSMCHOME/digital/Front_End/verilog/tcbn28hpcplusbwp30p140_110a/tcbn28hpcplusbwp30p140.v, line = 6576
           Scope: :DUT.\reg_bias_value_reg[31] 
            Time: 498635270 PS

Warning!  Glitch suppression
           Scheduled event for delayed signal of net "D" at time 524865282 PS was canceled!
            File: /pdk/tsmc/PDK28/PDK_TSMC28_bv/tcbn28hpcplusbwp30p140_190a/TSMCHOME/digital/Front_End/verilog/tcbn28hpcplusbwp30p140_110a/tcbn28hpcplusbwp30p140.v, line = 6576
           Scope: :DUT.\reg_bias_value_reg[2] 
            Time: 524865270 PS

Warning!  Glitch suppression
           Scheduled event for delayed signal of net "D" at time 524865282 PS was canceled!
            File: /pdk/tsmc/PDK28/PDK_TSMC28_bv/tcbn28hpcplusbwp30p140_190a/TSMCHOME/digital/Front_End/verilog/tcbn28hpcplusbwp30p140_110a/tcbn28hpcplusbwp30p140.v, line = 6576
           Scope: :DUT.\reg_bias_value_reg[3] 
            Time: 524865270 PS

Warning!  Glitch suppression
           Scheduled event for delayed signal of net "D" at time 524865282 PS was canceled!
            File: /pdk/tsmc/PDK28/PDK_TSMC28_bv/tcbn28hpcplusbwp30p140_190a/TSMCHOME/digital/Front_End/verilog/tcbn28hpcplusbwp30p140_110a/tcbn28hpcplusbwp30p140.v, line = 6576
           Scope: :DUT.\reg_bias_value_reg[5] 
            Time: 524865270 PS

Warning!  Glitch suppression
           Scheduled event for delayed signal of net "D" at time 524865282 PS was canceled!
            File: /pdk/tsmc/PDK28/PDK_TSMC28_bv/tcbn28hpcplusbwp30p140_190a/TSMCHOME/digital/Front_End/verilog/tcbn28hpcplusbwp30p140_110a/tcbn28hpcplusbwp30p140.v, line = 6576
           Scope: :DUT.\reg_bias_value_reg[6] 
            Time: 524865270 PS

Warning!  Glitch suppression
           Scheduled event for delayed signal of net "D" at time 524865282 PS was canceled!
            File: /pdk/tsmc/PDK28/PDK_TSMC28_bv/tcbn28hpcplusbwp30p140_190a/TSMCHOME/digital/Front_End/verilog/tcbn28hpcplusbwp30p140_110a/tcbn28hpcplusbwp30p140.v, line = 6576
           Scope: :DUT.\reg_bias_value_reg[8] 
            Time: 524865270 PS

Warning!  Glitch suppression
           Scheduled event for delayed signal of net "D" at time 524865282 PS was canceled!
            File: /pdk/tsmc/PDK28/PDK_TSMC28_bv/tcbn28hpcplusbwp30p140_190a/TSMCHOME/digital/Front_End/verilog/tcbn28hpcplusbwp30p140_110a/tcbn28hpcplusbwp30p140.v, line = 6576
           Scope: :DUT.\reg_bias_value_reg[9] 
            Time: 524865270 PS

Warning!  Glitch suppression
           Scheduled event for delayed signal of net "D" at time 524865282 PS was canceled!
            File: /pdk/tsmc/PDK28/PDK_TSMC28_bv/tcbn28hpcplusbwp30p140_190a/TSMCHOME/digital/Front_End/verilog/tcbn28hpcplusbwp30p140_110a/tcbn28hpcplusbwp30p140.v, line = 6576
           Scope: :DUT.\reg_bias_value_reg[10] 
            Time: 524865270 PS

Warning!  Glitch suppression
           Scheduled event for delayed signal of net "D" at time 524865282 PS was canceled!
            File: /pdk/tsmc/PDK28/PDK_TSMC28_bv/tcbn28hpcplusbwp30p140_190a/TSMCHOME/digital/Front_End/verilog/tcbn28hpcplusbwp30p140_110a/tcbn28hpcplusbwp30p140.v, line = 6576
           Scope: :DUT.\reg_bias_value_reg[11] 
            Time: 524865270 PS

Warning!  Glitch suppression
           Scheduled event for delayed signal of net "D" at time 524865282 PS was canceled!
            File: /pdk/tsmc/PDK28/PDK_TSMC28_bv/tcbn28hpcplusbwp30p140_190a/TSMCHOME/digital/Front_End/verilog/tcbn28hpcplusbwp30p140_110a/tcbn28hpcplusbwp30p140.v, line = 6576
           Scope: :DUT.\reg_bias_value_reg[12] 
            Time: 524865270 PS

Warning!  Glitch suppression
           Scheduled event for delayed signal of net "D" at time 524865282 PS was canceled!
            File: /pdk/tsmc/PDK28/PDK_TSMC28_bv/tcbn28hpcplusbwp30p140_190a/TSMCHOME/digital/Front_End/verilog/tcbn28hpcplusbwp30p140_110a/tcbn28hpcplusbwp30p140.v, line = 6576
           Scope: :DUT.\reg_bias_value_reg[13] 
            Time: 524865270 PS

Warning!  Glitch suppression
           Scheduled event for delayed signal of net "D" at time 524865282 PS was canceled!
            File: /pdk/tsmc/PDK28/PDK_TSMC28_bv/tcbn28hpcplusbwp30p140_190a/TSMCHOME/digital/Front_End/verilog/tcbn28hpcplusbwp30p140_110a/tcbn28hpcplusbwp30p140.v, line = 6576
           Scope: :DUT.\reg_bias_value_reg[14] 
            Time: 524865270 PS

Warning!  Glitch suppression
           Scheduled event for delayed signal of net "D" at time 524865282 PS was canceled!
            File: /pdk/tsmc/PDK28/PDK_TSMC28_bv/tcbn28hpcplusbwp30p140_190a/TSMCHOME/digital/Front_End/verilog/tcbn28hpcplusbwp30p140_110a/tcbn28hpcplusbwp30p140.v, line = 6576
           Scope: :DUT.\reg_bias_value_reg[15] 
            Time: 524865270 PS

Warning!  Glitch suppression
           Scheduled event for delayed signal of net "D" at time 524865279 PS was canceled!
            File: /pdk/tsmc/PDK28/PDK_TSMC28_bv/tcbn28hpcplusbwp30p140_190a/TSMCHOME/digital/Front_End/verilog/tcbn28hpcplusbwp30p140_110a/tcbn28hpcplusbwp30p140.v, line = 6576
           Scope: :DUT.\reg_bias_value_reg[16] 
            Time: 524865270 PS

Warning!  Glitch suppression
           Scheduled event for delayed signal of net "D" at time 524865279 PS was canceled!
            File: /pdk/tsmc/PDK28/PDK_TSMC28_bv/tcbn28hpcplusbwp30p140_190a/TSMCHOME/digital/Front_End/verilog/tcbn28hpcplusbwp30p140_110a/tcbn28hpcplusbwp30p140.v, line = 6576
           Scope: :DUT.\reg_bias_value_reg[17] 
            Time: 524865270 PS

Warning!  Glitch suppression
           Scheduled event for delayed signal of net "D" at time 524865279 PS was canceled!
            File: /pdk/tsmc/PDK28/PDK_TSMC28_bv/tcbn28hpcplusbwp30p140_190a/TSMCHOME/digital/Front_End/verilog/tcbn28hpcplusbwp30p140_110a/tcbn28hpcplusbwp30p140.v, line = 6576
           Scope: :DUT.\reg_bias_value_reg[18] 
            Time: 524865270 PS

Warning!  Glitch suppression
           Scheduled event for delayed signal of net "D" at time 524865279 PS was canceled!
            File: /pdk/tsmc/PDK28/PDK_TSMC28_bv/tcbn28hpcplusbwp30p140_190a/TSMCHOME/digital/Front_End/verilog/tcbn28hpcplusbwp30p140_110a/tcbn28hpcplusbwp30p140.v, line = 6576
           Scope: :DUT.\reg_bias_value_reg[19] 
            Time: 524865270 PS

Warning!  Glitch suppression
           Scheduled event for delayed signal of net "D" at time 524865279 PS was canceled!
            File: /pdk/tsmc/PDK28/PDK_TSMC28_bv/tcbn28hpcplusbwp30p140_190a/TSMCHOME/digital/Front_End/verilog/tcbn28hpcplusbwp30p140_110a/tcbn28hpcplusbwp30p140.v, line = 6576
           Scope: :DUT.\reg_bias_value_reg[20] 
            Time: 524865270 PS

Warning!  Glitch suppression
           Scheduled event for delayed signal of net "D" at time 524865279 PS was canceled!
            File: /pdk/tsmc/PDK28/PDK_TSMC28_bv/tcbn28hpcplusbwp30p140_190a/TSMCHOME/digital/Front_End/verilog/tcbn28hpcplusbwp30p140_110a/tcbn28hpcplusbwp30p140.v, line = 6576
           Scope: :DUT.\reg_bias_value_reg[21] 
            Time: 524865270 PS

Warning!  Glitch suppression
           Scheduled event for delayed signal of net "D" at time 524865279 PS was canceled!
            File: /pdk/tsmc/PDK28/PDK_TSMC28_bv/tcbn28hpcplusbwp30p140_190a/TSMCHOME/digital/Front_End/verilog/tcbn28hpcplusbwp30p140_110a/tcbn28hpcplusbwp30p140.v, line = 6576
           Scope: :DUT.\reg_bias_value_reg[22] 
            Time: 524865270 PS

Warning!  Glitch suppression
           Scheduled event for delayed signal of net "D" at time 524865279 PS was canceled!
            File: /pdk/tsmc/PDK28/PDK_TSMC28_bv/tcbn28hpcplusbwp30p140_190a/TSMCHOME/digital/Front_End/verilog/tcbn28hpcplusbwp30p140_110a/tcbn28hpcplusbwp30p140.v, line = 6576
           Scope: :DUT.\reg_bias_value_reg[23] 
            Time: 524865270 PS

Warning!  Glitch suppression
           Scheduled event for delayed signal of net "D" at time 524865279 PS was canceled!
            File: /pdk/tsmc/PDK28/PDK_TSMC28_bv/tcbn28hpcplusbwp30p140_190a/TSMCHOME/digital/Front_End/verilog/tcbn28hpcplusbwp30p140_110a/tcbn28hpcplusbwp30p140.v, line = 6576
           Scope: :DUT.\reg_bias_value_reg[24] 
            Time: 524865270 PS

Warning!  Glitch suppression
           Scheduled event for delayed signal of net "D" at time 524865279 PS was canceled!
            File: /pdk/tsmc/PDK28/PDK_TSMC28_bv/tcbn28hpcplusbwp30p140_190a/TSMCHOME/digital/Front_End/verilog/tcbn28hpcplusbwp30p140_110a/tcbn28hpcplusbwp30p140.v, line = 6576
           Scope: :DUT.\reg_bias_value_reg[25] 
            Time: 524865270 PS

Warning!  Glitch suppression
           Scheduled event for delayed signal of net "D" at time 524865279 PS was canceled!
            File: /pdk/tsmc/PDK28/PDK_TSMC28_bv/tcbn28hpcplusbwp30p140_190a/TSMCHOME/digital/Front_End/verilog/tcbn28hpcplusbwp30p140_110a/tcbn28hpcplusbwp30p140.v, line = 6576
           Scope: :DUT.\reg_bias_value_reg[26] 
            Time: 524865270 PS

Warning!  Glitch suppression
           Scheduled event for delayed signal of net "D" at time 524865279 PS was canceled!
            File: /pdk/tsmc/PDK28/PDK_TSMC28_bv/tcbn28hpcplusbwp30p140_190a/TSMCHOME/digital/Front_End/verilog/tcbn28hpcplusbwp30p140_110a/tcbn28hpcplusbwp30p140.v, line = 6576
           Scope: :DUT.\reg_bias_value_reg[27] 
            Time: 524865270 PS

Warning!  Glitch suppression
           Scheduled event for delayed signal of net "D" at time 524865279 PS was canceled!
            File: /pdk/tsmc/PDK28/PDK_TSMC28_bv/tcbn28hpcplusbwp30p140_190a/TSMCHOME/digital/Front_End/verilog/tcbn28hpcplusbwp30p140_110a/tcbn28hpcplusbwp30p140.v, line = 6576
           Scope: :DUT.\reg_bias_value_reg[28] 
            Time: 524865270 PS

Warning!  Glitch suppression
           Scheduled event for delayed signal of net "D" at time 524865279 PS was canceled!
            File: /pdk/tsmc/PDK28/PDK_TSMC28_bv/tcbn28hpcplusbwp30p140_190a/TSMCHOME/digital/Front_End/verilog/tcbn28hpcplusbwp30p140_110a/tcbn28hpcplusbwp30p140.v, line = 6576
           Scope: :DUT.\reg_bias_value_reg[29] 
            Time: 524865270 PS

Warning!  Glitch suppression
           Scheduled event for delayed signal of net "D" at time 524865279 PS was canceled!
            File: /pdk/tsmc/PDK28/PDK_TSMC28_bv/tcbn28hpcplusbwp30p140_190a/TSMCHOME/digital/Front_End/verilog/tcbn28hpcplusbwp30p140_110a/tcbn28hpcplusbwp30p140.v, line = 6576
           Scope: :DUT.\reg_bias_value_reg[30] 
            Time: 524865270 PS

Warning!  Glitch suppression
           Scheduled event for delayed signal of net "D" at time 524865279 PS was canceled!
            File: /pdk/tsmc/PDK28/PDK_TSMC28_bv/tcbn28hpcplusbwp30p140_190a/TSMCHOME/digital/Front_End/verilog/tcbn28hpcplusbwp30p140_110a/tcbn28hpcplusbwp30p140.v, line = 6576
           Scope: :DUT.\reg_bias_value_reg[31] 
            Time: 524865270 PS

Warning!  Glitch suppression
           Scheduled event for delayed signal of net "D" at time 551095162 PS was canceled!
            File: /pdk/tsmc/PDK28/PDK_TSMC28_bv/tcbn28hpcplusbwp30p140_190a/TSMCHOME/digital/Front_End/verilog/tcbn28hpcplusbwp30p140_110a/tcbn28hpcplusbwp30p140.v, line = 6576
           Scope: :DUT.\reg_bias_value_reg[2] 
            Time: 551095150 PS

Warning!  Glitch suppression
           Scheduled event for delayed signal of net "D" at time 551135119 PS was canceled!
            File: /pdk/tsmc/PDK28/PDK_TSMC28_bv/tcbn28hpcplusbwp30p140_190a/TSMCHOME/digital/Front_End/verilog/tcbn28hpcplusbwp30p140_110a/tcbn28hpcplusbwp30p140.v, line = 6576
           Scope: :DUT.\reg_bias_value_reg[2] 
            Time: 551135108 PS

Warning!  Glitch suppression
           Scheduled event for delayed signal of net "D" at time 551135309 PS was canceled!
            File: /pdk/tsmc/PDK28/PDK_TSMC28_bv/tcbn28hpcplusbwp30p140_190a/TSMCHOME/digital/Front_End/verilog/tcbn28hpcplusbwp30p140_110a/tcbn28hpcplusbwp30p140.v, line = 6576
           Scope: :DUT.\reg_bias_value_reg[1] 
            Time: 551135297 PS

Warning!  Glitch suppression
           Scheduled event for delayed signal of net "D" at time 551135309 PS was canceled!
            File: /pdk/tsmc/PDK28/PDK_TSMC28_bv/tcbn28hpcplusbwp30p140_190a/TSMCHOME/digital/Front_End/verilog/tcbn28hpcplusbwp30p140_110a/tcbn28hpcplusbwp30p140.v, line = 6576
           Scope: :DUT.\reg_bias_value_reg[9] 
            Time: 551135297 PS

Warning!  Glitch suppression
           Scheduled event for delayed signal of net "D" at time 603585282 PS was canceled!
            File: /pdk/tsmc/PDK28/PDK_TSMC28_bv/tcbn28hpcplusbwp30p140_190a/TSMCHOME/digital/Front_End/verilog/tcbn28hpcplusbwp30p140_110a/tcbn28hpcplusbwp30p140.v, line = 6576
           Scope: :DUT.\reg_bias_value_reg[1] 
            Time: 603585270 PS

Warning!  Glitch suppression
           Scheduled event for delayed signal of net "D" at time 603585282 PS was canceled!
            File: /pdk/tsmc/PDK28/PDK_TSMC28_bv/tcbn28hpcplusbwp30p140_190a/TSMCHOME/digital/Front_End/verilog/tcbn28hpcplusbwp30p140_110a/tcbn28hpcplusbwp30p140.v, line = 6576
           Scope: :DUT.\reg_bias_value_reg[9] 
            Time: 603585270 PS

Warning!  Glitch suppression
           Scheduled event for delayed signal of net "D" at time 629855309 PS was canceled!
            File: /pdk/tsmc/PDK28/PDK_TSMC28_bv/tcbn28hpcplusbwp30p140_190a/TSMCHOME/digital/Front_End/verilog/tcbn28hpcplusbwp30p140_110a/tcbn28hpcplusbwp30p140.v, line = 6576
           Scope: :DUT.\reg_bias_value_reg[1] 
            Time: 629855297 PS

Warning!  Glitch suppression
           Scheduled event for delayed signal of net "D" at time 629855309 PS was canceled!
            File: /pdk/tsmc/PDK28/PDK_TSMC28_bv/tcbn28hpcplusbwp30p140_190a/TSMCHOME/digital/Front_End/verilog/tcbn28hpcplusbwp30p140_110a/tcbn28hpcplusbwp30p140.v, line = 6576
           Scope: :DUT.\reg_bias_value_reg[9] 
            Time: 629855297 PS

Warning!  Glitch suppression
           Scheduled event for delayed signal of net "D" at time 682305282 PS was canceled!
            File: /pdk/tsmc/PDK28/PDK_TSMC28_bv/tcbn28hpcplusbwp30p140_190a/TSMCHOME/digital/Front_End/verilog/tcbn28hpcplusbwp30p140_110a/tcbn28hpcplusbwp30p140.v, line = 6576
           Scope: :DUT.\reg_bias_value_reg[1] 
            Time: 682305270 PS

Warning!  Glitch suppression
           Scheduled event for delayed signal of net "D" at time 682305282 PS was canceled!
            File: /pdk/tsmc/PDK28/PDK_TSMC28_bv/tcbn28hpcplusbwp30p140_190a/TSMCHOME/digital/Front_End/verilog/tcbn28hpcplusbwp30p140_110a/tcbn28hpcplusbwp30p140.v, line = 6576
           Scope: :DUT.\reg_bias_value_reg[9] 
            Time: 682305270 PS

Warning!  Glitch suppression
           Scheduled event for delayed signal of net "D" at time 734795282 PS was canceled!
            File: /pdk/tsmc/PDK28/PDK_TSMC28_bv/tcbn28hpcplusbwp30p140_190a/TSMCHOME/digital/Front_End/verilog/tcbn28hpcplusbwp30p140_110a/tcbn28hpcplusbwp30p140.v, line = 6576
           Scope: :DUT.\reg_bias_value_reg[1] 
            Time: 734795270 PS

Warning!  Glitch suppression
           Scheduled event for delayed signal of net "D" at time 734795282 PS was canceled!
            File: /pdk/tsmc/PDK28/PDK_TSMC28_bv/tcbn28hpcplusbwp30p140_190a/TSMCHOME/digital/Front_End/verilog/tcbn28hpcplusbwp30p140_110a/tcbn28hpcplusbwp30p140.v, line = 6576
           Scope: :DUT.\reg_bias_value_reg[9] 
            Time: 734795270 PS

Warning!  Glitch suppression
           Scheduled event for delayed signal of net "D" at time 787295309 PS was canceled!
            File: /pdk/tsmc/PDK28/PDK_TSMC28_bv/tcbn28hpcplusbwp30p140_190a/TSMCHOME/digital/Front_End/verilog/tcbn28hpcplusbwp30p140_110a/tcbn28hpcplusbwp30p140.v, line = 6576
           Scope: :DUT.\reg_bias_value_reg[1] 
            Time: 787295297 PS

Warning!  Glitch suppression
           Scheduled event for delayed signal of net "D" at time 787295309 PS was canceled!
            File: /pdk/tsmc/PDK28/PDK_TSMC28_bv/tcbn28hpcplusbwp30p140_190a/TSMCHOME/digital/Front_End/verilog/tcbn28hpcplusbwp30p140_110a/tcbn28hpcplusbwp30p140.v, line = 6576
           Scope: :DUT.\reg_bias_value_reg[2] 
            Time: 787295297 PS

Warning!  Glitch suppression
           Scheduled event for delayed signal of net "D" at time 787295309 PS was canceled!
            File: /pdk/tsmc/PDK28/PDK_TSMC28_bv/tcbn28hpcplusbwp30p140_190a/TSMCHOME/digital/Front_End/verilog/tcbn28hpcplusbwp30p140_110a/tcbn28hpcplusbwp30p140.v, line = 6576
           Scope: :DUT.\reg_bias_value_reg[5] 
            Time: 787295297 PS

Warning!  Glitch suppression
           Scheduled event for delayed signal of net "D" at time 787295309 PS was canceled!
            File: /pdk/tsmc/PDK28/PDK_TSMC28_bv/tcbn28hpcplusbwp30p140_190a/TSMCHOME/digital/Front_End/verilog/tcbn28hpcplusbwp30p140_110a/tcbn28hpcplusbwp30p140.v, line = 6576
           Scope: :DUT.\reg_bias_value_reg[8] 
            Time: 787295297 PS

Warning!  Glitch suppression
           Scheduled event for delayed signal of net "D" at time 787295309 PS was canceled!
            File: /pdk/tsmc/PDK28/PDK_TSMC28_bv/tcbn28hpcplusbwp30p140_190a/TSMCHOME/digital/Front_End/verilog/tcbn28hpcplusbwp30p140_110a/tcbn28hpcplusbwp30p140.v, line = 6576
           Scope: :DUT.\reg_bias_value_reg[9] 
            Time: 787295297 PS

Warning!  Glitch suppression
           Scheduled event for delayed signal of net "D" at time 787295309 PS was canceled!
            File: /pdk/tsmc/PDK28/PDK_TSMC28_bv/tcbn28hpcplusbwp30p140_190a/TSMCHOME/digital/Front_End/verilog/tcbn28hpcplusbwp30p140_110a/tcbn28hpcplusbwp30p140.v, line = 6576
           Scope: :DUT.\reg_bias_value_reg[10] 
            Time: 787295297 PS

Warning!  Glitch suppression
           Scheduled event for delayed signal of net "D" at time 787295309 PS was canceled!
            File: /pdk/tsmc/PDK28/PDK_TSMC28_bv/tcbn28hpcplusbwp30p140_190a/TSMCHOME/digital/Front_End/verilog/tcbn28hpcplusbwp30p140_110a/tcbn28hpcplusbwp30p140.v, line = 6576
           Scope: :DUT.\reg_bias_value_reg[11] 
            Time: 787295297 PS

Warning!  Glitch suppression
           Scheduled event for delayed signal of net "D" at time 787295309 PS was canceled!
            File: /pdk/tsmc/PDK28/PDK_TSMC28_bv/tcbn28hpcplusbwp30p140_190a/TSMCHOME/digital/Front_End/verilog/tcbn28hpcplusbwp30p140_110a/tcbn28hpcplusbwp30p140.v, line = 6576
           Scope: :DUT.\reg_bias_value_reg[12] 
            Time: 787295297 PS

Warning!  Glitch suppression
           Scheduled event for delayed signal of net "D" at time 787295309 PS was canceled!
            File: /pdk/tsmc/PDK28/PDK_TSMC28_bv/tcbn28hpcplusbwp30p140_190a/TSMCHOME/digital/Front_End/verilog/tcbn28hpcplusbwp30p140_110a/tcbn28hpcplusbwp30p140.v, line = 6576
           Scope: :DUT.\reg_bias_value_reg[13] 
            Time: 787295297 PS

Warning!  Glitch suppression
           Scheduled event for delayed signal of net "D" at time 787295309 PS was canceled!
            File: /pdk/tsmc/PDK28/PDK_TSMC28_bv/tcbn28hpcplusbwp30p140_190a/TSMCHOME/digital/Front_End/verilog/tcbn28hpcplusbwp30p140_110a/tcbn28hpcplusbwp30p140.v, line = 6576
           Scope: :DUT.\reg_bias_value_reg[14] 
            Time: 787295297 PS

Warning!  Glitch suppression
           Scheduled event for delayed signal of net "D" at time 787295309 PS was canceled!
            File: /pdk/tsmc/PDK28/PDK_TSMC28_bv/tcbn28hpcplusbwp30p140_190a/TSMCHOME/digital/Front_End/verilog/tcbn28hpcplusbwp30p140_110a/tcbn28hpcplusbwp30p140.v, line = 6576
           Scope: :DUT.\reg_bias_value_reg[15] 
            Time: 787295297 PS

Warning!  Glitch suppression
           Scheduled event for delayed signal of net "D" at time 787295306 PS was canceled!
            File: /pdk/tsmc/PDK28/PDK_TSMC28_bv/tcbn28hpcplusbwp30p140_190a/TSMCHOME/digital/Front_End/verilog/tcbn28hpcplusbwp30p140_110a/tcbn28hpcplusbwp30p140.v, line = 6576
           Scope: :DUT.\reg_bias_value_reg[16] 
            Time: 787295297 PS

Warning!  Glitch suppression
           Scheduled event for delayed signal of net "D" at time 787295306 PS was canceled!
            File: /pdk/tsmc/PDK28/PDK_TSMC28_bv/tcbn28hpcplusbwp30p140_190a/TSMCHOME/digital/Front_End/verilog/tcbn28hpcplusbwp30p140_110a/tcbn28hpcplusbwp30p140.v, line = 6576
           Scope: :DUT.\reg_bias_value_reg[17] 
            Time: 787295297 PS

Warning!  Glitch suppression
           Scheduled event for delayed signal of net "D" at time 787295306 PS was canceled!
            File: /pdk/tsmc/PDK28/PDK_TSMC28_bv/tcbn28hpcplusbwp30p140_190a/TSMCHOME/digital/Front_End/verilog/tcbn28hpcplusbwp30p140_110a/tcbn28hpcplusbwp30p140.v, line = 6576
           Scope: :DUT.\reg_bias_value_reg[18] 
            Time: 787295297 PS

Warning!  Glitch suppression
           Scheduled event for delayed signal of net "D" at time 787295306 PS was canceled!
            File: /pdk/tsmc/PDK28/PDK_TSMC28_bv/tcbn28hpcplusbwp30p140_190a/TSMCHOME/digital/Front_End/verilog/tcbn28hpcplusbwp30p140_110a/tcbn28hpcplusbwp30p140.v, line = 6576
           Scope: :DUT.\reg_bias_value_reg[19] 
            Time: 787295297 PS

Warning!  Glitch suppression
           Scheduled event for delayed signal of net "D" at time 787295306 PS was canceled!
            File: /pdk/tsmc/PDK28/PDK_TSMC28_bv/tcbn28hpcplusbwp30p140_190a/TSMCHOME/digital/Front_End/verilog/tcbn28hpcplusbwp30p140_110a/tcbn28hpcplusbwp30p140.v, line = 6576
           Scope: :DUT.\reg_bias_value_reg[20] 
            Time: 787295297 PS

Warning!  Glitch suppression
           Scheduled event for delayed signal of net "D" at time 787295306 PS was canceled!
            File: /pdk/tsmc/PDK28/PDK_TSMC28_bv/tcbn28hpcplusbwp30p140_190a/TSMCHOME/digital/Front_End/verilog/tcbn28hpcplusbwp30p140_110a/tcbn28hpcplusbwp30p140.v, line = 6576
           Scope: :DUT.\reg_bias_value_reg[21] 
            Time: 787295297 PS

Warning!  Glitch suppression
           Scheduled event for delayed signal of net "D" at time 787295306 PS was canceled!
            File: /pdk/tsmc/PDK28/PDK_TSMC28_bv/tcbn28hpcplusbwp30p140_190a/TSMCHOME/digital/Front_End/verilog/tcbn28hpcplusbwp30p140_110a/tcbn28hpcplusbwp30p140.v, line = 6576
           Scope: :DUT.\reg_bias_value_reg[22] 
            Time: 787295297 PS

Warning!  Glitch suppression
           Scheduled event for delayed signal of net "D" at time 787295306 PS was canceled!
            File: /pdk/tsmc/PDK28/PDK_TSMC28_bv/tcbn28hpcplusbwp30p140_190a/TSMCHOME/digital/Front_End/verilog/tcbn28hpcplusbwp30p140_110a/tcbn28hpcplusbwp30p140.v, line = 6576
           Scope: :DUT.\reg_bias_value_reg[23] 
            Time: 787295297 PS

Warning!  Glitch suppression
           Scheduled event for delayed signal of net "D" at time 787295306 PS was canceled!
            File: /pdk/tsmc/PDK28/PDK_TSMC28_bv/tcbn28hpcplusbwp30p140_190a/TSMCHOME/digital/Front_End/verilog/tcbn28hpcplusbwp30p140_110a/tcbn28hpcplusbwp30p140.v, line = 6576
           Scope: :DUT.\reg_bias_value_reg[24] 
            Time: 787295297 PS

Warning!  Glitch suppression
           Scheduled event for delayed signal of net "D" at time 787295306 PS was canceled!
            File: /pdk/tsmc/PDK28/PDK_TSMC28_bv/tcbn28hpcplusbwp30p140_190a/TSMCHOME/digital/Front_End/verilog/tcbn28hpcplusbwp30p140_110a/tcbn28hpcplusbwp30p140.v, line = 6576
           Scope: :DUT.\reg_bias_value_reg[25] 
            Time: 787295297 PS

Warning!  Glitch suppression
           Scheduled event for delayed signal of net "D" at time 787295306 PS was canceled!
            File: /pdk/tsmc/PDK28/PDK_TSMC28_bv/tcbn28hpcplusbwp30p140_190a/TSMCHOME/digital/Front_End/verilog/tcbn28hpcplusbwp30p140_110a/tcbn28hpcplusbwp30p140.v, line = 6576
           Scope: :DUT.\reg_bias_value_reg[26] 
            Time: 787295297 PS

Warning!  Glitch suppression
           Scheduled event for delayed signal of net "D" at time 787295306 PS was canceled!
            File: /pdk/tsmc/PDK28/PDK_TSMC28_bv/tcbn28hpcplusbwp30p140_190a/TSMCHOME/digital/Front_End/verilog/tcbn28hpcplusbwp30p140_110a/tcbn28hpcplusbwp30p140.v, line = 6576
           Scope: :DUT.\reg_bias_value_reg[27] 
            Time: 787295297 PS

Warning!  Glitch suppression
           Scheduled event for delayed signal of net "D" at time 787295306 PS was canceled!
            File: /pdk/tsmc/PDK28/PDK_TSMC28_bv/tcbn28hpcplusbwp30p140_190a/TSMCHOME/digital/Front_End/verilog/tcbn28hpcplusbwp30p140_110a/tcbn28hpcplusbwp30p140.v, line = 6576
           Scope: :DUT.\reg_bias_value_reg[28] 
            Time: 787295297 PS

Warning!  Glitch suppression
           Scheduled event for delayed signal of net "D" at time 787295306 PS was canceled!
            File: /pdk/tsmc/PDK28/PDK_TSMC28_bv/tcbn28hpcplusbwp30p140_190a/TSMCHOME/digital/Front_End/verilog/tcbn28hpcplusbwp30p140_110a/tcbn28hpcplusbwp30p140.v, line = 6576
           Scope: :DUT.\reg_bias_value_reg[29] 
            Time: 787295297 PS

Warning!  Glitch suppression
           Scheduled event for delayed signal of net "D" at time 787295306 PS was canceled!
            File: /pdk/tsmc/PDK28/PDK_TSMC28_bv/tcbn28hpcplusbwp30p140_190a/TSMCHOME/digital/Front_End/verilog/tcbn28hpcplusbwp30p140_110a/tcbn28hpcplusbwp30p140.v, line = 6576
           Scope: :DUT.\reg_bias_value_reg[30] 
            Time: 787295297 PS

Warning!  Glitch suppression
           Scheduled event for delayed signal of net "D" at time 787295306 PS was canceled!
            File: /pdk/tsmc/PDK28/PDK_TSMC28_bv/tcbn28hpcplusbwp30p140_190a/TSMCHOME/digital/Front_End/verilog/tcbn28hpcplusbwp30p140_110a/tcbn28hpcplusbwp30p140.v, line = 6576
           Scope: :DUT.\reg_bias_value_reg[31] 
            Time: 787295297 PS

Warning!  Glitch suppression
           Scheduled event for delayed signal of net "D" at time 813515282 PS was canceled!
            File: /pdk/tsmc/PDK28/PDK_TSMC28_bv/tcbn28hpcplusbwp30p140_190a/TSMCHOME/digital/Front_End/verilog/tcbn28hpcplusbwp30p140_110a/tcbn28hpcplusbwp30p140.v, line = 6576
           Scope: :DUT.\reg_bias_value_reg[1] 
            Time: 813515270 PS

Warning!  Glitch suppression
           Scheduled event for delayed signal of net "D" at time 813515282 PS was canceled!
            File: /pdk/tsmc/PDK28/PDK_TSMC28_bv/tcbn28hpcplusbwp30p140_190a/TSMCHOME/digital/Front_End/verilog/tcbn28hpcplusbwp30p140_110a/tcbn28hpcplusbwp30p140.v, line = 6576
           Scope: :DUT.\reg_bias_value_reg[2] 
            Time: 813515270 PS

Warning!  Glitch suppression
           Scheduled event for delayed signal of net "D" at time 813515282 PS was canceled!
            File: /pdk/tsmc/PDK28/PDK_TSMC28_bv/tcbn28hpcplusbwp30p140_190a/TSMCHOME/digital/Front_End/verilog/tcbn28hpcplusbwp30p140_110a/tcbn28hpcplusbwp30p140.v, line = 6576
           Scope: :DUT.\reg_bias_value_reg[3] 
            Time: 813515270 PS

Warning!  Glitch suppression
           Scheduled event for delayed signal of net "D" at time 813515282 PS was canceled!
            File: /pdk/tsmc/PDK28/PDK_TSMC28_bv/tcbn28hpcplusbwp30p140_190a/TSMCHOME/digital/Front_End/verilog/tcbn28hpcplusbwp30p140_110a/tcbn28hpcplusbwp30p140.v, line = 6576
           Scope: :DUT.\reg_bias_value_reg[5] 
            Time: 813515270 PS

Warning!  Glitch suppression
           Scheduled event for delayed signal of net "D" at time 813515282 PS was canceled!
            File: /pdk/tsmc/PDK28/PDK_TSMC28_bv/tcbn28hpcplusbwp30p140_190a/TSMCHOME/digital/Front_End/verilog/tcbn28hpcplusbwp30p140_110a/tcbn28hpcplusbwp30p140.v, line = 6576
           Scope: :DUT.\reg_bias_value_reg[9] 
            Time: 813515270 PS

Warning!  Glitch suppression
           Scheduled event for delayed signal of net "D" at time 813515282 PS was canceled!
            File: /pdk/tsmc/PDK28/PDK_TSMC28_bv/tcbn28hpcplusbwp30p140_190a/TSMCHOME/digital/Front_End/verilog/tcbn28hpcplusbwp30p140_110a/tcbn28hpcplusbwp30p140.v, line = 6576
           Scope: :DUT.\reg_bias_value_reg[10] 
            Time: 813515270 PS

Warning!  Glitch suppression
           Scheduled event for delayed signal of net "D" at time 813515282 PS was canceled!
            File: /pdk/tsmc/PDK28/PDK_TSMC28_bv/tcbn28hpcplusbwp30p140_190a/TSMCHOME/digital/Front_End/verilog/tcbn28hpcplusbwp30p140_110a/tcbn28hpcplusbwp30p140.v, line = 6576
           Scope: :DUT.\reg_bias_value_reg[11] 
            Time: 813515270 PS

Warning!  Glitch suppression
           Scheduled event for delayed signal of net "D" at time 813515282 PS was canceled!
            File: /pdk/tsmc/PDK28/PDK_TSMC28_bv/tcbn28hpcplusbwp30p140_190a/TSMCHOME/digital/Front_End/verilog/tcbn28hpcplusbwp30p140_110a/tcbn28hpcplusbwp30p140.v, line = 6576
           Scope: :DUT.\reg_bias_value_reg[12] 
            Time: 813515270 PS

Warning!  Glitch suppression
           Scheduled event for delayed signal of net "D" at time 813515282 PS was canceled!
            File: /pdk/tsmc/PDK28/PDK_TSMC28_bv/tcbn28hpcplusbwp30p140_190a/TSMCHOME/digital/Front_End/verilog/tcbn28hpcplusbwp30p140_110a/tcbn28hpcplusbwp30p140.v, line = 6576
           Scope: :DUT.\reg_bias_value_reg[13] 
            Time: 813515270 PS

Warning!  Glitch suppression
           Scheduled event for delayed signal of net "D" at time 813515282 PS was canceled!
            File: /pdk/tsmc/PDK28/PDK_TSMC28_bv/tcbn28hpcplusbwp30p140_190a/TSMCHOME/digital/Front_End/verilog/tcbn28hpcplusbwp30p140_110a/tcbn28hpcplusbwp30p140.v, line = 6576
           Scope: :DUT.\reg_bias_value_reg[14] 
            Time: 813515270 PS

Warning!  Glitch suppression
           Scheduled event for delayed signal of net "D" at time 813515282 PS was canceled!
            File: /pdk/tsmc/PDK28/PDK_TSMC28_bv/tcbn28hpcplusbwp30p140_190a/TSMCHOME/digital/Front_End/verilog/tcbn28hpcplusbwp30p140_110a/tcbn28hpcplusbwp30p140.v, line = 6576
           Scope: :DUT.\reg_bias_value_reg[15] 
            Time: 813515270 PS

Warning!  Glitch suppression
           Scheduled event for delayed signal of net "D" at time 813515279 PS was canceled!
            File: /pdk/tsmc/PDK28/PDK_TSMC28_bv/tcbn28hpcplusbwp30p140_190a/TSMCHOME/digital/Front_End/verilog/tcbn28hpcplusbwp30p140_110a/tcbn28hpcplusbwp30p140.v, line = 6576
           Scope: :DUT.\reg_bias_value_reg[16] 
            Time: 813515270 PS

Warning!  Glitch suppression
           Scheduled event for delayed signal of net "D" at time 813515279 PS was canceled!
            File: /pdk/tsmc/PDK28/PDK_TSMC28_bv/tcbn28hpcplusbwp30p140_190a/TSMCHOME/digital/Front_End/verilog/tcbn28hpcplusbwp30p140_110a/tcbn28hpcplusbwp30p140.v, line = 6576
           Scope: :DUT.\reg_bias_value_reg[17] 
            Time: 813515270 PS

Warning!  Glitch suppression
           Scheduled event for delayed signal of net "D" at time 813515279 PS was canceled!
            File: /pdk/tsmc/PDK28/PDK_TSMC28_bv/tcbn28hpcplusbwp30p140_190a/TSMCHOME/digital/Front_End/verilog/tcbn28hpcplusbwp30p140_110a/tcbn28hpcplusbwp30p140.v, line = 6576
           Scope: :DUT.\reg_bias_value_reg[18] 
            Time: 813515270 PS

Warning!  Glitch suppression
           Scheduled event for delayed signal of net "D" at time 813515279 PS was canceled!
            File: /pdk/tsmc/PDK28/PDK_TSMC28_bv/tcbn28hpcplusbwp30p140_190a/TSMCHOME/digital/Front_End/verilog/tcbn28hpcplusbwp30p140_110a/tcbn28hpcplusbwp30p140.v, line = 6576
           Scope: :DUT.\reg_bias_value_reg[19] 
            Time: 813515270 PS

Warning!  Glitch suppression
           Scheduled event for delayed signal of net "D" at time 813515279 PS was canceled!
            File: /pdk/tsmc/PDK28/PDK_TSMC28_bv/tcbn28hpcplusbwp30p140_190a/TSMCHOME/digital/Front_End/verilog/tcbn28hpcplusbwp30p140_110a/tcbn28hpcplusbwp30p140.v, line = 6576
           Scope: :DUT.\reg_bias_value_reg[20] 
            Time: 813515270 PS

Warning!  Glitch suppression
           Scheduled event for delayed signal of net "D" at time 813515279 PS was canceled!
            File: /pdk/tsmc/PDK28/PDK_TSMC28_bv/tcbn28hpcplusbwp30p140_190a/TSMCHOME/digital/Front_End/verilog/tcbn28hpcplusbwp30p140_110a/tcbn28hpcplusbwp30p140.v, line = 6576
           Scope: :DUT.\reg_bias_value_reg[21] 
            Time: 813515270 PS

Warning!  Glitch suppression
           Scheduled event for delayed signal of net "D" at time 813515279 PS was canceled!
            File: /pdk/tsmc/PDK28/PDK_TSMC28_bv/tcbn28hpcplusbwp30p140_190a/TSMCHOME/digital/Front_End/verilog/tcbn28hpcplusbwp30p140_110a/tcbn28hpcplusbwp30p140.v, line = 6576
           Scope: :DUT.\reg_bias_value_reg[22] 
            Time: 813515270 PS

Warning!  Glitch suppression
           Scheduled event for delayed signal of net "D" at time 813515279 PS was canceled!
            File: /pdk/tsmc/PDK28/PDK_TSMC28_bv/tcbn28hpcplusbwp30p140_190a/TSMCHOME/digital/Front_End/verilog/tcbn28hpcplusbwp30p140_110a/tcbn28hpcplusbwp30p140.v, line = 6576
           Scope: :DUT.\reg_bias_value_reg[23] 
            Time: 813515270 PS

Warning!  Glitch suppression
           Scheduled event for delayed signal of net "D" at time 813515279 PS was canceled!
            File: /pdk/tsmc/PDK28/PDK_TSMC28_bv/tcbn28hpcplusbwp30p140_190a/TSMCHOME/digital/Front_End/verilog/tcbn28hpcplusbwp30p140_110a/tcbn28hpcplusbwp30p140.v, line = 6576
           Scope: :DUT.\reg_bias_value_reg[24] 
            Time: 813515270 PS

Warning!  Glitch suppression
           Scheduled event for delayed signal of net "D" at time 813515279 PS was canceled!
            File: /pdk/tsmc/PDK28/PDK_TSMC28_bv/tcbn28hpcplusbwp30p140_190a/TSMCHOME/digital/Front_End/verilog/tcbn28hpcplusbwp30p140_110a/tcbn28hpcplusbwp30p140.v, line = 6576
           Scope: :DUT.\reg_bias_value_reg[25] 
            Time: 813515270 PS

Warning!  Glitch suppression
           Scheduled event for delayed signal of net "D" at time 813515279 PS was canceled!
            File: /pdk/tsmc/PDK28/PDK_TSMC28_bv/tcbn28hpcplusbwp30p140_190a/TSMCHOME/digital/Front_End/verilog/tcbn28hpcplusbwp30p140_110a/tcbn28hpcplusbwp30p140.v, line = 6576
           Scope: :DUT.\reg_bias_value_reg[26] 
            Time: 813515270 PS

Warning!  Glitch suppression
           Scheduled event for delayed signal of net "D" at time 813515279 PS was canceled!
            File: /pdk/tsmc/PDK28/PDK_TSMC28_bv/tcbn28hpcplusbwp30p140_190a/TSMCHOME/digital/Front_End/verilog/tcbn28hpcplusbwp30p140_110a/tcbn28hpcplusbwp30p140.v, line = 6576
           Scope: :DUT.\reg_bias_value_reg[27] 
            Time: 813515270 PS

Warning!  Glitch suppression
           Scheduled event for delayed signal of net "D" at time 813515279 PS was canceled!
            File: /pdk/tsmc/PDK28/PDK_TSMC28_bv/tcbn28hpcplusbwp30p140_190a/TSMCHOME/digital/Front_End/verilog/tcbn28hpcplusbwp30p140_110a/tcbn28hpcplusbwp30p140.v, line = 6576
           Scope: :DUT.\reg_bias_value_reg[28] 
            Time: 813515270 PS

Warning!  Glitch suppression
           Scheduled event for delayed signal of net "D" at time 813515279 PS was canceled!
            File: /pdk/tsmc/PDK28/PDK_TSMC28_bv/tcbn28hpcplusbwp30p140_190a/TSMCHOME/digital/Front_End/verilog/tcbn28hpcplusbwp30p140_110a/tcbn28hpcplusbwp30p140.v, line = 6576
           Scope: :DUT.\reg_bias_value_reg[29] 
            Time: 813515270 PS

Warning!  Glitch suppression
           Scheduled event for delayed signal of net "D" at time 813515279 PS was canceled!
            File: /pdk/tsmc/PDK28/PDK_TSMC28_bv/tcbn28hpcplusbwp30p140_190a/TSMCHOME/digital/Front_End/verilog/tcbn28hpcplusbwp30p140_110a/tcbn28hpcplusbwp30p140.v, line = 6576
           Scope: :DUT.\reg_bias_value_reg[30] 
            Time: 813515270 PS

Warning!  Glitch suppression
           Scheduled event for delayed signal of net "D" at time 813515279 PS was canceled!
            File: /pdk/tsmc/PDK28/PDK_TSMC28_bv/tcbn28hpcplusbwp30p140_190a/TSMCHOME/digital/Front_End/verilog/tcbn28hpcplusbwp30p140_110a/tcbn28hpcplusbwp30p140.v, line = 6576
           Scope: :DUT.\reg_bias_value_reg[31] 
            Time: 813515270 PS

Warning!  Glitch suppression
           Scheduled event for delayed signal of net "D" at time 865975162 PS was canceled!
            File: /pdk/tsmc/PDK28/PDK_TSMC28_bv/tcbn28hpcplusbwp30p140_190a/TSMCHOME/digital/Front_End/verilog/tcbn28hpcplusbwp30p140_110a/tcbn28hpcplusbwp30p140.v, line = 6576
           Scope: :DUT.\reg_bias_value_reg[5] 
            Time: 865975150 PS

Warning!  Glitch suppression
           Scheduled event for delayed signal of net "D" at time 865975162 PS was canceled!
            File: /pdk/tsmc/PDK28/PDK_TSMC28_bv/tcbn28hpcplusbwp30p140_190a/TSMCHOME/digital/Front_End/verilog/tcbn28hpcplusbwp30p140_110a/tcbn28hpcplusbwp30p140.v, line = 6576
           Scope: :DUT.\reg_bias_value_reg[6] 
            Time: 865975150 PS

Warning!  Glitch suppression
           Scheduled event for delayed signal of net "D" at time 866015309 PS was canceled!
            File: /pdk/tsmc/PDK28/PDK_TSMC28_bv/tcbn28hpcplusbwp30p140_190a/TSMCHOME/digital/Front_End/verilog/tcbn28hpcplusbwp30p140_110a/tcbn28hpcplusbwp30p140.v, line = 6576
           Scope: :DUT.\reg_bias_value_reg[1] 
            Time: 866015297 PS

Warning!  Glitch suppression
           Scheduled event for delayed signal of net "D" at time 866015309 PS was canceled!
            File: /pdk/tsmc/PDK28/PDK_TSMC28_bv/tcbn28hpcplusbwp30p140_190a/TSMCHOME/digital/Front_End/verilog/tcbn28hpcplusbwp30p140_110a/tcbn28hpcplusbwp30p140.v, line = 6576
           Scope: :DUT.\reg_bias_value_reg[9] 
            Time: 866015297 PS

Warning!  Glitch suppression
           Scheduled event for delayed signal of net "D" at time 918465282 PS was canceled!
            File: /pdk/tsmc/PDK28/PDK_TSMC28_bv/tcbn28hpcplusbwp30p140_190a/TSMCHOME/digital/Front_End/verilog/tcbn28hpcplusbwp30p140_110a/tcbn28hpcplusbwp30p140.v, line = 6576
           Scope: :DUT.\reg_bias_value_reg[1] 
            Time: 918465270 PS

Warning!  Glitch suppression
           Scheduled event for delayed signal of net "D" at time 918465282 PS was canceled!
            File: /pdk/tsmc/PDK28/PDK_TSMC28_bv/tcbn28hpcplusbwp30p140_190a/TSMCHOME/digital/Front_End/verilog/tcbn28hpcplusbwp30p140_110a/tcbn28hpcplusbwp30p140.v, line = 6576
           Scope: :DUT.\reg_bias_value_reg[9] 
            Time: 918465270 PS

Warning!  Glitch suppression
           Scheduled event for delayed signal of net "D" at time 944695162 PS was canceled!
            File: /pdk/tsmc/PDK28/PDK_TSMC28_bv/tcbn28hpcplusbwp30p140_190a/TSMCHOME/digital/Front_End/verilog/tcbn28hpcplusbwp30p140_110a/tcbn28hpcplusbwp30p140.v, line = 6576
           Scope: :DUT.\reg_bias_value_reg[2] 
            Time: 944695150 PS

Warning!  Glitch suppression
           Scheduled event for delayed signal of net "D" at time 944695162 PS was canceled!
            File: /pdk/tsmc/PDK28/PDK_TSMC28_bv/tcbn28hpcplusbwp30p140_190a/TSMCHOME/digital/Front_End/verilog/tcbn28hpcplusbwp30p140_110a/tcbn28hpcplusbwp30p140.v, line = 6576
           Scope: :DUT.\reg_bias_value_reg[6] 
            Time: 944695150 PS

Warning!  Glitch suppression
           Scheduled event for delayed signal of net "D" at time 944735165 PS was canceled!
            File: /pdk/tsmc/PDK28/PDK_TSMC28_bv/tcbn28hpcplusbwp30p140_190a/TSMCHOME/digital/Front_End/verilog/tcbn28hpcplusbwp30p140_110a/tcbn28hpcplusbwp30p140.v, line = 6576
           Scope: :DUT.\reg_bias_value_reg[2] 
            Time: 944735153 PS

Warning!  Glitch suppression
           Scheduled event for delayed signal of net "D" at time 944735165 PS was canceled!
            File: /pdk/tsmc/PDK28/PDK_TSMC28_bv/tcbn28hpcplusbwp30p140_190a/TSMCHOME/digital/Front_End/verilog/tcbn28hpcplusbwp30p140_110a/tcbn28hpcplusbwp30p140.v, line = 6576
           Scope: :DUT.\reg_bias_value_reg[6] 
            Time: 944735153 PS

Warning!  Glitch suppression
           Scheduled event for delayed signal of net "D" at time 944735309 PS was canceled!
            File: /pdk/tsmc/PDK28/PDK_TSMC28_bv/tcbn28hpcplusbwp30p140_190a/TSMCHOME/digital/Front_End/verilog/tcbn28hpcplusbwp30p140_110a/tcbn28hpcplusbwp30p140.v, line = 6576
           Scope: :DUT.\reg_bias_value_reg[2] 
            Time: 944735297 PS

Warning!  Glitch suppression
           Scheduled event for delayed signal of net "D" at time 944735309 PS was canceled!
            File: /pdk/tsmc/PDK28/PDK_TSMC28_bv/tcbn28hpcplusbwp30p140_190a/TSMCHOME/digital/Front_End/verilog/tcbn28hpcplusbwp30p140_110a/tcbn28hpcplusbwp30p140.v, line = 6576
           Scope: :DUT.\reg_bias_value_reg[3] 
            Time: 944735297 PS

Warning!  Glitch suppression
           Scheduled event for delayed signal of net "D" at time 944735309 PS was canceled!
            File: /pdk/tsmc/PDK28/PDK_TSMC28_bv/tcbn28hpcplusbwp30p140_190a/TSMCHOME/digital/Front_End/verilog/tcbn28hpcplusbwp30p140_110a/tcbn28hpcplusbwp30p140.v, line = 6576
           Scope: :DUT.\reg_bias_value_reg[5] 
            Time: 944735297 PS

Warning!  Glitch suppression
           Scheduled event for delayed signal of net "D" at time 944735309 PS was canceled!
            File: /pdk/tsmc/PDK28/PDK_TSMC28_bv/tcbn28hpcplusbwp30p140_190a/TSMCHOME/digital/Front_End/verilog/tcbn28hpcplusbwp30p140_110a/tcbn28hpcplusbwp30p140.v, line = 6576
           Scope: :DUT.\reg_bias_value_reg[6] 
            Time: 944735297 PS

Warning!  Glitch suppression
           Scheduled event for delayed signal of net "D" at time 944735309 PS was canceled!
            File: /pdk/tsmc/PDK28/PDK_TSMC28_bv/tcbn28hpcplusbwp30p140_190a/TSMCHOME/digital/Front_End/verilog/tcbn28hpcplusbwp30p140_110a/tcbn28hpcplusbwp30p140.v, line = 6576
           Scope: :DUT.\reg_bias_value_reg[8] 
            Time: 944735297 PS

Warning!  Glitch suppression
           Scheduled event for delayed signal of net "D" at time 944735309 PS was canceled!
            File: /pdk/tsmc/PDK28/PDK_TSMC28_bv/tcbn28hpcplusbwp30p140_190a/TSMCHOME/digital/Front_End/verilog/tcbn28hpcplusbwp30p140_110a/tcbn28hpcplusbwp30p140.v, line = 6576
           Scope: :DUT.\reg_bias_value_reg[9] 
            Time: 944735297 PS

Warning!  Glitch suppression
           Scheduled event for delayed signal of net "D" at time 944735309 PS was canceled!
            File: /pdk/tsmc/PDK28/PDK_TSMC28_bv/tcbn28hpcplusbwp30p140_190a/TSMCHOME/digital/Front_End/verilog/tcbn28hpcplusbwp30p140_110a/tcbn28hpcplusbwp30p140.v, line = 6576
           Scope: :DUT.\reg_bias_value_reg[10] 
            Time: 944735297 PS

Warning!  Glitch suppression
           Scheduled event for delayed signal of net "D" at time 944735309 PS was canceled!
            File: /pdk/tsmc/PDK28/PDK_TSMC28_bv/tcbn28hpcplusbwp30p140_190a/TSMCHOME/digital/Front_End/verilog/tcbn28hpcplusbwp30p140_110a/tcbn28hpcplusbwp30p140.v, line = 6576
           Scope: :DUT.\reg_bias_value_reg[11] 
            Time: 944735297 PS

Warning!  Glitch suppression
           Scheduled event for delayed signal of net "D" at time 944735309 PS was canceled!
            File: /pdk/tsmc/PDK28/PDK_TSMC28_bv/tcbn28hpcplusbwp30p140_190a/TSMCHOME/digital/Front_End/verilog/tcbn28hpcplusbwp30p140_110a/tcbn28hpcplusbwp30p140.v, line = 6576
           Scope: :DUT.\reg_bias_value_reg[12] 
            Time: 944735297 PS

Warning!  Glitch suppression
           Scheduled event for delayed signal of net "D" at time 944735309 PS was canceled!
            File: /pdk/tsmc/PDK28/PDK_TSMC28_bv/tcbn28hpcplusbwp30p140_190a/TSMCHOME/digital/Front_End/verilog/tcbn28hpcplusbwp30p140_110a/tcbn28hpcplusbwp30p140.v, line = 6576
           Scope: :DUT.\reg_bias_value_reg[13] 
            Time: 944735297 PS

Warning!  Glitch suppression
           Scheduled event for delayed signal of net "D" at time 944735309 PS was canceled!
            File: /pdk/tsmc/PDK28/PDK_TSMC28_bv/tcbn28hpcplusbwp30p140_190a/TSMCHOME/digital/Front_End/verilog/tcbn28hpcplusbwp30p140_110a/tcbn28hpcplusbwp30p140.v, line = 6576
           Scope: :DUT.\reg_bias_value_reg[14] 
            Time: 944735297 PS

Warning!  Glitch suppression
           Scheduled event for delayed signal of net "D" at time 944735309 PS was canceled!
            File: /pdk/tsmc/PDK28/PDK_TSMC28_bv/tcbn28hpcplusbwp30p140_190a/TSMCHOME/digital/Front_End/verilog/tcbn28hpcplusbwp30p140_110a/tcbn28hpcplusbwp30p140.v, line = 6576
           Scope: :DUT.\reg_bias_value_reg[15] 
            Time: 944735297 PS

Warning!  Glitch suppression
           Scheduled event for delayed signal of net "D" at time 944735306 PS was canceled!
            File: /pdk/tsmc/PDK28/PDK_TSMC28_bv/tcbn28hpcplusbwp30p140_190a/TSMCHOME/digital/Front_End/verilog/tcbn28hpcplusbwp30p140_110a/tcbn28hpcplusbwp30p140.v, line = 6576
           Scope: :DUT.\reg_bias_value_reg[16] 
            Time: 944735297 PS

Warning!  Glitch suppression
           Scheduled event for delayed signal of net "D" at time 944735306 PS was canceled!
            File: /pdk/tsmc/PDK28/PDK_TSMC28_bv/tcbn28hpcplusbwp30p140_190a/TSMCHOME/digital/Front_End/verilog/tcbn28hpcplusbwp30p140_110a/tcbn28hpcplusbwp30p140.v, line = 6576
           Scope: :DUT.\reg_bias_value_reg[17] 
            Time: 944735297 PS

Warning!  Glitch suppression
           Scheduled event for delayed signal of net "D" at time 944735306 PS was canceled!
            File: /pdk/tsmc/PDK28/PDK_TSMC28_bv/tcbn28hpcplusbwp30p140_190a/TSMCHOME/digital/Front_End/verilog/tcbn28hpcplusbwp30p140_110a/tcbn28hpcplusbwp30p140.v, line = 6576
           Scope: :DUT.\reg_bias_value_reg[18] 
            Time: 944735297 PS

Warning!  Glitch suppression
           Scheduled event for delayed signal of net "D" at time 944735306 PS was canceled!
            File: /pdk/tsmc/PDK28/PDK_TSMC28_bv/tcbn28hpcplusbwp30p140_190a/TSMCHOME/digital/Front_End/verilog/tcbn28hpcplusbwp30p140_110a/tcbn28hpcplusbwp30p140.v, line = 6576
           Scope: :DUT.\reg_bias_value_reg[19] 
            Time: 944735297 PS

Warning!  Glitch suppression
           Scheduled event for delayed signal of net "D" at time 944735306 PS was canceled!
            File: /pdk/tsmc/PDK28/PDK_TSMC28_bv/tcbn28hpcplusbwp30p140_190a/TSMCHOME/digital/Front_End/verilog/tcbn28hpcplusbwp30p140_110a/tcbn28hpcplusbwp30p140.v, line = 6576
           Scope: :DUT.\reg_bias_value_reg[20] 
            Time: 944735297 PS

Warning!  Glitch suppression
           Scheduled event for delayed signal of net "D" at time 944735306 PS was canceled!
            File: /pdk/tsmc/PDK28/PDK_TSMC28_bv/tcbn28hpcplusbwp30p140_190a/TSMCHOME/digital/Front_End/verilog/tcbn28hpcplusbwp30p140_110a/tcbn28hpcplusbwp30p140.v, line = 6576
           Scope: :DUT.\reg_bias_value_reg[21] 
            Time: 944735297 PS

Warning!  Glitch suppression
           Scheduled event for delayed signal of net "D" at time 944735306 PS was canceled!
            File: /pdk/tsmc/PDK28/PDK_TSMC28_bv/tcbn28hpcplusbwp30p140_190a/TSMCHOME/digital/Front_End/verilog/tcbn28hpcplusbwp30p140_110a/tcbn28hpcplusbwp30p140.v, line = 6576
           Scope: :DUT.\reg_bias_value_reg[22] 
            Time: 944735297 PS

Warning!  Glitch suppression
           Scheduled event for delayed signal of net "D" at time 944735306 PS was canceled!
            File: /pdk/tsmc/PDK28/PDK_TSMC28_bv/tcbn28hpcplusbwp30p140_190a/TSMCHOME/digital/Front_End/verilog/tcbn28hpcplusbwp30p140_110a/tcbn28hpcplusbwp30p140.v, line = 6576
           Scope: :DUT.\reg_bias_value_reg[23] 
            Time: 944735297 PS

Warning!  Glitch suppression
           Scheduled event for delayed signal of net "D" at time 944735306 PS was canceled!
            File: /pdk/tsmc/PDK28/PDK_TSMC28_bv/tcbn28hpcplusbwp30p140_190a/TSMCHOME/digital/Front_End/verilog/tcbn28hpcplusbwp30p140_110a/tcbn28hpcplusbwp30p140.v, line = 6576
           Scope: :DUT.\reg_bias_value_reg[24] 
            Time: 944735297 PS

Warning!  Glitch suppression
           Scheduled event for delayed signal of net "D" at time 944735306 PS was canceled!
            File: /pdk/tsmc/PDK28/PDK_TSMC28_bv/tcbn28hpcplusbwp30p140_190a/TSMCHOME/digital/Front_End/verilog/tcbn28hpcplusbwp30p140_110a/tcbn28hpcplusbwp30p140.v, line = 6576
           Scope: :DUT.\reg_bias_value_reg[25] 
            Time: 944735297 PS

Warning!  Glitch suppression
           Scheduled event for delayed signal of net "D" at time 944735306 PS was canceled!
            File: /pdk/tsmc/PDK28/PDK_TSMC28_bv/tcbn28hpcplusbwp30p140_190a/TSMCHOME/digital/Front_End/verilog/tcbn28hpcplusbwp30p140_110a/tcbn28hpcplusbwp30p140.v, line = 6576
           Scope: :DUT.\reg_bias_value_reg[26] 
            Time: 944735297 PS

Warning!  Glitch suppression
           Scheduled event for delayed signal of net "D" at time 944735306 PS was canceled!
            File: /pdk/tsmc/PDK28/PDK_TSMC28_bv/tcbn28hpcplusbwp30p140_190a/TSMCHOME/digital/Front_End/verilog/tcbn28hpcplusbwp30p140_110a/tcbn28hpcplusbwp30p140.v, line = 6576
           Scope: :DUT.\reg_bias_value_reg[27] 
            Time: 944735297 PS

Warning!  Glitch suppression
           Scheduled event for delayed signal of net "D" at time 944735306 PS was canceled!
            File: /pdk/tsmc/PDK28/PDK_TSMC28_bv/tcbn28hpcplusbwp30p140_190a/TSMCHOME/digital/Front_End/verilog/tcbn28hpcplusbwp30p140_110a/tcbn28hpcplusbwp30p140.v, line = 6576
           Scope: :DUT.\reg_bias_value_reg[28] 
            Time: 944735297 PS

Warning!  Glitch suppression
           Scheduled event for delayed signal of net "D" at time 944735306 PS was canceled!
            File: /pdk/tsmc/PDK28/PDK_TSMC28_bv/tcbn28hpcplusbwp30p140_190a/TSMCHOME/digital/Front_End/verilog/tcbn28hpcplusbwp30p140_110a/tcbn28hpcplusbwp30p140.v, line = 6576
           Scope: :DUT.\reg_bias_value_reg[29] 
            Time: 944735297 PS

Warning!  Glitch suppression
           Scheduled event for delayed signal of net "D" at time 944735306 PS was canceled!
            File: /pdk/tsmc/PDK28/PDK_TSMC28_bv/tcbn28hpcplusbwp30p140_190a/TSMCHOME/digital/Front_End/verilog/tcbn28hpcplusbwp30p140_110a/tcbn28hpcplusbwp30p140.v, line = 6576
           Scope: :DUT.\reg_bias_value_reg[30] 
            Time: 944735297 PS

Warning!  Glitch suppression
           Scheduled event for delayed signal of net "D" at time 944735306 PS was canceled!
            File: /pdk/tsmc/PDK28/PDK_TSMC28_bv/tcbn28hpcplusbwp30p140_190a/TSMCHOME/digital/Front_End/verilog/tcbn28hpcplusbwp30p140_110a/tcbn28hpcplusbwp30p140.v, line = 6576
           Scope: :DUT.\reg_bias_value_reg[31] 
            Time: 944735297 PS

Warning!  Glitch suppression
           Scheduled event for delayed signal of net "D" at time 970955282 PS was canceled!
            File: /pdk/tsmc/PDK28/PDK_TSMC28_bv/tcbn28hpcplusbwp30p140_190a/TSMCHOME/digital/Front_End/verilog/tcbn28hpcplusbwp30p140_110a/tcbn28hpcplusbwp30p140.v, line = 6576
           Scope: :DUT.\reg_bias_value_reg[1] 
            Time: 970955270 PS

Warning!  Glitch suppression
           Scheduled event for delayed signal of net "D" at time 970955282 PS was canceled!
            File: /pdk/tsmc/PDK28/PDK_TSMC28_bv/tcbn28hpcplusbwp30p140_190a/TSMCHOME/digital/Front_End/verilog/tcbn28hpcplusbwp30p140_110a/tcbn28hpcplusbwp30p140.v, line = 6576
           Scope: :DUT.\reg_bias_value_reg[2] 
            Time: 970955270 PS

Warning!  Glitch suppression
           Scheduled event for delayed signal of net "D" at time 970955282 PS was canceled!
            File: /pdk/tsmc/PDK28/PDK_TSMC28_bv/tcbn28hpcplusbwp30p140_190a/TSMCHOME/digital/Front_End/verilog/tcbn28hpcplusbwp30p140_110a/tcbn28hpcplusbwp30p140.v, line = 6576
           Scope: :DUT.\reg_bias_value_reg[3] 
            Time: 970955270 PS

Warning!  Glitch suppression
           Scheduled event for delayed signal of net "D" at time 970955282 PS was canceled!
            File: /pdk/tsmc/PDK28/PDK_TSMC28_bv/tcbn28hpcplusbwp30p140_190a/TSMCHOME/digital/Front_End/verilog/tcbn28hpcplusbwp30p140_110a/tcbn28hpcplusbwp30p140.v, line = 6576
           Scope: :DUT.\reg_bias_value_reg[6] 
            Time: 970955270 PS

Warning!  Glitch suppression
           Scheduled event for delayed signal of net "D" at time 970955282 PS was canceled!
            File: /pdk/tsmc/PDK28/PDK_TSMC28_bv/tcbn28hpcplusbwp30p140_190a/TSMCHOME/digital/Front_End/verilog/tcbn28hpcplusbwp30p140_110a/tcbn28hpcplusbwp30p140.v, line = 6576
           Scope: :DUT.\reg_bias_value_reg[8] 
            Time: 970955270 PS

Warning!  Glitch suppression
           Scheduled event for delayed signal of net "D" at time 970955282 PS was canceled!
            File: /pdk/tsmc/PDK28/PDK_TSMC28_bv/tcbn28hpcplusbwp30p140_190a/TSMCHOME/digital/Front_End/verilog/tcbn28hpcplusbwp30p140_110a/tcbn28hpcplusbwp30p140.v, line = 6576
           Scope: :DUT.\reg_bias_value_reg[9] 
            Time: 970955270 PS

Warning!  Glitch suppression
           Scheduled event for delayed signal of net "D" at time 997185282 PS was canceled!
            File: /pdk/tsmc/PDK28/PDK_TSMC28_bv/tcbn28hpcplusbwp30p140_190a/TSMCHOME/digital/Front_End/verilog/tcbn28hpcplusbwp30p140_110a/tcbn28hpcplusbwp30p140.v, line = 6576
           Scope: :DUT.\reg_bias_value_reg[2] 
            Time: 997185270 PS

Warning!  Glitch suppression
           Scheduled event for delayed signal of net "D" at time 997185282 PS was canceled!
            File: /pdk/tsmc/PDK28/PDK_TSMC28_bv/tcbn28hpcplusbwp30p140_190a/TSMCHOME/digital/Front_End/verilog/tcbn28hpcplusbwp30p140_110a/tcbn28hpcplusbwp30p140.v, line = 6576
           Scope: :DUT.\reg_bias_value_reg[3] 
            Time: 997185270 PS

Warning!  Glitch suppression
           Scheduled event for delayed signal of net "D" at time 997185282 PS was canceled!
            File: /pdk/tsmc/PDK28/PDK_TSMC28_bv/tcbn28hpcplusbwp30p140_190a/TSMCHOME/digital/Front_End/verilog/tcbn28hpcplusbwp30p140_110a/tcbn28hpcplusbwp30p140.v, line = 6576
           Scope: :DUT.\reg_bias_value_reg[5] 
            Time: 997185270 PS

Warning!  Glitch suppression
           Scheduled event for delayed signal of net "D" at time 997185282 PS was canceled!
            File: /pdk/tsmc/PDK28/PDK_TSMC28_bv/tcbn28hpcplusbwp30p140_190a/TSMCHOME/digital/Front_End/verilog/tcbn28hpcplusbwp30p140_110a/tcbn28hpcplusbwp30p140.v, line = 6576
           Scope: :DUT.\reg_bias_value_reg[6] 
            Time: 997185270 PS

Warning!  Glitch suppression
           Scheduled event for delayed signal of net "D" at time 997185282 PS was canceled!
            File: /pdk/tsmc/PDK28/PDK_TSMC28_bv/tcbn28hpcplusbwp30p140_190a/TSMCHOME/digital/Front_End/verilog/tcbn28hpcplusbwp30p140_110a/tcbn28hpcplusbwp30p140.v, line = 6576
           Scope: :DUT.\reg_bias_value_reg[8] 
            Time: 997185270 PS

Warning!  Glitch suppression
           Scheduled event for delayed signal of net "D" at time 997185282 PS was canceled!
            File: /pdk/tsmc/PDK28/PDK_TSMC28_bv/tcbn28hpcplusbwp30p140_190a/TSMCHOME/digital/Front_End/verilog/tcbn28hpcplusbwp30p140_110a/tcbn28hpcplusbwp30p140.v, line = 6576
           Scope: :DUT.\reg_bias_value_reg[9] 
            Time: 997185270 PS

Warning!  Glitch suppression
           Scheduled event for delayed signal of net "D" at time 997185282 PS was canceled!
            File: /pdk/tsmc/PDK28/PDK_TSMC28_bv/tcbn28hpcplusbwp30p140_190a/TSMCHOME/digital/Front_End/verilog/tcbn28hpcplusbwp30p140_110a/tcbn28hpcplusbwp30p140.v, line = 6576
           Scope: :DUT.\reg_bias_value_reg[10] 
            Time: 997185270 PS

Warning!  Glitch suppression
           Scheduled event for delayed signal of net "D" at time 997185282 PS was canceled!
            File: /pdk/tsmc/PDK28/PDK_TSMC28_bv/tcbn28hpcplusbwp30p140_190a/TSMCHOME/digital/Front_End/verilog/tcbn28hpcplusbwp30p140_110a/tcbn28hpcplusbwp30p140.v, line = 6576
           Scope: :DUT.\reg_bias_value_reg[11] 
            Time: 997185270 PS

Warning!  Glitch suppression
           Scheduled event for delayed signal of net "D" at time 997185282 PS was canceled!
            File: /pdk/tsmc/PDK28/PDK_TSMC28_bv/tcbn28hpcplusbwp30p140_190a/TSMCHOME/digital/Front_End/verilog/tcbn28hpcplusbwp30p140_110a/tcbn28hpcplusbwp30p140.v, line = 6576
           Scope: :DUT.\reg_bias_value_reg[12] 
            Time: 997185270 PS

Warning!  Glitch suppression
           Scheduled event for delayed signal of net "D" at time 997185282 PS was canceled!
            File: /pdk/tsmc/PDK28/PDK_TSMC28_bv/tcbn28hpcplusbwp30p140_190a/TSMCHOME/digital/Front_End/verilog/tcbn28hpcplusbwp30p140_110a/tcbn28hpcplusbwp30p140.v, line = 6576
           Scope: :DUT.\reg_bias_value_reg[13] 
            Time: 997185270 PS

Warning!  Glitch suppression
           Scheduled event for delayed signal of net "D" at time 997185282 PS was canceled!
            File: /pdk/tsmc/PDK28/PDK_TSMC28_bv/tcbn28hpcplusbwp30p140_190a/TSMCHOME/digital/Front_End/verilog/tcbn28hpcplusbwp30p140_110a/tcbn28hpcplusbwp30p140.v, line = 6576
           Scope: :DUT.\reg_bias_value_reg[14] 
            Time: 997185270 PS

Warning!  Glitch suppression
           Scheduled event for delayed signal of net "D" at time 997185282 PS was canceled!
            File: /pdk/tsmc/PDK28/PDK_TSMC28_bv/tcbn28hpcplusbwp30p140_190a/TSMCHOME/digital/Front_End/verilog/tcbn28hpcplusbwp30p140_110a/tcbn28hpcplusbwp30p140.v, line = 6576
           Scope: :DUT.\reg_bias_value_reg[15] 
            Time: 997185270 PS

Warning!  Glitch suppression
           Scheduled event for delayed signal of net "D" at time 997185279 PS was canceled!
            File: /pdk/tsmc/PDK28/PDK_TSMC28_bv/tcbn28hpcplusbwp30p140_190a/TSMCHOME/digital/Front_End/verilog/tcbn28hpcplusbwp30p140_110a/tcbn28hpcplusbwp30p140.v, line = 6576
           Scope: :DUT.\reg_bias_value_reg[16] 
            Time: 997185270 PS

Warning!  Glitch suppression
           Scheduled event for delayed signal of net "D" at time 997185279 PS was canceled!
            File: /pdk/tsmc/PDK28/PDK_TSMC28_bv/tcbn28hpcplusbwp30p140_190a/TSMCHOME/digital/Front_End/verilog/tcbn28hpcplusbwp30p140_110a/tcbn28hpcplusbwp30p140.v, line = 6576
           Scope: :DUT.\reg_bias_value_reg[17] 
            Time: 997185270 PS

Warning!  Glitch suppression
           Scheduled event for delayed signal of net "D" at time 997185279 PS was canceled!
            File: /pdk/tsmc/PDK28/PDK_TSMC28_bv/tcbn28hpcplusbwp30p140_190a/TSMCHOME/digital/Front_End/verilog/tcbn28hpcplusbwp30p140_110a/tcbn28hpcplusbwp30p140.v, line = 6576
           Scope: :DUT.\reg_bias_value_reg[18] 
            Time: 997185270 PS

Warning!  Glitch suppression
           Scheduled event for delayed signal of net "D" at time 997185279 PS was canceled!
            File: /pdk/tsmc/PDK28/PDK_TSMC28_bv/tcbn28hpcplusbwp30p140_190a/TSMCHOME/digital/Front_End/verilog/tcbn28hpcplusbwp30p140_110a/tcbn28hpcplusbwp30p140.v, line = 6576
           Scope: :DUT.\reg_bias_value_reg[19] 
            Time: 997185270 PS

Warning!  Glitch suppression
           Scheduled event for delayed signal of net "D" at time 997185279 PS was canceled!
            File: /pdk/tsmc/PDK28/PDK_TSMC28_bv/tcbn28hpcplusbwp30p140_190a/TSMCHOME/digital/Front_End/verilog/tcbn28hpcplusbwp30p140_110a/tcbn28hpcplusbwp30p140.v, line = 6576
           Scope: :DUT.\reg_bias_value_reg[20] 
            Time: 997185270 PS

Warning!  Glitch suppression
           Scheduled event for delayed signal of net "D" at time 997185279 PS was canceled!
            File: /pdk/tsmc/PDK28/PDK_TSMC28_bv/tcbn28hpcplusbwp30p140_190a/TSMCHOME/digital/Front_End/verilog/tcbn28hpcplusbwp30p140_110a/tcbn28hpcplusbwp30p140.v, line = 6576
           Scope: :DUT.\reg_bias_value_reg[21] 
            Time: 997185270 PS

Warning!  Glitch suppression
           Scheduled event for delayed signal of net "D" at time 997185279 PS was canceled!
            File: /pdk/tsmc/PDK28/PDK_TSMC28_bv/tcbn28hpcplusbwp30p140_190a/TSMCHOME/digital/Front_End/verilog/tcbn28hpcplusbwp30p140_110a/tcbn28hpcplusbwp30p140.v, line = 6576
           Scope: :DUT.\reg_bias_value_reg[22] 
            Time: 997185270 PS

Warning!  Glitch suppression
           Scheduled event for delayed signal of net "D" at time 997185279 PS was canceled!
            File: /pdk/tsmc/PDK28/PDK_TSMC28_bv/tcbn28hpcplusbwp30p140_190a/TSMCHOME/digital/Front_End/verilog/tcbn28hpcplusbwp30p140_110a/tcbn28hpcplusbwp30p140.v, line = 6576
           Scope: :DUT.\reg_bias_value_reg[23] 
            Time: 997185270 PS

Warning!  Glitch suppression
           Scheduled event for delayed signal of net "D" at time 997185279 PS was canceled!
            File: /pdk/tsmc/PDK28/PDK_TSMC28_bv/tcbn28hpcplusbwp30p140_190a/TSMCHOME/digital/Front_End/verilog/tcbn28hpcplusbwp30p140_110a/tcbn28hpcplusbwp30p140.v, line = 6576
           Scope: :DUT.\reg_bias_value_reg[24] 
            Time: 997185270 PS

Warning!  Glitch suppression
           Scheduled event for delayed signal of net "D" at time 997185279 PS was canceled!
            File: /pdk/tsmc/PDK28/PDK_TSMC28_bv/tcbn28hpcplusbwp30p140_190a/TSMCHOME/digital/Front_End/verilog/tcbn28hpcplusbwp30p140_110a/tcbn28hpcplusbwp30p140.v, line = 6576
           Scope: :DUT.\reg_bias_value_reg[25] 
            Time: 997185270 PS

Warning!  Glitch suppression
           Scheduled event for delayed signal of net "D" at time 997185279 PS was canceled!
            File: /pdk/tsmc/PDK28/PDK_TSMC28_bv/tcbn28hpcplusbwp30p140_190a/TSMCHOME/digital/Front_End/verilog/tcbn28hpcplusbwp30p140_110a/tcbn28hpcplusbwp30p140.v, line = 6576
           Scope: :DUT.\reg_bias_value_reg[26] 
            Time: 997185270 PS

Warning!  Glitch suppression
           Scheduled event for delayed signal of net "D" at time 997185279 PS was canceled!
            File: /pdk/tsmc/PDK28/PDK_TSMC28_bv/tcbn28hpcplusbwp30p140_190a/TSMCHOME/digital/Front_End/verilog/tcbn28hpcplusbwp30p140_110a/tcbn28hpcplusbwp30p140.v, line = 6576
           Scope: :DUT.\reg_bias_value_reg[27] 
            Time: 997185270 PS

Warning!  Glitch suppression
           Scheduled event for delayed signal of net "D" at time 997185279 PS was canceled!
            File: /pdk/tsmc/PDK28/PDK_TSMC28_bv/tcbn28hpcplusbwp30p140_190a/TSMCHOME/digital/Front_End/verilog/tcbn28hpcplusbwp30p140_110a/tcbn28hpcplusbwp30p140.v, line = 6576
           Scope: :DUT.\reg_bias_value_reg[28] 
            Time: 997185270 PS

Warning!  Glitch suppression
           Scheduled event for delayed signal of net "D" at time 997185279 PS was canceled!
            File: /pdk/tsmc/PDK28/PDK_TSMC28_bv/tcbn28hpcplusbwp30p140_190a/TSMCHOME/digital/Front_End/verilog/tcbn28hpcplusbwp30p140_110a/tcbn28hpcplusbwp30p140.v, line = 6576
           Scope: :DUT.\reg_bias_value_reg[29] 
            Time: 997185270 PS

Warning!  Glitch suppression
           Scheduled event for delayed signal of net "D" at time 997185279 PS was canceled!
            File: /pdk/tsmc/PDK28/PDK_TSMC28_bv/tcbn28hpcplusbwp30p140_190a/TSMCHOME/digital/Front_End/verilog/tcbn28hpcplusbwp30p140_110a/tcbn28hpcplusbwp30p140.v, line = 6576
           Scope: :DUT.\reg_bias_value_reg[30] 
            Time: 997185270 PS

Warning!  Glitch suppression
           Scheduled event for delayed signal of net "D" at time 997185279 PS was canceled!
            File: /pdk/tsmc/PDK28/PDK_TSMC28_bv/tcbn28hpcplusbwp30p140_190a/TSMCHOME/digital/Front_End/verilog/tcbn28hpcplusbwp30p140_110a/tcbn28hpcplusbwp30p140.v, line = 6576
           Scope: :DUT.\reg_bias_value_reg[31] 
            Time: 997185270 PS

Warning!  Glitch suppression
           Scheduled event for delayed signal of net "D" at time 1023455309 PS was canceled!
            File: /pdk/tsmc/PDK28/PDK_TSMC28_bv/tcbn28hpcplusbwp30p140_190a/TSMCHOME/digital/Front_End/verilog/tcbn28hpcplusbwp30p140_110a/tcbn28hpcplusbwp30p140.v, line = 6576
           Scope: :DUT.\reg_bias_value_reg[1] 
            Time: 1023455297 PS

Warning!  Glitch suppression
           Scheduled event for delayed signal of net "D" at time 1023455309 PS was canceled!
            File: /pdk/tsmc/PDK28/PDK_TSMC28_bv/tcbn28hpcplusbwp30p140_190a/TSMCHOME/digital/Front_End/verilog/tcbn28hpcplusbwp30p140_110a/tcbn28hpcplusbwp30p140.v, line = 6576
           Scope: :DUT.\reg_bias_value_reg[2] 
            Time: 1023455297 PS

Warning!  Glitch suppression
           Scheduled event for delayed signal of net "D" at time 1023455309 PS was canceled!
            File: /pdk/tsmc/PDK28/PDK_TSMC28_bv/tcbn28hpcplusbwp30p140_190a/TSMCHOME/digital/Front_End/verilog/tcbn28hpcplusbwp30p140_110a/tcbn28hpcplusbwp30p140.v, line = 6576
           Scope: :DUT.\reg_bias_value_reg[3] 
            Time: 1023455297 PS

Warning!  Glitch suppression
           Scheduled event for delayed signal of net "D" at time 1023455309 PS was canceled!
            File: /pdk/tsmc/PDK28/PDK_TSMC28_bv/tcbn28hpcplusbwp30p140_190a/TSMCHOME/digital/Front_End/verilog/tcbn28hpcplusbwp30p140_110a/tcbn28hpcplusbwp30p140.v, line = 6576
           Scope: :DUT.\reg_bias_value_reg[4] 
            Time: 1023455297 PS

Warning!  Glitch suppression
           Scheduled event for delayed signal of net "D" at time 1023455309 PS was canceled!
            File: /pdk/tsmc/PDK28/PDK_TSMC28_bv/tcbn28hpcplusbwp30p140_190a/TSMCHOME/digital/Front_End/verilog/tcbn28hpcplusbwp30p140_110a/tcbn28hpcplusbwp30p140.v, line = 6576
           Scope: :DUT.\reg_bias_value_reg[5] 
            Time: 1023455297 PS

Warning!  Glitch suppression
           Scheduled event for delayed signal of net "D" at time 1023455309 PS was canceled!
            File: /pdk/tsmc/PDK28/PDK_TSMC28_bv/tcbn28hpcplusbwp30p140_190a/TSMCHOME/digital/Front_End/verilog/tcbn28hpcplusbwp30p140_110a/tcbn28hpcplusbwp30p140.v, line = 6576
           Scope: :DUT.\reg_bias_value_reg[6] 
            Time: 1023455297 PS

Warning!  Glitch suppression
           Scheduled event for delayed signal of net "D" at time 1023455309 PS was canceled!
            File: /pdk/tsmc/PDK28/PDK_TSMC28_bv/tcbn28hpcplusbwp30p140_190a/TSMCHOME/digital/Front_End/verilog/tcbn28hpcplusbwp30p140_110a/tcbn28hpcplusbwp30p140.v, line = 6576
           Scope: :DUT.\reg_bias_value_reg[9] 
            Time: 1023455297 PS

Warning!  Glitch suppression
           Scheduled event for delayed signal of net "D" at time 1023455309 PS was canceled!
            File: /pdk/tsmc/PDK28/PDK_TSMC28_bv/tcbn28hpcplusbwp30p140_190a/TSMCHOME/digital/Front_End/verilog/tcbn28hpcplusbwp30p140_110a/tcbn28hpcplusbwp30p140.v, line = 6576
           Scope: :DUT.\reg_bias_value_reg[10] 
            Time: 1023455297 PS

Warning!  Glitch suppression
           Scheduled event for delayed signal of net "D" at time 1023455309 PS was canceled!
            File: /pdk/tsmc/PDK28/PDK_TSMC28_bv/tcbn28hpcplusbwp30p140_190a/TSMCHOME/digital/Front_End/verilog/tcbn28hpcplusbwp30p140_110a/tcbn28hpcplusbwp30p140.v, line = 6576
           Scope: :DUT.\reg_bias_value_reg[11] 
            Time: 1023455297 PS

Warning!  Glitch suppression
           Scheduled event for delayed signal of net "D" at time 1023455309 PS was canceled!
            File: /pdk/tsmc/PDK28/PDK_TSMC28_bv/tcbn28hpcplusbwp30p140_190a/TSMCHOME/digital/Front_End/verilog/tcbn28hpcplusbwp30p140_110a/tcbn28hpcplusbwp30p140.v, line = 6576
           Scope: :DUT.\reg_bias_value_reg[12] 
            Time: 1023455297 PS

Warning!  Glitch suppression
           Scheduled event for delayed signal of net "D" at time 1023455309 PS was canceled!
            File: /pdk/tsmc/PDK28/PDK_TSMC28_bv/tcbn28hpcplusbwp30p140_190a/TSMCHOME/digital/Front_End/verilog/tcbn28hpcplusbwp30p140_110a/tcbn28hpcplusbwp30p140.v, line = 6576
           Scope: :DUT.\reg_bias_value_reg[13] 
            Time: 1023455297 PS

Warning!  Glitch suppression
           Scheduled event for delayed signal of net "D" at time 1023455309 PS was canceled!
            File: /pdk/tsmc/PDK28/PDK_TSMC28_bv/tcbn28hpcplusbwp30p140_190a/TSMCHOME/digital/Front_End/verilog/tcbn28hpcplusbwp30p140_110a/tcbn28hpcplusbwp30p140.v, line = 6576
           Scope: :DUT.\reg_bias_value_reg[14] 
            Time: 1023455297 PS

Warning!  Glitch suppression
           Scheduled event for delayed signal of net "D" at time 1023455309 PS was canceled!
            File: /pdk/tsmc/PDK28/PDK_TSMC28_bv/tcbn28hpcplusbwp30p140_190a/TSMCHOME/digital/Front_End/verilog/tcbn28hpcplusbwp30p140_110a/tcbn28hpcplusbwp30p140.v, line = 6576
           Scope: :DUT.\reg_bias_value_reg[15] 
            Time: 1023455297 PS

Warning!  Glitch suppression
           Scheduled event for delayed signal of net "D" at time 1023455306 PS was canceled!
            File: /pdk/tsmc/PDK28/PDK_TSMC28_bv/tcbn28hpcplusbwp30p140_190a/TSMCHOME/digital/Front_End/verilog/tcbn28hpcplusbwp30p140_110a/tcbn28hpcplusbwp30p140.v, line = 6576
           Scope: :DUT.\reg_bias_value_reg[16] 
            Time: 1023455297 PS

Warning!  Glitch suppression
           Scheduled event for delayed signal of net "D" at time 1023455306 PS was canceled!
            File: /pdk/tsmc/PDK28/PDK_TSMC28_bv/tcbn28hpcplusbwp30p140_190a/TSMCHOME/digital/Front_End/verilog/tcbn28hpcplusbwp30p140_110a/tcbn28hpcplusbwp30p140.v, line = 6576
           Scope: :DUT.\reg_bias_value_reg[17] 
            Time: 1023455297 PS

Warning!  Glitch suppression
           Scheduled event for delayed signal of net "D" at time 1023455306 PS was canceled!
            File: /pdk/tsmc/PDK28/PDK_TSMC28_bv/tcbn28hpcplusbwp30p140_190a/TSMCHOME/digital/Front_End/verilog/tcbn28hpcplusbwp30p140_110a/tcbn28hpcplusbwp30p140.v, line = 6576
           Scope: :DUT.\reg_bias_value_reg[18] 
            Time: 1023455297 PS

Warning!  Glitch suppression
           Scheduled event for delayed signal of net "D" at time 1023455306 PS was canceled!
            File: /pdk/tsmc/PDK28/PDK_TSMC28_bv/tcbn28hpcplusbwp30p140_190a/TSMCHOME/digital/Front_End/verilog/tcbn28hpcplusbwp30p140_110a/tcbn28hpcplusbwp30p140.v, line = 6576
           Scope: :DUT.\reg_bias_value_reg[19] 
            Time: 1023455297 PS

Warning!  Glitch suppression
           Scheduled event for delayed signal of net "D" at time 1023455306 PS was canceled!
            File: /pdk/tsmc/PDK28/PDK_TSMC28_bv/tcbn28hpcplusbwp30p140_190a/TSMCHOME/digital/Front_End/verilog/tcbn28hpcplusbwp30p140_110a/tcbn28hpcplusbwp30p140.v, line = 6576
           Scope: :DUT.\reg_bias_value_reg[20] 
            Time: 1023455297 PS

Warning!  Glitch suppression
           Scheduled event for delayed signal of net "D" at time 1023455306 PS was canceled!
            File: /pdk/tsmc/PDK28/PDK_TSMC28_bv/tcbn28hpcplusbwp30p140_190a/TSMCHOME/digital/Front_End/verilog/tcbn28hpcplusbwp30p140_110a/tcbn28hpcplusbwp30p140.v, line = 6576
           Scope: :DUT.\reg_bias_value_reg[21] 
            Time: 1023455297 PS

Warning!  Glitch suppression
           Scheduled event for delayed signal of net "D" at time 1023455306 PS was canceled!
            File: /pdk/tsmc/PDK28/PDK_TSMC28_bv/tcbn28hpcplusbwp30p140_190a/TSMCHOME/digital/Front_End/verilog/tcbn28hpcplusbwp30p140_110a/tcbn28hpcplusbwp30p140.v, line = 6576
           Scope: :DUT.\reg_bias_value_reg[22] 
            Time: 1023455297 PS

Warning!  Glitch suppression
           Scheduled event for delayed signal of net "D" at time 1023455306 PS was canceled!
            File: /pdk/tsmc/PDK28/PDK_TSMC28_bv/tcbn28hpcplusbwp30p140_190a/TSMCHOME/digital/Front_End/verilog/tcbn28hpcplusbwp30p140_110a/tcbn28hpcplusbwp30p140.v, line = 6576
           Scope: :DUT.\reg_bias_value_reg[23] 
            Time: 1023455297 PS

Warning!  Glitch suppression
           Scheduled event for delayed signal of net "D" at time 1023455306 PS was canceled!
            File: /pdk/tsmc/PDK28/PDK_TSMC28_bv/tcbn28hpcplusbwp30p140_190a/TSMCHOME/digital/Front_End/verilog/tcbn28hpcplusbwp30p140_110a/tcbn28hpcplusbwp30p140.v, line = 6576
           Scope: :DUT.\reg_bias_value_reg[24] 
            Time: 1023455297 PS

Warning!  Glitch suppression
           Scheduled event for delayed signal of net "D" at time 1023455306 PS was canceled!
            File: /pdk/tsmc/PDK28/PDK_TSMC28_bv/tcbn28hpcplusbwp30p140_190a/TSMCHOME/digital/Front_End/verilog/tcbn28hpcplusbwp30p140_110a/tcbn28hpcplusbwp30p140.v, line = 6576
           Scope: :DUT.\reg_bias_value_reg[25] 
            Time: 1023455297 PS

Warning!  Glitch suppression
           Scheduled event for delayed signal of net "D" at time 1023455306 PS was canceled!
            File: /pdk/tsmc/PDK28/PDK_TSMC28_bv/tcbn28hpcplusbwp30p140_190a/TSMCHOME/digital/Front_End/verilog/tcbn28hpcplusbwp30p140_110a/tcbn28hpcplusbwp30p140.v, line = 6576
           Scope: :DUT.\reg_bias_value_reg[26] 
            Time: 1023455297 PS

Warning!  Glitch suppression
           Scheduled event for delayed signal of net "D" at time 1023455306 PS was canceled!
            File: /pdk/tsmc/PDK28/PDK_TSMC28_bv/tcbn28hpcplusbwp30p140_190a/TSMCHOME/digital/Front_End/verilog/tcbn28hpcplusbwp30p140_110a/tcbn28hpcplusbwp30p140.v, line = 6576
           Scope: :DUT.\reg_bias_value_reg[27] 
            Time: 1023455297 PS

Warning!  Glitch suppression
           Scheduled event for delayed signal of net "D" at time 1023455306 PS was canceled!
            File: /pdk/tsmc/PDK28/PDK_TSMC28_bv/tcbn28hpcplusbwp30p140_190a/TSMCHOME/digital/Front_End/verilog/tcbn28hpcplusbwp30p140_110a/tcbn28hpcplusbwp30p140.v, line = 6576
           Scope: :DUT.\reg_bias_value_reg[28] 
            Time: 1023455297 PS

Warning!  Glitch suppression
           Scheduled event for delayed signal of net "D" at time 1023455306 PS was canceled!
            File: /pdk/tsmc/PDK28/PDK_TSMC28_bv/tcbn28hpcplusbwp30p140_190a/TSMCHOME/digital/Front_End/verilog/tcbn28hpcplusbwp30p140_110a/tcbn28hpcplusbwp30p140.v, line = 6576
           Scope: :DUT.\reg_bias_value_reg[29] 
            Time: 1023455297 PS

Warning!  Glitch suppression
           Scheduled event for delayed signal of net "D" at time 1023455306 PS was canceled!
            File: /pdk/tsmc/PDK28/PDK_TSMC28_bv/tcbn28hpcplusbwp30p140_190a/TSMCHOME/digital/Front_End/verilog/tcbn28hpcplusbwp30p140_110a/tcbn28hpcplusbwp30p140.v, line = 6576
           Scope: :DUT.\reg_bias_value_reg[30] 
            Time: 1023455297 PS

Warning!  Glitch suppression
           Scheduled event for delayed signal of net "D" at time 1023455306 PS was canceled!
            File: /pdk/tsmc/PDK28/PDK_TSMC28_bv/tcbn28hpcplusbwp30p140_190a/TSMCHOME/digital/Front_End/verilog/tcbn28hpcplusbwp30p140_110a/tcbn28hpcplusbwp30p140.v, line = 6576
           Scope: :DUT.\reg_bias_value_reg[31] 
            Time: 1023455297 PS

Warning!  Glitch suppression
           Scheduled event for delayed signal of net "D" at time 1049675282 PS was canceled!
            File: /pdk/tsmc/PDK28/PDK_TSMC28_bv/tcbn28hpcplusbwp30p140_190a/TSMCHOME/digital/Front_End/verilog/tcbn28hpcplusbwp30p140_110a/tcbn28hpcplusbwp30p140.v, line = 6576
           Scope: :DUT.\reg_bias_value_reg[1] 
            Time: 1049675270 PS

Warning!  Glitch suppression
           Scheduled event for delayed signal of net "D" at time 1049675282 PS was canceled!
            File: /pdk/tsmc/PDK28/PDK_TSMC28_bv/tcbn28hpcplusbwp30p140_190a/TSMCHOME/digital/Front_End/verilog/tcbn28hpcplusbwp30p140_110a/tcbn28hpcplusbwp30p140.v, line = 6576
           Scope: :DUT.\reg_bias_value_reg[9] 
            Time: 1049675270 PS

Warning!  Glitch suppression
           Scheduled event for delayed signal of net "D" at time 1102135162 PS was canceled!
            File: /pdk/tsmc/PDK28/PDK_TSMC28_bv/tcbn28hpcplusbwp30p140_190a/TSMCHOME/digital/Front_End/verilog/tcbn28hpcplusbwp30p140_110a/tcbn28hpcplusbwp30p140.v, line = 6576
           Scope: :DUT.\reg_bias_value_reg[8] 
            Time: 1102135150 PS

Warning!  Glitch suppression
           Scheduled event for delayed signal of net "D" at time 1102175165 PS was canceled!
            File: /pdk/tsmc/PDK28/PDK_TSMC28_bv/tcbn28hpcplusbwp30p140_190a/TSMCHOME/digital/Front_End/verilog/tcbn28hpcplusbwp30p140_110a/tcbn28hpcplusbwp30p140.v, line = 6576
           Scope: :DUT.\reg_bias_value_reg[8] 
            Time: 1102175153 PS

Warning!  Glitch suppression
           Scheduled event for delayed signal of net "D" at time 1102175309 PS was canceled!
            File: /pdk/tsmc/PDK28/PDK_TSMC28_bv/tcbn28hpcplusbwp30p140_190a/TSMCHOME/digital/Front_End/verilog/tcbn28hpcplusbwp30p140_110a/tcbn28hpcplusbwp30p140.v, line = 6576
           Scope: :DUT.\reg_bias_value_reg[1] 
            Time: 1102175297 PS

Warning!  Glitch suppression
           Scheduled event for delayed signal of net "D" at time 1102175309 PS was canceled!
            File: /pdk/tsmc/PDK28/PDK_TSMC28_bv/tcbn28hpcplusbwp30p140_190a/TSMCHOME/digital/Front_End/verilog/tcbn28hpcplusbwp30p140_110a/tcbn28hpcplusbwp30p140.v, line = 6576
           Scope: :DUT.\reg_bias_value_reg[2] 
            Time: 1102175297 PS

Warning!  Glitch suppression
           Scheduled event for delayed signal of net "D" at time 1102175309 PS was canceled!
            File: /pdk/tsmc/PDK28/PDK_TSMC28_bv/tcbn28hpcplusbwp30p140_190a/TSMCHOME/digital/Front_End/verilog/tcbn28hpcplusbwp30p140_110a/tcbn28hpcplusbwp30p140.v, line = 6576
           Scope: :DUT.\reg_bias_value_reg[5] 
            Time: 1102175297 PS

Warning!  Glitch suppression
           Scheduled event for delayed signal of net "D" at time 1102175309 PS was canceled!
            File: /pdk/tsmc/PDK28/PDK_TSMC28_bv/tcbn28hpcplusbwp30p140_190a/TSMCHOME/digital/Front_End/verilog/tcbn28hpcplusbwp30p140_110a/tcbn28hpcplusbwp30p140.v, line = 6576
           Scope: :DUT.\reg_bias_value_reg[8] 
            Time: 1102175297 PS

Warning!  Glitch suppression
           Scheduled event for delayed signal of net "D" at time 1102175309 PS was canceled!
            File: /pdk/tsmc/PDK28/PDK_TSMC28_bv/tcbn28hpcplusbwp30p140_190a/TSMCHOME/digital/Front_End/verilog/tcbn28hpcplusbwp30p140_110a/tcbn28hpcplusbwp30p140.v, line = 6576
           Scope: :DUT.\reg_bias_value_reg[9] 
            Time: 1102175297 PS

Warning!  Glitch suppression
           Scheduled event for delayed signal of net "D" at time 1102175309 PS was canceled!
            File: /pdk/tsmc/PDK28/PDK_TSMC28_bv/tcbn28hpcplusbwp30p140_190a/TSMCHOME/digital/Front_End/verilog/tcbn28hpcplusbwp30p140_110a/tcbn28hpcplusbwp30p140.v, line = 6576
           Scope: :DUT.\reg_bias_value_reg[10] 
            Time: 1102175297 PS

Warning!  Glitch suppression
           Scheduled event for delayed signal of net "D" at time 1102175309 PS was canceled!
            File: /pdk/tsmc/PDK28/PDK_TSMC28_bv/tcbn28hpcplusbwp30p140_190a/TSMCHOME/digital/Front_End/verilog/tcbn28hpcplusbwp30p140_110a/tcbn28hpcplusbwp30p140.v, line = 6576
           Scope: :DUT.\reg_bias_value_reg[11] 
            Time: 1102175297 PS

Warning!  Glitch suppression
           Scheduled event for delayed signal of net "D" at time 1102175309 PS was canceled!
            File: /pdk/tsmc/PDK28/PDK_TSMC28_bv/tcbn28hpcplusbwp30p140_190a/TSMCHOME/digital/Front_End/verilog/tcbn28hpcplusbwp30p140_110a/tcbn28hpcplusbwp30p140.v, line = 6576
           Scope: :DUT.\reg_bias_value_reg[12] 
            Time: 1102175297 PS

Warning!  Glitch suppression
           Scheduled event for delayed signal of net "D" at time 1102175309 PS was canceled!
            File: /pdk/tsmc/PDK28/PDK_TSMC28_bv/tcbn28hpcplusbwp30p140_190a/TSMCHOME/digital/Front_End/verilog/tcbn28hpcplusbwp30p140_110a/tcbn28hpcplusbwp30p140.v, line = 6576
           Scope: :DUT.\reg_bias_value_reg[13] 
            Time: 1102175297 PS

Warning!  Glitch suppression
           Scheduled event for delayed signal of net "D" at time 1102175309 PS was canceled!
            File: /pdk/tsmc/PDK28/PDK_TSMC28_bv/tcbn28hpcplusbwp30p140_190a/TSMCHOME/digital/Front_End/verilog/tcbn28hpcplusbwp30p140_110a/tcbn28hpcplusbwp30p140.v, line = 6576
           Scope: :DUT.\reg_bias_value_reg[14] 
            Time: 1102175297 PS

Warning!  Glitch suppression
           Scheduled event for delayed signal of net "D" at time 1102175309 PS was canceled!
            File: /pdk/tsmc/PDK28/PDK_TSMC28_bv/tcbn28hpcplusbwp30p140_190a/TSMCHOME/digital/Front_End/verilog/tcbn28hpcplusbwp30p140_110a/tcbn28hpcplusbwp30p140.v, line = 6576
           Scope: :DUT.\reg_bias_value_reg[15] 
            Time: 1102175297 PS

Warning!  Glitch suppression
           Scheduled event for delayed signal of net "D" at time 1102175306 PS was canceled!
            File: /pdk/tsmc/PDK28/PDK_TSMC28_bv/tcbn28hpcplusbwp30p140_190a/TSMCHOME/digital/Front_End/verilog/tcbn28hpcplusbwp30p140_110a/tcbn28hpcplusbwp30p140.v, line = 6576
           Scope: :DUT.\reg_bias_value_reg[16] 
            Time: 1102175297 PS

Warning!  Glitch suppression
           Scheduled event for delayed signal of net "D" at time 1102175306 PS was canceled!
            File: /pdk/tsmc/PDK28/PDK_TSMC28_bv/tcbn28hpcplusbwp30p140_190a/TSMCHOME/digital/Front_End/verilog/tcbn28hpcplusbwp30p140_110a/tcbn28hpcplusbwp30p140.v, line = 6576
           Scope: :DUT.\reg_bias_value_reg[17] 
            Time: 1102175297 PS

Warning!  Glitch suppression
           Scheduled event for delayed signal of net "D" at time 1102175306 PS was canceled!
            File: /pdk/tsmc/PDK28/PDK_TSMC28_bv/tcbn28hpcplusbwp30p140_190a/TSMCHOME/digital/Front_End/verilog/tcbn28hpcplusbwp30p140_110a/tcbn28hpcplusbwp30p140.v, line = 6576
           Scope: :DUT.\reg_bias_value_reg[18] 
            Time: 1102175297 PS

Warning!  Glitch suppression
           Scheduled event for delayed signal of net "D" at time 1102175306 PS was canceled!
            File: /pdk/tsmc/PDK28/PDK_TSMC28_bv/tcbn28hpcplusbwp30p140_190a/TSMCHOME/digital/Front_End/verilog/tcbn28hpcplusbwp30p140_110a/tcbn28hpcplusbwp30p140.v, line = 6576
           Scope: :DUT.\reg_bias_value_reg[19] 
            Time: 1102175297 PS

Warning!  Glitch suppression
           Scheduled event for delayed signal of net "D" at time 1102175306 PS was canceled!
            File: /pdk/tsmc/PDK28/PDK_TSMC28_bv/tcbn28hpcplusbwp30p140_190a/TSMCHOME/digital/Front_End/verilog/tcbn28hpcplusbwp30p140_110a/tcbn28hpcplusbwp30p140.v, line = 6576
           Scope: :DUT.\reg_bias_value_reg[20] 
            Time: 1102175297 PS

Warning!  Glitch suppression
           Scheduled event for delayed signal of net "D" at time 1102175306 PS was canceled!
            File: /pdk/tsmc/PDK28/PDK_TSMC28_bv/tcbn28hpcplusbwp30p140_190a/TSMCHOME/digital/Front_End/verilog/tcbn28hpcplusbwp30p140_110a/tcbn28hpcplusbwp30p140.v, line = 6576
           Scope: :DUT.\reg_bias_value_reg[21] 
            Time: 1102175297 PS

Warning!  Glitch suppression
           Scheduled event for delayed signal of net "D" at time 1102175306 PS was canceled!
            File: /pdk/tsmc/PDK28/PDK_TSMC28_bv/tcbn28hpcplusbwp30p140_190a/TSMCHOME/digital/Front_End/verilog/tcbn28hpcplusbwp30p140_110a/tcbn28hpcplusbwp30p140.v, line = 6576
           Scope: :DUT.\reg_bias_value_reg[22] 
            Time: 1102175297 PS

Warning!  Glitch suppression
           Scheduled event for delayed signal of net "D" at time 1102175306 PS was canceled!
            File: /pdk/tsmc/PDK28/PDK_TSMC28_bv/tcbn28hpcplusbwp30p140_190a/TSMCHOME/digital/Front_End/verilog/tcbn28hpcplusbwp30p140_110a/tcbn28hpcplusbwp30p140.v, line = 6576
           Scope: :DUT.\reg_bias_value_reg[23] 
            Time: 1102175297 PS

Warning!  Glitch suppression
           Scheduled event for delayed signal of net "D" at time 1102175306 PS was canceled!
            File: /pdk/tsmc/PDK28/PDK_TSMC28_bv/tcbn28hpcplusbwp30p140_190a/TSMCHOME/digital/Front_End/verilog/tcbn28hpcplusbwp30p140_110a/tcbn28hpcplusbwp30p140.v, line = 6576
           Scope: :DUT.\reg_bias_value_reg[24] 
            Time: 1102175297 PS

Warning!  Glitch suppression
           Scheduled event for delayed signal of net "D" at time 1102175306 PS was canceled!
            File: /pdk/tsmc/PDK28/PDK_TSMC28_bv/tcbn28hpcplusbwp30p140_190a/TSMCHOME/digital/Front_End/verilog/tcbn28hpcplusbwp30p140_110a/tcbn28hpcplusbwp30p140.v, line = 6576
           Scope: :DUT.\reg_bias_value_reg[25] 
            Time: 1102175297 PS

Warning!  Glitch suppression
           Scheduled event for delayed signal of net "D" at time 1102175306 PS was canceled!
            File: /pdk/tsmc/PDK28/PDK_TSMC28_bv/tcbn28hpcplusbwp30p140_190a/TSMCHOME/digital/Front_End/verilog/tcbn28hpcplusbwp30p140_110a/tcbn28hpcplusbwp30p140.v, line = 6576
           Scope: :DUT.\reg_bias_value_reg[26] 
            Time: 1102175297 PS

Warning!  Glitch suppression
           Scheduled event for delayed signal of net "D" at time 1102175306 PS was canceled!
            File: /pdk/tsmc/PDK28/PDK_TSMC28_bv/tcbn28hpcplusbwp30p140_190a/TSMCHOME/digital/Front_End/verilog/tcbn28hpcplusbwp30p140_110a/tcbn28hpcplusbwp30p140.v, line = 6576
           Scope: :DUT.\reg_bias_value_reg[27] 
            Time: 1102175297 PS

Warning!  Glitch suppression
           Scheduled event for delayed signal of net "D" at time 1102175306 PS was canceled!
            File: /pdk/tsmc/PDK28/PDK_TSMC28_bv/tcbn28hpcplusbwp30p140_190a/TSMCHOME/digital/Front_End/verilog/tcbn28hpcplusbwp30p140_110a/tcbn28hpcplusbwp30p140.v, line = 6576
           Scope: :DUT.\reg_bias_value_reg[28] 
            Time: 1102175297 PS

Warning!  Glitch suppression
           Scheduled event for delayed signal of net "D" at time 1102175306 PS was canceled!
            File: /pdk/tsmc/PDK28/PDK_TSMC28_bv/tcbn28hpcplusbwp30p140_190a/TSMCHOME/digital/Front_End/verilog/tcbn28hpcplusbwp30p140_110a/tcbn28hpcplusbwp30p140.v, line = 6576
           Scope: :DUT.\reg_bias_value_reg[29] 
            Time: 1102175297 PS

Warning!  Glitch suppression
           Scheduled event for delayed signal of net "D" at time 1102175306 PS was canceled!
            File: /pdk/tsmc/PDK28/PDK_TSMC28_bv/tcbn28hpcplusbwp30p140_190a/TSMCHOME/digital/Front_End/verilog/tcbn28hpcplusbwp30p140_110a/tcbn28hpcplusbwp30p140.v, line = 6576
           Scope: :DUT.\reg_bias_value_reg[30] 
            Time: 1102175297 PS

Warning!  Glitch suppression
           Scheduled event for delayed signal of net "D" at time 1102175306 PS was canceled!
            File: /pdk/tsmc/PDK28/PDK_TSMC28_bv/tcbn28hpcplusbwp30p140_190a/TSMCHOME/digital/Front_End/verilog/tcbn28hpcplusbwp30p140_110a/tcbn28hpcplusbwp30p140.v, line = 6576
           Scope: :DUT.\reg_bias_value_reg[31] 
            Time: 1102175297 PS

Warning!  Glitch suppression
           Scheduled event for delayed signal of net "D" at time 1128395282 PS was canceled!
            File: /pdk/tsmc/PDK28/PDK_TSMC28_bv/tcbn28hpcplusbwp30p140_190a/TSMCHOME/digital/Front_End/verilog/tcbn28hpcplusbwp30p140_110a/tcbn28hpcplusbwp30p140.v, line = 6576
           Scope: :DUT.\reg_bias_value_reg[1] 
            Time: 1128395270 PS

Warning!  Glitch suppression
           Scheduled event for delayed signal of net "D" at time 1128395282 PS was canceled!
            File: /pdk/tsmc/PDK28/PDK_TSMC28_bv/tcbn28hpcplusbwp30p140_190a/TSMCHOME/digital/Front_End/verilog/tcbn28hpcplusbwp30p140_110a/tcbn28hpcplusbwp30p140.v, line = 6576
           Scope: :DUT.\reg_bias_value_reg[2] 
            Time: 1128395270 PS

Warning!  Glitch suppression
           Scheduled event for delayed signal of net "D" at time 1128395282 PS was canceled!
            File: /pdk/tsmc/PDK28/PDK_TSMC28_bv/tcbn28hpcplusbwp30p140_190a/TSMCHOME/digital/Front_End/verilog/tcbn28hpcplusbwp30p140_110a/tcbn28hpcplusbwp30p140.v, line = 6576
           Scope: :DUT.\reg_bias_value_reg[3] 
            Time: 1128395270 PS

Warning!  Glitch suppression
           Scheduled event for delayed signal of net "D" at time 1128395282 PS was canceled!
            File: /pdk/tsmc/PDK28/PDK_TSMC28_bv/tcbn28hpcplusbwp30p140_190a/TSMCHOME/digital/Front_End/verilog/tcbn28hpcplusbwp30p140_110a/tcbn28hpcplusbwp30p140.v, line = 6576
           Scope: :DUT.\reg_bias_value_reg[5] 
            Time: 1128395270 PS

Warning!  Glitch suppression
           Scheduled event for delayed signal of net "D" at time 1128395282 PS was canceled!
            File: /pdk/tsmc/PDK28/PDK_TSMC28_bv/tcbn28hpcplusbwp30p140_190a/TSMCHOME/digital/Front_End/verilog/tcbn28hpcplusbwp30p140_110a/tcbn28hpcplusbwp30p140.v, line = 6576
           Scope: :DUT.\reg_bias_value_reg[9] 
            Time: 1128395270 PS

Warning!  Glitch suppression
           Scheduled event for delayed signal of net "D" at time 1128395282 PS was canceled!
            File: /pdk/tsmc/PDK28/PDK_TSMC28_bv/tcbn28hpcplusbwp30p140_190a/TSMCHOME/digital/Front_End/verilog/tcbn28hpcplusbwp30p140_110a/tcbn28hpcplusbwp30p140.v, line = 6576
           Scope: :DUT.\reg_bias_value_reg[10] 
            Time: 1128395270 PS

Warning!  Glitch suppression
           Scheduled event for delayed signal of net "D" at time 1128395282 PS was canceled!
            File: /pdk/tsmc/PDK28/PDK_TSMC28_bv/tcbn28hpcplusbwp30p140_190a/TSMCHOME/digital/Front_End/verilog/tcbn28hpcplusbwp30p140_110a/tcbn28hpcplusbwp30p140.v, line = 6576
           Scope: :DUT.\reg_bias_value_reg[11] 
            Time: 1128395270 PS

Warning!  Glitch suppression
           Scheduled event for delayed signal of net "D" at time 1128395282 PS was canceled!
            File: /pdk/tsmc/PDK28/PDK_TSMC28_bv/tcbn28hpcplusbwp30p140_190a/TSMCHOME/digital/Front_End/verilog/tcbn28hpcplusbwp30p140_110a/tcbn28hpcplusbwp30p140.v, line = 6576
           Scope: :DUT.\reg_bias_value_reg[12] 
            Time: 1128395270 PS

Warning!  Glitch suppression
           Scheduled event for delayed signal of net "D" at time 1128395282 PS was canceled!
            File: /pdk/tsmc/PDK28/PDK_TSMC28_bv/tcbn28hpcplusbwp30p140_190a/TSMCHOME/digital/Front_End/verilog/tcbn28hpcplusbwp30p140_110a/tcbn28hpcplusbwp30p140.v, line = 6576
           Scope: :DUT.\reg_bias_value_reg[13] 
            Time: 1128395270 PS

Warning!  Glitch suppression
           Scheduled event for delayed signal of net "D" at time 1128395282 PS was canceled!
            File: /pdk/tsmc/PDK28/PDK_TSMC28_bv/tcbn28hpcplusbwp30p140_190a/TSMCHOME/digital/Front_End/verilog/tcbn28hpcplusbwp30p140_110a/tcbn28hpcplusbwp30p140.v, line = 6576
           Scope: :DUT.\reg_bias_value_reg[14] 
            Time: 1128395270 PS

Warning!  Glitch suppression
           Scheduled event for delayed signal of net "D" at time 1128395282 PS was canceled!
            File: /pdk/tsmc/PDK28/PDK_TSMC28_bv/tcbn28hpcplusbwp30p140_190a/TSMCHOME/digital/Front_End/verilog/tcbn28hpcplusbwp30p140_110a/tcbn28hpcplusbwp30p140.v, line = 6576
           Scope: :DUT.\reg_bias_value_reg[15] 
            Time: 1128395270 PS

Warning!  Glitch suppression
           Scheduled event for delayed signal of net "D" at time 1128395279 PS was canceled!
            File: /pdk/tsmc/PDK28/PDK_TSMC28_bv/tcbn28hpcplusbwp30p140_190a/TSMCHOME/digital/Front_End/verilog/tcbn28hpcplusbwp30p140_110a/tcbn28hpcplusbwp30p140.v, line = 6576
           Scope: :DUT.\reg_bias_value_reg[16] 
            Time: 1128395270 PS

Warning!  Glitch suppression
           Scheduled event for delayed signal of net "D" at time 1128395279 PS was canceled!
            File: /pdk/tsmc/PDK28/PDK_TSMC28_bv/tcbn28hpcplusbwp30p140_190a/TSMCHOME/digital/Front_End/verilog/tcbn28hpcplusbwp30p140_110a/tcbn28hpcplusbwp30p140.v, line = 6576
           Scope: :DUT.\reg_bias_value_reg[17] 
            Time: 1128395270 PS

Warning!  Glitch suppression
           Scheduled event for delayed signal of net "D" at time 1128395279 PS was canceled!
            File: /pdk/tsmc/PDK28/PDK_TSMC28_bv/tcbn28hpcplusbwp30p140_190a/TSMCHOME/digital/Front_End/verilog/tcbn28hpcplusbwp30p140_110a/tcbn28hpcplusbwp30p140.v, line = 6576
           Scope: :DUT.\reg_bias_value_reg[18] 
            Time: 1128395270 PS

Warning!  Glitch suppression
           Scheduled event for delayed signal of net "D" at time 1128395279 PS was canceled!
            File: /pdk/tsmc/PDK28/PDK_TSMC28_bv/tcbn28hpcplusbwp30p140_190a/TSMCHOME/digital/Front_End/verilog/tcbn28hpcplusbwp30p140_110a/tcbn28hpcplusbwp30p140.v, line = 6576
           Scope: :DUT.\reg_bias_value_reg[19] 
            Time: 1128395270 PS

Warning!  Glitch suppression
           Scheduled event for delayed signal of net "D" at time 1128395279 PS was canceled!
            File: /pdk/tsmc/PDK28/PDK_TSMC28_bv/tcbn28hpcplusbwp30p140_190a/TSMCHOME/digital/Front_End/verilog/tcbn28hpcplusbwp30p140_110a/tcbn28hpcplusbwp30p140.v, line = 6576
           Scope: :DUT.\reg_bias_value_reg[20] 
            Time: 1128395270 PS

Warning!  Glitch suppression
           Scheduled event for delayed signal of net "D" at time 1128395279 PS was canceled!
            File: /pdk/tsmc/PDK28/PDK_TSMC28_bv/tcbn28hpcplusbwp30p140_190a/TSMCHOME/digital/Front_End/verilog/tcbn28hpcplusbwp30p140_110a/tcbn28hpcplusbwp30p140.v, line = 6576
           Scope: :DUT.\reg_bias_value_reg[21] 
            Time: 1128395270 PS

Warning!  Glitch suppression
           Scheduled event for delayed signal of net "D" at time 1128395279 PS was canceled!
            File: /pdk/tsmc/PDK28/PDK_TSMC28_bv/tcbn28hpcplusbwp30p140_190a/TSMCHOME/digital/Front_End/verilog/tcbn28hpcplusbwp30p140_110a/tcbn28hpcplusbwp30p140.v, line = 6576
           Scope: :DUT.\reg_bias_value_reg[22] 
            Time: 1128395270 PS

Warning!  Glitch suppression
           Scheduled event for delayed signal of net "D" at time 1128395279 PS was canceled!
            File: /pdk/tsmc/PDK28/PDK_TSMC28_bv/tcbn28hpcplusbwp30p140_190a/TSMCHOME/digital/Front_End/verilog/tcbn28hpcplusbwp30p140_110a/tcbn28hpcplusbwp30p140.v, line = 6576
           Scope: :DUT.\reg_bias_value_reg[23] 
            Time: 1128395270 PS

Warning!  Glitch suppression
           Scheduled event for delayed signal of net "D" at time 1128395279 PS was canceled!
            File: /pdk/tsmc/PDK28/PDK_TSMC28_bv/tcbn28hpcplusbwp30p140_190a/TSMCHOME/digital/Front_End/verilog/tcbn28hpcplusbwp30p140_110a/tcbn28hpcplusbwp30p140.v, line = 6576
           Scope: :DUT.\reg_bias_value_reg[24] 
            Time: 1128395270 PS

Warning!  Glitch suppression
           Scheduled event for delayed signal of net "D" at time 1128395279 PS was canceled!
            File: /pdk/tsmc/PDK28/PDK_TSMC28_bv/tcbn28hpcplusbwp30p140_190a/TSMCHOME/digital/Front_End/verilog/tcbn28hpcplusbwp30p140_110a/tcbn28hpcplusbwp30p140.v, line = 6576
           Scope: :DUT.\reg_bias_value_reg[25] 
            Time: 1128395270 PS

Warning!  Glitch suppression
           Scheduled event for delayed signal of net "D" at time 1128395279 PS was canceled!
            File: /pdk/tsmc/PDK28/PDK_TSMC28_bv/tcbn28hpcplusbwp30p140_190a/TSMCHOME/digital/Front_End/verilog/tcbn28hpcplusbwp30p140_110a/tcbn28hpcplusbwp30p140.v, line = 6576
           Scope: :DUT.\reg_bias_value_reg[26] 
            Time: 1128395270 PS

Warning!  Glitch suppression
           Scheduled event for delayed signal of net "D" at time 1128395279 PS was canceled!
            File: /pdk/tsmc/PDK28/PDK_TSMC28_bv/tcbn28hpcplusbwp30p140_190a/TSMCHOME/digital/Front_End/verilog/tcbn28hpcplusbwp30p140_110a/tcbn28hpcplusbwp30p140.v, line = 6576
           Scope: :DUT.\reg_bias_value_reg[27] 
            Time: 1128395270 PS

Warning!  Glitch suppression
           Scheduled event for delayed signal of net "D" at time 1128395279 PS was canceled!
            File: /pdk/tsmc/PDK28/PDK_TSMC28_bv/tcbn28hpcplusbwp30p140_190a/TSMCHOME/digital/Front_End/verilog/tcbn28hpcplusbwp30p140_110a/tcbn28hpcplusbwp30p140.v, line = 6576
           Scope: :DUT.\reg_bias_value_reg[28] 
            Time: 1128395270 PS

Warning!  Glitch suppression
           Scheduled event for delayed signal of net "D" at time 1128395279 PS was canceled!
            File: /pdk/tsmc/PDK28/PDK_TSMC28_bv/tcbn28hpcplusbwp30p140_190a/TSMCHOME/digital/Front_End/verilog/tcbn28hpcplusbwp30p140_110a/tcbn28hpcplusbwp30p140.v, line = 6576
           Scope: :DUT.\reg_bias_value_reg[29] 
            Time: 1128395270 PS

Warning!  Glitch suppression
           Scheduled event for delayed signal of net "D" at time 1128395279 PS was canceled!
            File: /pdk/tsmc/PDK28/PDK_TSMC28_bv/tcbn28hpcplusbwp30p140_190a/TSMCHOME/digital/Front_End/verilog/tcbn28hpcplusbwp30p140_110a/tcbn28hpcplusbwp30p140.v, line = 6576
           Scope: :DUT.\reg_bias_value_reg[30] 
            Time: 1128395270 PS

Warning!  Glitch suppression
           Scheduled event for delayed signal of net "D" at time 1128395279 PS was canceled!
            File: /pdk/tsmc/PDK28/PDK_TSMC28_bv/tcbn28hpcplusbwp30p140_190a/TSMCHOME/digital/Front_End/verilog/tcbn28hpcplusbwp30p140_110a/tcbn28hpcplusbwp30p140.v, line = 6576
           Scope: :DUT.\reg_bias_value_reg[31] 
            Time: 1128395270 PS

Warning!  Glitch suppression
           Scheduled event for delayed signal of net "D" at time 1154625282 PS was canceled!
            File: /pdk/tsmc/PDK28/PDK_TSMC28_bv/tcbn28hpcplusbwp30p140_190a/TSMCHOME/digital/Front_End/verilog/tcbn28hpcplusbwp30p140_110a/tcbn28hpcplusbwp30p140.v, line = 6576
           Scope: :DUT.\reg_bias_value_reg[3] 
            Time: 1154625270 PS

Warning!  Glitch suppression
           Scheduled event for delayed signal of net "D" at time 1154625282 PS was canceled!
            File: /pdk/tsmc/PDK28/PDK_TSMC28_bv/tcbn28hpcplusbwp30p140_190a/TSMCHOME/digital/Front_End/verilog/tcbn28hpcplusbwp30p140_110a/tcbn28hpcplusbwp30p140.v, line = 6576
           Scope: :DUT.\reg_bias_value_reg[5] 
            Time: 1154625270 PS

Warning!  Glitch suppression
           Scheduled event for delayed signal of net "D" at time 1154625282 PS was canceled!
            File: /pdk/tsmc/PDK28/PDK_TSMC28_bv/tcbn28hpcplusbwp30p140_190a/TSMCHOME/digital/Front_End/verilog/tcbn28hpcplusbwp30p140_110a/tcbn28hpcplusbwp30p140.v, line = 6576
           Scope: :DUT.\reg_bias_value_reg[7] 
            Time: 1154625270 PS

Warning!  Glitch suppression
           Scheduled event for delayed signal of net "D" at time 1154625282 PS was canceled!
            File: /pdk/tsmc/PDK28/PDK_TSMC28_bv/tcbn28hpcplusbwp30p140_190a/TSMCHOME/digital/Front_End/verilog/tcbn28hpcplusbwp30p140_110a/tcbn28hpcplusbwp30p140.v, line = 6576
           Scope: :DUT.\reg_bias_value_reg[8] 
            Time: 1154625270 PS

Warning!  Glitch suppression
           Scheduled event for delayed signal of net "D" at time 1154625282 PS was canceled!
            File: /pdk/tsmc/PDK28/PDK_TSMC28_bv/tcbn28hpcplusbwp30p140_190a/TSMCHOME/digital/Front_End/verilog/tcbn28hpcplusbwp30p140_110a/tcbn28hpcplusbwp30p140.v, line = 6576
           Scope: :DUT.\reg_bias_value_reg[9] 
            Time: 1154625270 PS

Warning!  Glitch suppression
           Scheduled event for delayed signal of net "D" at time 1154625282 PS was canceled!
            File: /pdk/tsmc/PDK28/PDK_TSMC28_bv/tcbn28hpcplusbwp30p140_190a/TSMCHOME/digital/Front_End/verilog/tcbn28hpcplusbwp30p140_110a/tcbn28hpcplusbwp30p140.v, line = 6576
           Scope: :DUT.\reg_bias_value_reg[10] 
            Time: 1154625270 PS

Warning!  Glitch suppression
           Scheduled event for delayed signal of net "D" at time 1154625282 PS was canceled!
            File: /pdk/tsmc/PDK28/PDK_TSMC28_bv/tcbn28hpcplusbwp30p140_190a/TSMCHOME/digital/Front_End/verilog/tcbn28hpcplusbwp30p140_110a/tcbn28hpcplusbwp30p140.v, line = 6576
           Scope: :DUT.\reg_bias_value_reg[11] 
            Time: 1154625270 PS

Warning!  Glitch suppression
           Scheduled event for delayed signal of net "D" at time 1154625282 PS was canceled!
            File: /pdk/tsmc/PDK28/PDK_TSMC28_bv/tcbn28hpcplusbwp30p140_190a/TSMCHOME/digital/Front_End/verilog/tcbn28hpcplusbwp30p140_110a/tcbn28hpcplusbwp30p140.v, line = 6576
           Scope: :DUT.\reg_bias_value_reg[12] 
            Time: 1154625270 PS

Warning!  Glitch suppression
           Scheduled event for delayed signal of net "D" at time 1154625282 PS was canceled!
            File: /pdk/tsmc/PDK28/PDK_TSMC28_bv/tcbn28hpcplusbwp30p140_190a/TSMCHOME/digital/Front_End/verilog/tcbn28hpcplusbwp30p140_110a/tcbn28hpcplusbwp30p140.v, line = 6576
           Scope: :DUT.\reg_bias_value_reg[13] 
            Time: 1154625270 PS

Warning!  Glitch suppression
           Scheduled event for delayed signal of net "D" at time 1154625282 PS was canceled!
            File: /pdk/tsmc/PDK28/PDK_TSMC28_bv/tcbn28hpcplusbwp30p140_190a/TSMCHOME/digital/Front_End/verilog/tcbn28hpcplusbwp30p140_110a/tcbn28hpcplusbwp30p140.v, line = 6576
           Scope: :DUT.\reg_bias_value_reg[14] 
            Time: 1154625270 PS

Warning!  Glitch suppression
           Scheduled event for delayed signal of net "D" at time 1154625282 PS was canceled!
            File: /pdk/tsmc/PDK28/PDK_TSMC28_bv/tcbn28hpcplusbwp30p140_190a/TSMCHOME/digital/Front_End/verilog/tcbn28hpcplusbwp30p140_110a/tcbn28hpcplusbwp30p140.v, line = 6576
           Scope: :DUT.\reg_bias_value_reg[15] 
            Time: 1154625270 PS

Warning!  Glitch suppression
           Scheduled event for delayed signal of net "D" at time 1154625279 PS was canceled!
            File: /pdk/tsmc/PDK28/PDK_TSMC28_bv/tcbn28hpcplusbwp30p140_190a/TSMCHOME/digital/Front_End/verilog/tcbn28hpcplusbwp30p140_110a/tcbn28hpcplusbwp30p140.v, line = 6576
           Scope: :DUT.\reg_bias_value_reg[16] 
            Time: 1154625270 PS

Warning!  Glitch suppression
           Scheduled event for delayed signal of net "D" at time 1154625279 PS was canceled!
            File: /pdk/tsmc/PDK28/PDK_TSMC28_bv/tcbn28hpcplusbwp30p140_190a/TSMCHOME/digital/Front_End/verilog/tcbn28hpcplusbwp30p140_110a/tcbn28hpcplusbwp30p140.v, line = 6576
           Scope: :DUT.\reg_bias_value_reg[17] 
            Time: 1154625270 PS

Warning!  Glitch suppression
           Scheduled event for delayed signal of net "D" at time 1154625279 PS was canceled!
            File: /pdk/tsmc/PDK28/PDK_TSMC28_bv/tcbn28hpcplusbwp30p140_190a/TSMCHOME/digital/Front_End/verilog/tcbn28hpcplusbwp30p140_110a/tcbn28hpcplusbwp30p140.v, line = 6576
           Scope: :DUT.\reg_bias_value_reg[18] 
            Time: 1154625270 PS

Warning!  Glitch suppression
           Scheduled event for delayed signal of net "D" at time 1154625279 PS was canceled!
            File: /pdk/tsmc/PDK28/PDK_TSMC28_bv/tcbn28hpcplusbwp30p140_190a/TSMCHOME/digital/Front_End/verilog/tcbn28hpcplusbwp30p140_110a/tcbn28hpcplusbwp30p140.v, line = 6576
           Scope: :DUT.\reg_bias_value_reg[19] 
            Time: 1154625270 PS

Warning!  Glitch suppression
           Scheduled event for delayed signal of net "D" at time 1154625279 PS was canceled!
            File: /pdk/tsmc/PDK28/PDK_TSMC28_bv/tcbn28hpcplusbwp30p140_190a/TSMCHOME/digital/Front_End/verilog/tcbn28hpcplusbwp30p140_110a/tcbn28hpcplusbwp30p140.v, line = 6576
           Scope: :DUT.\reg_bias_value_reg[20] 
            Time: 1154625270 PS

Warning!  Glitch suppression
           Scheduled event for delayed signal of net "D" at time 1154625279 PS was canceled!
            File: /pdk/tsmc/PDK28/PDK_TSMC28_bv/tcbn28hpcplusbwp30p140_190a/TSMCHOME/digital/Front_End/verilog/tcbn28hpcplusbwp30p140_110a/tcbn28hpcplusbwp30p140.v, line = 6576
           Scope: :DUT.\reg_bias_value_reg[21] 
            Time: 1154625270 PS

Warning!  Glitch suppression
           Scheduled event for delayed signal of net "D" at time 1154625279 PS was canceled!
            File: /pdk/tsmc/PDK28/PDK_TSMC28_bv/tcbn28hpcplusbwp30p140_190a/TSMCHOME/digital/Front_End/verilog/tcbn28hpcplusbwp30p140_110a/tcbn28hpcplusbwp30p140.v, line = 6576
           Scope: :DUT.\reg_bias_value_reg[22] 
            Time: 1154625270 PS

Warning!  Glitch suppression
           Scheduled event for delayed signal of net "D" at time 1154625279 PS was canceled!
            File: /pdk/tsmc/PDK28/PDK_TSMC28_bv/tcbn28hpcplusbwp30p140_190a/TSMCHOME/digital/Front_End/verilog/tcbn28hpcplusbwp30p140_110a/tcbn28hpcplusbwp30p140.v, line = 6576
           Scope: :DUT.\reg_bias_value_reg[23] 
            Time: 1154625270 PS

Warning!  Glitch suppression
           Scheduled event for delayed signal of net "D" at time 1154625279 PS was canceled!
            File: /pdk/tsmc/PDK28/PDK_TSMC28_bv/tcbn28hpcplusbwp30p140_190a/TSMCHOME/digital/Front_End/verilog/tcbn28hpcplusbwp30p140_110a/tcbn28hpcplusbwp30p140.v, line = 6576
           Scope: :DUT.\reg_bias_value_reg[24] 
            Time: 1154625270 PS

Warning!  Glitch suppression
           Scheduled event for delayed signal of net "D" at time 1154625279 PS was canceled!
            File: /pdk/tsmc/PDK28/PDK_TSMC28_bv/tcbn28hpcplusbwp30p140_190a/TSMCHOME/digital/Front_End/verilog/tcbn28hpcplusbwp30p140_110a/tcbn28hpcplusbwp30p140.v, line = 6576
           Scope: :DUT.\reg_bias_value_reg[25] 
            Time: 1154625270 PS

Warning!  Glitch suppression
           Scheduled event for delayed signal of net "D" at time 1154625279 PS was canceled!
            File: /pdk/tsmc/PDK28/PDK_TSMC28_bv/tcbn28hpcplusbwp30p140_190a/TSMCHOME/digital/Front_End/verilog/tcbn28hpcplusbwp30p140_110a/tcbn28hpcplusbwp30p140.v, line = 6576
           Scope: :DUT.\reg_bias_value_reg[26] 
            Time: 1154625270 PS

Warning!  Glitch suppression
           Scheduled event for delayed signal of net "D" at time 1154625279 PS was canceled!
            File: /pdk/tsmc/PDK28/PDK_TSMC28_bv/tcbn28hpcplusbwp30p140_190a/TSMCHOME/digital/Front_End/verilog/tcbn28hpcplusbwp30p140_110a/tcbn28hpcplusbwp30p140.v, line = 6576
           Scope: :DUT.\reg_bias_value_reg[27] 
            Time: 1154625270 PS

Warning!  Glitch suppression
           Scheduled event for delayed signal of net "D" at time 1154625279 PS was canceled!
            File: /pdk/tsmc/PDK28/PDK_TSMC28_bv/tcbn28hpcplusbwp30p140_190a/TSMCHOME/digital/Front_End/verilog/tcbn28hpcplusbwp30p140_110a/tcbn28hpcplusbwp30p140.v, line = 6576
           Scope: :DUT.\reg_bias_value_reg[28] 
            Time: 1154625270 PS

Warning!  Glitch suppression
           Scheduled event for delayed signal of net "D" at time 1154625279 PS was canceled!
            File: /pdk/tsmc/PDK28/PDK_TSMC28_bv/tcbn28hpcplusbwp30p140_190a/TSMCHOME/digital/Front_End/verilog/tcbn28hpcplusbwp30p140_110a/tcbn28hpcplusbwp30p140.v, line = 6576
           Scope: :DUT.\reg_bias_value_reg[29] 
            Time: 1154625270 PS

Warning!  Glitch suppression
           Scheduled event for delayed signal of net "D" at time 1154625279 PS was canceled!
            File: /pdk/tsmc/PDK28/PDK_TSMC28_bv/tcbn28hpcplusbwp30p140_190a/TSMCHOME/digital/Front_End/verilog/tcbn28hpcplusbwp30p140_110a/tcbn28hpcplusbwp30p140.v, line = 6576
           Scope: :DUT.\reg_bias_value_reg[30] 
            Time: 1154625270 PS

Warning!  Glitch suppression
           Scheduled event for delayed signal of net "D" at time 1154625279 PS was canceled!
            File: /pdk/tsmc/PDK28/PDK_TSMC28_bv/tcbn28hpcplusbwp30p140_190a/TSMCHOME/digital/Front_End/verilog/tcbn28hpcplusbwp30p140_110a/tcbn28hpcplusbwp30p140.v, line = 6576
           Scope: :DUT.\reg_bias_value_reg[31] 
            Time: 1154625270 PS

Warning!  Glitch suppression
           Scheduled event for delayed signal of net "D" at time 1180855162 PS was canceled!
            File: /pdk/tsmc/PDK28/PDK_TSMC28_bv/tcbn28hpcplusbwp30p140_190a/TSMCHOME/digital/Front_End/verilog/tcbn28hpcplusbwp30p140_110a/tcbn28hpcplusbwp30p140.v, line = 6576
           Scope: :DUT.\reg_bias_value_reg[8] 
            Time: 1180855150 PS

Warning!  Glitch suppression
           Scheduled event for delayed signal of net "D" at time 1180855162 PS was canceled!
            File: /pdk/tsmc/PDK28/PDK_TSMC28_bv/tcbn28hpcplusbwp30p140_190a/TSMCHOME/digital/Front_End/verilog/tcbn28hpcplusbwp30p140_110a/tcbn28hpcplusbwp30p140.v, line = 6576
           Scope: :DUT.\reg_bias_value_reg[9] 
            Time: 1180855150 PS

Warning!  Glitch suppression
           Scheduled event for delayed signal of net "D" at time 1180855162 PS was canceled!
            File: /pdk/tsmc/PDK28/PDK_TSMC28_bv/tcbn28hpcplusbwp30p140_190a/TSMCHOME/digital/Front_End/verilog/tcbn28hpcplusbwp30p140_110a/tcbn28hpcplusbwp30p140.v, line = 6576
           Scope: :DUT.\reg_bias_value_reg[10] 
            Time: 1180855150 PS

Warning!  Glitch suppression
           Scheduled event for delayed signal of net "D" at time 1180855162 PS was canceled!
            File: /pdk/tsmc/PDK28/PDK_TSMC28_bv/tcbn28hpcplusbwp30p140_190a/TSMCHOME/digital/Front_End/verilog/tcbn28hpcplusbwp30p140_110a/tcbn28hpcplusbwp30p140.v, line = 6576
           Scope: :DUT.\reg_bias_value_reg[11] 
            Time: 1180855150 PS

Warning!  Glitch suppression
           Scheduled event for delayed signal of net "D" at time 1180855162 PS was canceled!
            File: /pdk/tsmc/PDK28/PDK_TSMC28_bv/tcbn28hpcplusbwp30p140_190a/TSMCHOME/digital/Front_End/verilog/tcbn28hpcplusbwp30p140_110a/tcbn28hpcplusbwp30p140.v, line = 6576
           Scope: :DUT.\reg_bias_value_reg[12] 
            Time: 1180855150 PS

Warning!  Glitch suppression
           Scheduled event for delayed signal of net "D" at time 1180855162 PS was canceled!
            File: /pdk/tsmc/PDK28/PDK_TSMC28_bv/tcbn28hpcplusbwp30p140_190a/TSMCHOME/digital/Front_End/verilog/tcbn28hpcplusbwp30p140_110a/tcbn28hpcplusbwp30p140.v, line = 6576
           Scope: :DUT.\reg_bias_value_reg[13] 
            Time: 1180855150 PS

Warning!  Glitch suppression
           Scheduled event for delayed signal of net "D" at time 1180855162 PS was canceled!
            File: /pdk/tsmc/PDK28/PDK_TSMC28_bv/tcbn28hpcplusbwp30p140_190a/TSMCHOME/digital/Front_End/verilog/tcbn28hpcplusbwp30p140_110a/tcbn28hpcplusbwp30p140.v, line = 6576
           Scope: :DUT.\reg_bias_value_reg[14] 
            Time: 1180855150 PS

Warning!  Glitch suppression
           Scheduled event for delayed signal of net "D" at time 1180855162 PS was canceled!
            File: /pdk/tsmc/PDK28/PDK_TSMC28_bv/tcbn28hpcplusbwp30p140_190a/TSMCHOME/digital/Front_End/verilog/tcbn28hpcplusbwp30p140_110a/tcbn28hpcplusbwp30p140.v, line = 6576
           Scope: :DUT.\reg_bias_value_reg[15] 
            Time: 1180855150 PS

Warning!  Glitch suppression
           Scheduled event for delayed signal of net "D" at time 1180855159 PS was canceled!
            File: /pdk/tsmc/PDK28/PDK_TSMC28_bv/tcbn28hpcplusbwp30p140_190a/TSMCHOME/digital/Front_End/verilog/tcbn28hpcplusbwp30p140_110a/tcbn28hpcplusbwp30p140.v, line = 6576
           Scope: :DUT.\reg_bias_value_reg[16] 
            Time: 1180855150 PS

Warning!  Glitch suppression
           Scheduled event for delayed signal of net "D" at time 1180855159 PS was canceled!
            File: /pdk/tsmc/PDK28/PDK_TSMC28_bv/tcbn28hpcplusbwp30p140_190a/TSMCHOME/digital/Front_End/verilog/tcbn28hpcplusbwp30p140_110a/tcbn28hpcplusbwp30p140.v, line = 6576
           Scope: :DUT.\reg_bias_value_reg[17] 
            Time: 1180855150 PS

Warning!  Glitch suppression
           Scheduled event for delayed signal of net "D" at time 1180855159 PS was canceled!
            File: /pdk/tsmc/PDK28/PDK_TSMC28_bv/tcbn28hpcplusbwp30p140_190a/TSMCHOME/digital/Front_End/verilog/tcbn28hpcplusbwp30p140_110a/tcbn28hpcplusbwp30p140.v, line = 6576
           Scope: :DUT.\reg_bias_value_reg[18] 
            Time: 1180855150 PS

Warning!  Glitch suppression
           Scheduled event for delayed signal of net "D" at time 1180855159 PS was canceled!
            File: /pdk/tsmc/PDK28/PDK_TSMC28_bv/tcbn28hpcplusbwp30p140_190a/TSMCHOME/digital/Front_End/verilog/tcbn28hpcplusbwp30p140_110a/tcbn28hpcplusbwp30p140.v, line = 6576
           Scope: :DUT.\reg_bias_value_reg[19] 
            Time: 1180855150 PS

Warning!  Glitch suppression
           Scheduled event for delayed signal of net "D" at time 1180855159 PS was canceled!
            File: /pdk/tsmc/PDK28/PDK_TSMC28_bv/tcbn28hpcplusbwp30p140_190a/TSMCHOME/digital/Front_End/verilog/tcbn28hpcplusbwp30p140_110a/tcbn28hpcplusbwp30p140.v, line = 6576
           Scope: :DUT.\reg_bias_value_reg[20] 
            Time: 1180855150 PS

Warning!  Glitch suppression
           Scheduled event for delayed signal of net "D" at time 1180855159 PS was canceled!
            File: /pdk/tsmc/PDK28/PDK_TSMC28_bv/tcbn28hpcplusbwp30p140_190a/TSMCHOME/digital/Front_End/verilog/tcbn28hpcplusbwp30p140_110a/tcbn28hpcplusbwp30p140.v, line = 6576
           Scope: :DUT.\reg_bias_value_reg[21] 
            Time: 1180855150 PS

Warning!  Glitch suppression
           Scheduled event for delayed signal of net "D" at time 1180855159 PS was canceled!
            File: /pdk/tsmc/PDK28/PDK_TSMC28_bv/tcbn28hpcplusbwp30p140_190a/TSMCHOME/digital/Front_End/verilog/tcbn28hpcplusbwp30p140_110a/tcbn28hpcplusbwp30p140.v, line = 6576
           Scope: :DUT.\reg_bias_value_reg[22] 
            Time: 1180855150 PS

Warning!  Glitch suppression
           Scheduled event for delayed signal of net "D" at time 1180855159 PS was canceled!
            File: /pdk/tsmc/PDK28/PDK_TSMC28_bv/tcbn28hpcplusbwp30p140_190a/TSMCHOME/digital/Front_End/verilog/tcbn28hpcplusbwp30p140_110a/tcbn28hpcplusbwp30p140.v, line = 6576
           Scope: :DUT.\reg_bias_value_reg[23] 
            Time: 1180855150 PS

Warning!  Glitch suppression
           Scheduled event for delayed signal of net "D" at time 1180855159 PS was canceled!
            File: /pdk/tsmc/PDK28/PDK_TSMC28_bv/tcbn28hpcplusbwp30p140_190a/TSMCHOME/digital/Front_End/verilog/tcbn28hpcplusbwp30p140_110a/tcbn28hpcplusbwp30p140.v, line = 6576
           Scope: :DUT.\reg_bias_value_reg[24] 
            Time: 1180855150 PS

Warning!  Glitch suppression
           Scheduled event for delayed signal of net "D" at time 1180855159 PS was canceled!
            File: /pdk/tsmc/PDK28/PDK_TSMC28_bv/tcbn28hpcplusbwp30p140_190a/TSMCHOME/digital/Front_End/verilog/tcbn28hpcplusbwp30p140_110a/tcbn28hpcplusbwp30p140.v, line = 6576
           Scope: :DUT.\reg_bias_value_reg[25] 
            Time: 1180855150 PS

Warning!  Glitch suppression
           Scheduled event for delayed signal of net "D" at time 1180855159 PS was canceled!
            File: /pdk/tsmc/PDK28/PDK_TSMC28_bv/tcbn28hpcplusbwp30p140_190a/TSMCHOME/digital/Front_End/verilog/tcbn28hpcplusbwp30p140_110a/tcbn28hpcplusbwp30p140.v, line = 6576
           Scope: :DUT.\reg_bias_value_reg[26] 
            Time: 1180855150 PS

Warning!  Glitch suppression
           Scheduled event for delayed signal of net "D" at time 1180855159 PS was canceled!
            File: /pdk/tsmc/PDK28/PDK_TSMC28_bv/tcbn28hpcplusbwp30p140_190a/TSMCHOME/digital/Front_End/verilog/tcbn28hpcplusbwp30p140_110a/tcbn28hpcplusbwp30p140.v, line = 6576
           Scope: :DUT.\reg_bias_value_reg[27] 
            Time: 1180855150 PS

Warning!  Glitch suppression
           Scheduled event for delayed signal of net "D" at time 1180855159 PS was canceled!
            File: /pdk/tsmc/PDK28/PDK_TSMC28_bv/tcbn28hpcplusbwp30p140_190a/TSMCHOME/digital/Front_End/verilog/tcbn28hpcplusbwp30p140_110a/tcbn28hpcplusbwp30p140.v, line = 6576
           Scope: :DUT.\reg_bias_value_reg[28] 
            Time: 1180855150 PS

Warning!  Glitch suppression
           Scheduled event for delayed signal of net "D" at time 1180855159 PS was canceled!
            File: /pdk/tsmc/PDK28/PDK_TSMC28_bv/tcbn28hpcplusbwp30p140_190a/TSMCHOME/digital/Front_End/verilog/tcbn28hpcplusbwp30p140_110a/tcbn28hpcplusbwp30p140.v, line = 6576
           Scope: :DUT.\reg_bias_value_reg[29] 
            Time: 1180855150 PS

Warning!  Glitch suppression
           Scheduled event for delayed signal of net "D" at time 1180855159 PS was canceled!
            File: /pdk/tsmc/PDK28/PDK_TSMC28_bv/tcbn28hpcplusbwp30p140_190a/TSMCHOME/digital/Front_End/verilog/tcbn28hpcplusbwp30p140_110a/tcbn28hpcplusbwp30p140.v, line = 6576
           Scope: :DUT.\reg_bias_value_reg[30] 
            Time: 1180855150 PS

Warning!  Glitch suppression
           Scheduled event for delayed signal of net "D" at time 1180855159 PS was canceled!
            File: /pdk/tsmc/PDK28/PDK_TSMC28_bv/tcbn28hpcplusbwp30p140_190a/TSMCHOME/digital/Front_End/verilog/tcbn28hpcplusbwp30p140_110a/tcbn28hpcplusbwp30p140.v, line = 6576
           Scope: :DUT.\reg_bias_value_reg[31] 
            Time: 1180855150 PS

Warning!  Glitch suppression
           Scheduled event for delayed signal of net "D" at time 1180895118 PS was canceled!
            File: /pdk/tsmc/PDK28/PDK_TSMC28_bv/tcbn28hpcplusbwp30p140_190a/TSMCHOME/digital/Front_End/verilog/tcbn28hpcplusbwp30p140_110a/tcbn28hpcplusbwp30p140.v, line = 6576
           Scope: :DUT.\reg_bias_value_reg[0] 
            Time: 1180895106 PS

Warning!  Glitch suppression
           Scheduled event for delayed signal of net "D" at time 1180895118 PS was canceled!
            File: /pdk/tsmc/PDK28/PDK_TSMC28_bv/tcbn28hpcplusbwp30p140_190a/TSMCHOME/digital/Front_End/verilog/tcbn28hpcplusbwp30p140_110a/tcbn28hpcplusbwp30p140.v, line = 6576
           Scope: :DUT.\reg_bias_value_reg[1] 
            Time: 1180895106 PS

Warning!  Glitch suppression
           Scheduled event for delayed signal of net "D" at time 1180895118 PS was canceled!
            File: /pdk/tsmc/PDK28/PDK_TSMC28_bv/tcbn28hpcplusbwp30p140_190a/TSMCHOME/digital/Front_End/verilog/tcbn28hpcplusbwp30p140_110a/tcbn28hpcplusbwp30p140.v, line = 6576
           Scope: :DUT.\reg_bias_value_reg[7] 
            Time: 1180895106 PS

Warning!  Glitch suppression
           Scheduled event for delayed signal of net "D" at time 1180895115 PS was canceled!
            File: /pdk/tsmc/PDK28/PDK_TSMC28_bv/tcbn28hpcplusbwp30p140_190a/TSMCHOME/digital/Front_End/verilog/tcbn28hpcplusbwp30p140_110a/tcbn28hpcplusbwp30p140.v, line = 6576
           Scope: :DUT.\reg_bias_value_reg[16] 
            Time: 1180895108 PS

Warning!  Glitch suppression
           Scheduled event for delayed signal of net "D" at time 1180895115 PS was canceled!
            File: /pdk/tsmc/PDK28/PDK_TSMC28_bv/tcbn28hpcplusbwp30p140_190a/TSMCHOME/digital/Front_End/verilog/tcbn28hpcplusbwp30p140_110a/tcbn28hpcplusbwp30p140.v, line = 6576
           Scope: :DUT.\reg_bias_value_reg[17] 
            Time: 1180895108 PS

Warning!  Glitch suppression
           Scheduled event for delayed signal of net "D" at time 1180895115 PS was canceled!
            File: /pdk/tsmc/PDK28/PDK_TSMC28_bv/tcbn28hpcplusbwp30p140_190a/TSMCHOME/digital/Front_End/verilog/tcbn28hpcplusbwp30p140_110a/tcbn28hpcplusbwp30p140.v, line = 6576
           Scope: :DUT.\reg_bias_value_reg[18] 
            Time: 1180895108 PS

Warning!  Glitch suppression
           Scheduled event for delayed signal of net "D" at time 1180895115 PS was canceled!
            File: /pdk/tsmc/PDK28/PDK_TSMC28_bv/tcbn28hpcplusbwp30p140_190a/TSMCHOME/digital/Front_End/verilog/tcbn28hpcplusbwp30p140_110a/tcbn28hpcplusbwp30p140.v, line = 6576
           Scope: :DUT.\reg_bias_value_reg[19] 
            Time: 1180895108 PS

Warning!  Glitch suppression
           Scheduled event for delayed signal of net "D" at time 1180895115 PS was canceled!
            File: /pdk/tsmc/PDK28/PDK_TSMC28_bv/tcbn28hpcplusbwp30p140_190a/TSMCHOME/digital/Front_End/verilog/tcbn28hpcplusbwp30p140_110a/tcbn28hpcplusbwp30p140.v, line = 6576
           Scope: :DUT.\reg_bias_value_reg[20] 
            Time: 1180895108 PS

Warning!  Glitch suppression
           Scheduled event for delayed signal of net "D" at time 1180895115 PS was canceled!
            File: /pdk/tsmc/PDK28/PDK_TSMC28_bv/tcbn28hpcplusbwp30p140_190a/TSMCHOME/digital/Front_End/verilog/tcbn28hpcplusbwp30p140_110a/tcbn28hpcplusbwp30p140.v, line = 6576
           Scope: :DUT.\reg_bias_value_reg[21] 
            Time: 1180895108 PS

Warning!  Glitch suppression
           Scheduled event for delayed signal of net "D" at time 1180895115 PS was canceled!
            File: /pdk/tsmc/PDK28/PDK_TSMC28_bv/tcbn28hpcplusbwp30p140_190a/TSMCHOME/digital/Front_End/verilog/tcbn28hpcplusbwp30p140_110a/tcbn28hpcplusbwp30p140.v, line = 6576
           Scope: :DUT.\reg_bias_value_reg[22] 
            Time: 1180895108 PS

Warning!  Glitch suppression
           Scheduled event for delayed signal of net "D" at time 1180895115 PS was canceled!
            File: /pdk/tsmc/PDK28/PDK_TSMC28_bv/tcbn28hpcplusbwp30p140_190a/TSMCHOME/digital/Front_End/verilog/tcbn28hpcplusbwp30p140_110a/tcbn28hpcplusbwp30p140.v, line = 6576
           Scope: :DUT.\reg_bias_value_reg[23] 
            Time: 1180895108 PS

Warning!  Glitch suppression
           Scheduled event for delayed signal of net "D" at time 1180895115 PS was canceled!
            File: /pdk/tsmc/PDK28/PDK_TSMC28_bv/tcbn28hpcplusbwp30p140_190a/TSMCHOME/digital/Front_End/verilog/tcbn28hpcplusbwp30p140_110a/tcbn28hpcplusbwp30p140.v, line = 6576
           Scope: :DUT.\reg_bias_value_reg[24] 
            Time: 1180895108 PS

Warning!  Glitch suppression
           Scheduled event for delayed signal of net "D" at time 1180895115 PS was canceled!
            File: /pdk/tsmc/PDK28/PDK_TSMC28_bv/tcbn28hpcplusbwp30p140_190a/TSMCHOME/digital/Front_End/verilog/tcbn28hpcplusbwp30p140_110a/tcbn28hpcplusbwp30p140.v, line = 6576
           Scope: :DUT.\reg_bias_value_reg[25] 
            Time: 1180895108 PS

Warning!  Glitch suppression
           Scheduled event for delayed signal of net "D" at time 1180895115 PS was canceled!
            File: /pdk/tsmc/PDK28/PDK_TSMC28_bv/tcbn28hpcplusbwp30p140_190a/TSMCHOME/digital/Front_End/verilog/tcbn28hpcplusbwp30p140_110a/tcbn28hpcplusbwp30p140.v, line = 6576
           Scope: :DUT.\reg_bias_value_reg[26] 
            Time: 1180895108 PS

Warning!  Glitch suppression
           Scheduled event for delayed signal of net "D" at time 1180895115 PS was canceled!
            File: /pdk/tsmc/PDK28/PDK_TSMC28_bv/tcbn28hpcplusbwp30p140_190a/TSMCHOME/digital/Front_End/verilog/tcbn28hpcplusbwp30p140_110a/tcbn28hpcplusbwp30p140.v, line = 6576
           Scope: :DUT.\reg_bias_value_reg[27] 
            Time: 1180895108 PS

Warning!  Glitch suppression
           Scheduled event for delayed signal of net "D" at time 1180895115 PS was canceled!
            File: /pdk/tsmc/PDK28/PDK_TSMC28_bv/tcbn28hpcplusbwp30p140_190a/TSMCHOME/digital/Front_End/verilog/tcbn28hpcplusbwp30p140_110a/tcbn28hpcplusbwp30p140.v, line = 6576
           Scope: :DUT.\reg_bias_value_reg[28] 
            Time: 1180895108 PS

Warning!  Glitch suppression
           Scheduled event for delayed signal of net "D" at time 1180895115 PS was canceled!
            File: /pdk/tsmc/PDK28/PDK_TSMC28_bv/tcbn28hpcplusbwp30p140_190a/TSMCHOME/digital/Front_End/verilog/tcbn28hpcplusbwp30p140_110a/tcbn28hpcplusbwp30p140.v, line = 6576
           Scope: :DUT.\reg_bias_value_reg[29] 
            Time: 1180895108 PS

Warning!  Glitch suppression
           Scheduled event for delayed signal of net "D" at time 1180895115 PS was canceled!
            File: /pdk/tsmc/PDK28/PDK_TSMC28_bv/tcbn28hpcplusbwp30p140_190a/TSMCHOME/digital/Front_End/verilog/tcbn28hpcplusbwp30p140_110a/tcbn28hpcplusbwp30p140.v, line = 6576
           Scope: :DUT.\reg_bias_value_reg[30] 
            Time: 1180895108 PS

Warning!  Glitch suppression
           Scheduled event for delayed signal of net "D" at time 1180895115 PS was canceled!
            File: /pdk/tsmc/PDK28/PDK_TSMC28_bv/tcbn28hpcplusbwp30p140_190a/TSMCHOME/digital/Front_End/verilog/tcbn28hpcplusbwp30p140_110a/tcbn28hpcplusbwp30p140.v, line = 6576
           Scope: :DUT.\reg_bias_value_reg[31] 
            Time: 1180895108 PS
ASSERT/WARNING (time 1259610 NS) from package ieee.STD_LOGIC_ARITH, this builtin function called  from process :$PROCESS_003 (architecture work.tb:a1)
Built-in function CONV_INTEGER/TO_INTEGER argument too large.
REPORT/NOTE (time 1259610 NS) from process :$PROCESS_003 (architecture work.tb:a1)
number of iwght read: 448
ASSERT/WARNING (time 1259610 NS) from package ieee.STD_LOGIC_ARITH, this builtin function called  from process :$PROCESS_003 (architecture work.tb:a1)
Built-in function CONV_INTEGER/TO_INTEGER argument too large.
REPORT/NOTE (time 1259610 NS) from process :$PROCESS_003 (architecture work.tb:a1)
number of iwght write: 0
ASSERT/WARNING (time 1259610 NS) from package ieee.STD_LOGIC_ARITH, this builtin function called  from process :$PROCESS_003 (architecture work.tb:a1)
Built-in function CONV_INTEGER/TO_INTEGER argument too large.
REPORT/NOTE (time 1259610 NS) from process :$PROCESS_003 (architecture work.tb:a1)
number of ifmap read: 37762
ASSERT/WARNING (time 1259610 NS) from package ieee.STD_LOGIC_ARITH, this builtin function called  from process :$PROCESS_003 (architecture work.tb:a1)
Built-in function CONV_INTEGER/TO_INTEGER argument too large.
REPORT/NOTE (time 1259610 NS) from process :$PROCESS_003 (architecture work.tb:a1)
number of ifmap write: 0
ASSERT/WARNING (time 1259610 NS) from package ieee.STD_LOGIC_ARITH, this builtin function called  from process :$PROCESS_003 (architecture work.tb:a1)
Built-in function CONV_INTEGER/TO_INTEGER argument too large.
REPORT/NOTE (time 1259610 NS) from process :$PROCESS_003 (architecture work.tb:a1)
number of ofmap read: 7200
ASSERT/WARNING (time 1259610 NS) from package ieee.STD_LOGIC_ARITH, this builtin function called  from process :$PROCESS_003 (architecture work.tb:a1)
Built-in function CONV_INTEGER/TO_INTEGER argument too large.
REPORT/NOTE (time 1259610 NS) from process :$PROCESS_003 (architecture work.tb:a1)
number of ofmap write: 10800
REPORT/NOTE (time 1259610 NS) from process :$PROCESS_003 (architecture work.tb:a1)
number of convolutions: 0
REPORT/NOTE (time 1259610 NS) from process :$PROCESS_003 (architecture work.tb:a1)
iwght_active_cycles=1344
REPORT/NOTE (time 1259610 NS) from process :$PROCESS_003 (architecture work.tb:a1)
ifmap_active_cycles=113396
REPORT/NOTE (time 1259610 NS) from process :$PROCESS_003 (architecture work.tb:a1)
ofmap_active_cycles=39600
REPORT/NOTE (time 1259610 NS) from process :$PROCESS_003 (architecture work.tb:a1)
total_cycles=125957
REPORT/FAILURE (time 1259610 NS) from process :$PROCESS_003 (architecture work.tb:a1)
end of simulation without error!
Report at 1259610 NS + 0
/sim/tarsio/acc_dse_env/rtl/convolution-split/syst2d_ws_split_stride1/tb_syst2d_ws_split_stride1_file_synth.vhd:274         report "end of simulation without error!" severity failure;
xcelium> exit
TOOL:	xrun(64)	23.03-s003: Exiting on Jan 27, 2026 at 17:27:31 -03  (total: 00:00:35)
