,batch1,batch10
default2,34653563.222222224,17056288.57777778
maxpool,44008885.333333336,13963556.405555556
default4,33722612.11111111,17798151.82777778
default3,33434134.555555556,17417809.98888889
small,34350506.0,4648583.816666666
default,33380915.777777776,3527244.7222222225
_default,33184197.333333332,8321842.016666668
small3,33329718.0,13554687.116666665
small2,34606203.666666664,8247962.161111111
