============================================================
  Generated by:           Genus(TM) Synthesis Solution 21.12-s068_1
  Generated on:           Mar 27 2026  09:49:04 pm
  Module:                 convolution
  Operating conditions:   ssg0p81v125c 
  Operating conditions:   tt0p9v25c 
  Operating conditions:   ffg0p99vm40c 
  Interconnect mode:      global
  Area mode:              physical library
============================================================

-------------------------------------------------------------------------------
Sequential clock pins without clock waveform

The following sequential clock pins have no clock waveform driving them in mode 
'analysis_view_0p99v_m40c_capbst_fastest'.  No timing constraints will be       
derived for paths leading to or from these pins. (Pin | Source | Reason)        

pin:convolution/RC_CG_DECLONE_HIER_INST/RC_CGIC_INST/CP port:convolution/clock {Unclocked source}
pin:convolution/RC_CG_DECLONE_HIER_INST24610/RC_CGIC_INST/CP port:convolution/clock {Unclocked source}
pin:convolution/RC_CG_HIER_INST1/RC_CGIC_INST/CP port:convolution/clock {Unclocked source}
pin:convolution/RC_CG_HIER_INST10/RC_CGIC_INST/CP port:convolution/clock {Unclocked source}
pin:convolution/RC_CG_HIER_INST11/RC_CGIC_INST/CP port:convolution/clock {Unclocked source}
pin:convolution/RC_CG_HIER_INST12/RC_CGIC_INST/CP port:convolution/clock {Unclocked source}
pin:convolution/RC_CG_HIER_INST13/RC_CGIC_INST/CP port:convolution/clock {Unclocked source}
pin:convolution/RC_CG_HIER_INST14/RC_CGIC_INST/CP port:convolution/clock {Unclocked source}
pin:convolution/RC_CG_HIER_INST15/RC_CGIC_INST/CP port:convolution/clock {Unclocked source}
pin:convolution/RC_CG_HIER_INST16/RC_CGIC_INST/CP port:convolution/clock {Unclocked source}
pin:convolution/RC_CG_HIER_INST17/RC_CGIC_INST/CP port:convolution/clock {Unclocked source}
pin:convolution/RC_CG_HIER_INST18/RC_CGIC_INST/CP port:convolution/clock {Unclocked source}
pin:convolution/RC_CG_HIER_INST19/RC_CGIC_INST/CP port:convolution/clock {Unclocked source}
pin:convolution/RC_CG_HIER_INST2/RC_CGIC_INST/CP port:convolution/clock {Unclocked source}
pin:convolution/RC_CG_HIER_INST20/RC_CGIC_INST/CP port:convolution/clock {Unclocked source}
pin:convolution/RC_CG_HIER_INST21/RC_CGIC_INST/CP port:convolution/clock {Unclocked source}
pin:convolution/RC_CG_HIER_INST22/RC_CGIC_INST/CP port:convolution/clock {Unclocked source}
pin:convolution/RC_CG_HIER_INST23/RC_CGIC_INST/CP port:convolution/clock {Unclocked source}
pin:convolution/RC_CG_HIER_INST24/RC_CGIC_INST/CP port:convolution/clock {Unclocked source}
pin:convolution/RC_CG_HIER_INST25/RC_CGIC_INST/CP port:convolution/clock {Unclocked source}
pin:convolution/RC_CG_HIER_INST26/RC_CGIC_INST/CP port:convolution/clock {Unclocked source}
pin:convolution/RC_CG_HIER_INST27/RC_CGIC_INST/CP port:convolution/clock {Unclocked source}
pin:convolution/RC_CG_HIER_INST28/RC_CGIC_INST/CP port:convolution/clock {Unclocked source}
pin:convolution/RC_CG_HIER_INST29/RC_CGIC_INST/CP port:convolution/clock {Unclocked source}
pin:convolution/RC_CG_HIER_INST3/RC_CGIC_INST/CP port:convolution/clock {Unclocked source}
pin:convolution/RC_CG_HIER_INST30/RC_CGIC_INST/CP port:convolution/clock {Unclocked source}
pin:convolution/RC_CG_HIER_INST31/RC_CGIC_INST/CP port:convolution/clock {Unclocked source}
pin:convolution/RC_CG_HIER_INST33/RC_CGIC_INST/CP port:convolution/clock {Unclocked source}
pin:convolution/RC_CG_HIER_INST34/RC_CGIC_INST/CP port:convolution/clock {Unclocked source}
pin:convolution/RC_CG_HIER_INST35/RC_CGIC_INST/CP port:convolution/clock {Unclocked source}
pin:convolution/RC_CG_HIER_INST36/RC_CGIC_INST/CP port:convolution/clock {Unclocked source}
pin:convolution/RC_CG_HIER_INST37/RC_CGIC_INST/CP port:convolution/clock {Unclocked source}
pin:convolution/RC_CG_HIER_INST4/RC_CGIC_INST/CP port:convolution/clock {Unclocked source}
pin:convolution/RC_CG_HIER_INST5/RC_CGIC_INST/CP port:convolution/clock {Unclocked source}
pin:convolution/RC_CG_HIER_INST6/RC_CGIC_INST/CP port:convolution/clock {Unclocked source}
pin:convolution/RC_CG_HIER_INST8/RC_CGIC_INST/CP port:convolution/clock {Unclocked source}
pin:convolution/RC_CG_HIER_INST9/RC_CGIC_INST/CP port:convolution/clock {Unclocked source}
pin:convolution/ce_control_reg/CP port:convolution/clock {Unclocked source}
pin:convolution/ce_flag_reg/CP port:convolution/clock {Unclocked source}
pin:convolution/control_iteration_flag_reg/CP port:convolution/clock {Unclocked source}
pin:convolution/en_reg_flag_reg/CP port:convolution/clock {Unclocked source}
pin:convolution/end_conv_reg_reg/CP port:convolution/clock {Unclocked source}
pin:convolution/end_conv_signal_reg/CP port:convolution/clock {Unclocked source}
pin:convolution/partial_valid_flag_reg/CP port:convolution/clock {Unclocked source}
pin:convolution/partial_wr_reg/CP port:convolution/clock {Unclocked source}
pin:convolution/read_bias_flag_reg/CP port:convolution/clock {Unclocked source}
pin:convolution/read_bias_reg/CP port:convolution/clock {Unclocked source}
pin:convolution/read_weight_flag_reg/CP port:convolution/clock {Unclocked source}
pin:convolution/read_weights_reg/CP port:convolution/clock {Unclocked source}
pin:convolution/reg_read_bias_reg/CP port:convolution/clock {Unclocked source}
pin:convolution/reg_read_weights_reg/CP port:convolution/clock {Unclocked source}
pin:convolution/reg_reg_start_mac_reg/CP port:convolution/clock {Unclocked source}
pin:convolution/reg_start_mac_reg/CP port:convolution/clock {Unclocked source}
pin:convolution/start_mac_reg/CP port:convolution/clock {Unclocked source}
pin:convolution/update_add_base_reg/CP port:convolution/clock {Unclocked source}
{pin:convolution/EA_add_reg[0]/CP} port:convolution/clock {Unclocked source}
{pin:convolution/EA_add_reg[1]/CP} port:convolution/clock {Unclocked source}
{pin:convolution/EA_add_reg[2]/CP} port:convolution/clock {Unclocked source}
{pin:convolution/EA_read_reg[0]/CP} port:convolution/clock {Unclocked source}
{pin:convolution/EA_read_reg[1]/CP} port:convolution/clock {Unclocked source}
{pin:convolution/EA_read_reg[2]/CP} port:convolution/clock {Unclocked source}
{pin:convolution/H_reg[0]/CP} port:convolution/clock {Unclocked source}
{pin:convolution/H_reg[1]/CP} port:convolution/clock {Unclocked source}
{pin:convolution/H_reg[2]/CP} port:convolution/clock {Unclocked source}
{pin:convolution/H_reg[3]/CP} port:convolution/clock {Unclocked source}
{pin:convolution/H_reg[4]/CP} port:convolution/clock {Unclocked source}
{pin:convolution/V_reg[10]/CP} port:convolution/clock {Unclocked source}
{pin:convolution/V_reg[11]/CP} port:convolution/clock {Unclocked source}
{pin:convolution/V_reg[12]/CP} port:convolution/clock {Unclocked source}
{pin:convolution/V_reg[13]/CP} port:convolution/clock {Unclocked source}
{pin:convolution/V_reg[14]/CP} port:convolution/clock {Unclocked source}
{pin:convolution/V_reg[15]/CP} port:convolution/clock {Unclocked source}
{pin:convolution/V_reg[5]/CP} port:convolution/clock {Unclocked source}
{pin:convolution/V_reg[6]/CP} port:convolution/clock {Unclocked source}
{pin:convolution/V_reg[7]/CP} port:convolution/clock {Unclocked source}
{pin:convolution/V_reg[8]/CP} port:convolution/clock {Unclocked source}
{pin:convolution/V_reg[9]/CP} port:convolution/clock {Unclocked source}
{pin:convolution/add_reg[0][0]/CP} port:convolution/clock {Unclocked source}
{pin:convolution/add_reg[0][10]/CP} port:convolution/clock {Unclocked source}
{pin:convolution/add_reg[0][11]/CP} port:convolution/clock {Unclocked source}
{pin:convolution/add_reg[0][12]/CP} port:convolution/clock {Unclocked source}
{pin:convolution/add_reg[0][13]/CP} port:convolution/clock {Unclocked source}
{pin:convolution/add_reg[0][14]/CP} port:convolution/clock {Unclocked source}
{pin:convolution/add_reg[0][15]/CP} port:convolution/clock {Unclocked source}
{pin:convolution/add_reg[0][1]/CP} port:convolution/clock {Unclocked source}
{pin:convolution/add_reg[0][2]/CP} port:convolution/clock {Unclocked source}
{pin:convolution/add_reg[0][3]/CP} port:convolution/clock {Unclocked source}
{pin:convolution/add_reg[0][4]/CP} port:convolution/clock {Unclocked source}
{pin:convolution/add_reg[0][5]/CP} port:convolution/clock {Unclocked source}
{pin:convolution/add_reg[0][6]/CP} port:convolution/clock {Unclocked source}
{pin:convolution/add_reg[0][7]/CP} port:convolution/clock {Unclocked source}
{pin:convolution/add_reg[0][8]/CP} port:convolution/clock {Unclocked source}
{pin:convolution/add_reg[0][9]/CP} port:convolution/clock {Unclocked source}
{pin:convolution/add_reg[1][0]/CP} port:convolution/clock {Unclocked source}
{pin:convolution/add_reg[1][10]/CP} port:convolution/clock {Unclocked source}
{pin:convolution/add_reg[1][11]/CP} port:convolution/clock {Unclocked source}
{pin:convolution/add_reg[1][12]/CP} port:convolution/clock {Unclocked source}
{pin:convolution/add_reg[1][13]/CP} port:convolution/clock {Unclocked source}
{pin:convolution/add_reg[1][14]/CP} port:convolution/clock {Unclocked source}
{pin:convolution/add_reg[1][15]/CP} port:convolution/clock {Unclocked source}
{pin:convolution/add_reg[1][1]/CP} port:convolution/clock {Unclocked source}
{pin:convolution/add_reg[1][2]/CP} port:convolution/clock {Unclocked source}
{pin:convolution/add_reg[1][3]/CP} port:convolution/clock {Unclocked source}
{pin:convolution/add_reg[1][4]/CP} port:convolution/clock {Unclocked source}
{pin:convolution/add_reg[1][5]/CP} port:convolution/clock {Unclocked source}
{pin:convolution/add_reg[1][6]/CP} port:convolution/clock {Unclocked source}
{pin:convolution/add_reg[1][7]/CP} port:convolution/clock {Unclocked source}
{pin:convolution/add_reg[1][8]/CP} port:convolution/clock {Unclocked source}
{pin:convolution/add_reg[1][9]/CP} port:convolution/clock {Unclocked source}
{pin:convolution/add_reg[2][0]/CP} port:convolution/clock {Unclocked source}
{pin:convolution/add_reg[2][10]/CP} port:convolution/clock {Unclocked source}
{pin:convolution/add_reg[2][11]/CP} port:convolution/clock {Unclocked source}
{pin:convolution/add_reg[2][12]/CP} port:convolution/clock {Unclocked source}
{pin:convolution/add_reg[2][13]/CP} port:convolution/clock {Unclocked source}
{pin:convolution/add_reg[2][14]/CP} port:convolution/clock {Unclocked source}
{pin:convolution/add_reg[2][15]/CP} port:convolution/clock {Unclocked source}
{pin:convolution/add_reg[2][1]/CP} port:convolution/clock {Unclocked source}
{pin:convolution/add_reg[2][2]/CP} port:convolution/clock {Unclocked source}
{pin:convolution/add_reg[2][3]/CP} port:convolution/clock {Unclocked source}
{pin:convolution/add_reg[2][4]/CP} port:convolution/clock {Unclocked source}
{pin:convolution/add_reg[2][5]/CP} port:convolution/clock {Unclocked source}
{pin:convolution/add_reg[2][6]/CP} port:convolution/clock {Unclocked source}
{pin:convolution/add_reg[2][7]/CP} port:convolution/clock {Unclocked source}
{pin:convolution/add_reg[2][8]/CP} port:convolution/clock {Unclocked source}
{pin:convolution/add_reg[2][9]/CP} port:convolution/clock {Unclocked source}
{pin:convolution/address_base_reg[10]/CP} port:convolution/clock {Unclocked source}
{pin:convolution/address_base_reg[11]/CP} port:convolution/clock {Unclocked source}
{pin:convolution/address_base_reg[12]/CP} port:convolution/clock {Unclocked source}
{pin:convolution/address_base_reg[13]/CP} port:convolution/clock {Unclocked source}
{pin:convolution/address_base_reg[14]/CP} port:convolution/clock {Unclocked source}
{pin:convolution/address_base_reg[15]/CP} port:convolution/clock {Unclocked source}
{pin:convolution/bias_x_reg[0]/CP} port:convolution/clock {Unclocked source}
{pin:convolution/bias_x_reg[10]/CP} port:convolution/clock {Unclocked source}
{pin:convolution/bias_x_reg[11]/CP} port:convolution/clock {Unclocked source}
{pin:convolution/bias_x_reg[12]/CP} port:convolution/clock {Unclocked source}
{pin:convolution/bias_x_reg[13]/CP} port:convolution/clock {Unclocked source}
{pin:convolution/bias_x_reg[14]/CP} port:convolution/clock {Unclocked source}
{pin:convolution/bias_x_reg[15]/CP} port:convolution/clock {Unclocked source}
{pin:convolution/bias_x_reg[1]/CP} port:convolution/clock {Unclocked source}
{pin:convolution/bias_x_reg[2]/CP} port:convolution/clock {Unclocked source}
{pin:convolution/bias_x_reg[3]/CP} port:convolution/clock {Unclocked source}
{pin:convolution/bias_x_reg[4]/CP} port:convolution/clock {Unclocked source}
{pin:convolution/bias_x_reg[5]/CP} port:convolution/clock {Unclocked source}
{pin:convolution/bias_x_reg[6]/CP} port:convolution/clock {Unclocked source}
{pin:convolution/bias_x_reg[7]/CP} port:convolution/clock {Unclocked source}
{pin:convolution/bias_x_reg[8]/CP} port:convolution/clock {Unclocked source}
{pin:convolution/bias_x_reg[9]/CP} port:convolution/clock {Unclocked source}
{pin:convolution/buffer_features_reg[0][0]/CP} port:convolution/clock {Unclocked source}
{pin:convolution/buffer_features_reg[0][10]/CP} port:convolution/clock {Unclocked source}
{pin:convolution/buffer_features_reg[0][11]/CP} port:convolution/clock {Unclocked source}
{pin:convolution/buffer_features_reg[0][12]/CP} port:convolution/clock {Unclocked source}
{pin:convolution/buffer_features_reg[0][13]/CP} port:convolution/clock {Unclocked source}
{pin:convolution/buffer_features_reg[0][14]/CP} port:convolution/clock {Unclocked source}
{pin:convolution/buffer_features_reg[0][15]/CP} port:convolution/clock {Unclocked source}
{pin:convolution/buffer_features_reg[0][16]/CP} port:convolution/clock {Unclocked source}
{pin:convolution/buffer_features_reg[0][17]/CP} port:convolution/clock {Unclocked source}
{pin:convolution/buffer_features_reg[0][18]/CP} port:convolution/clock {Unclocked source}
{pin:convolution/buffer_features_reg[0][19]/CP} port:convolution/clock {Unclocked source}
{pin:convolution/buffer_features_reg[0][1]/CP} port:convolution/clock {Unclocked source}
{pin:convolution/buffer_features_reg[0][2]/CP} port:convolution/clock {Unclocked source}
{pin:convolution/buffer_features_reg[0][3]/CP} port:convolution/clock {Unclocked source}
{pin:convolution/buffer_features_reg[0][4]/CP} port:convolution/clock {Unclocked source}
{pin:convolution/buffer_features_reg[0][5]/CP} port:convolution/clock {Unclocked source}
{pin:convolution/buffer_features_reg[0][6]/CP} port:convolution/clock {Unclocked source}
{pin:convolution/buffer_features_reg[0][7]/CP} port:convolution/clock {Unclocked source}
{pin:convolution/buffer_features_reg[0][8]/CP} port:convolution/clock {Unclocked source}
{pin:convolution/buffer_features_reg[0][9]/CP} port:convolution/clock {Unclocked source}
{pin:convolution/buffer_features_reg[1][0]/CP} port:convolution/clock {Unclocked source}
{pin:convolution/buffer_features_reg[1][10]/CP} port:convolution/clock {Unclocked source}
{pin:convolution/buffer_features_reg[1][11]/CP} port:convolution/clock {Unclocked source}
{pin:convolution/buffer_features_reg[1][12]/CP} port:convolution/clock {Unclocked source}
{pin:convolution/buffer_features_reg[1][13]/CP} port:convolution/clock {Unclocked source}
{pin:convolution/buffer_features_reg[1][14]/CP} port:convolution/clock {Unclocked source}
{pin:convolution/buffer_features_reg[1][15]/CP} port:convolution/clock {Unclocked source}
{pin:convolution/buffer_features_reg[1][16]/CP} port:convolution/clock {Unclocked source}
{pin:convolution/buffer_features_reg[1][17]/CP} port:convolution/clock {Unclocked source}
{pin:convolution/buffer_features_reg[1][18]/CP} port:convolution/clock {Unclocked source}
{pin:convolution/buffer_features_reg[1][19]/CP} port:convolution/clock {Unclocked source}
{pin:convolution/buffer_features_reg[1][1]/CP} port:convolution/clock {Unclocked source}
{pin:convolution/buffer_features_reg[1][2]/CP} port:convolution/clock {Unclocked source}
{pin:convolution/buffer_features_reg[1][3]/CP} port:convolution/clock {Unclocked source}
{pin:convolution/buffer_features_reg[1][4]/CP} port:convolution/clock {Unclocked source}
{pin:convolution/buffer_features_reg[1][5]/CP} port:convolution/clock {Unclocked source}
{pin:convolution/buffer_features_reg[1][6]/CP} port:convolution/clock {Unclocked source}
{pin:convolution/buffer_features_reg[1][7]/CP} port:convolution/clock {Unclocked source}
{pin:convolution/buffer_features_reg[1][8]/CP} port:convolution/clock {Unclocked source}
{pin:convolution/buffer_features_reg[1][9]/CP} port:convolution/clock {Unclocked source}
{pin:convolution/buffer_features_reg[2][0]/CP} port:convolution/clock {Unclocked source}
{pin:convolution/buffer_features_reg[2][10]/CP} port:convolution/clock {Unclocked source}
{pin:convolution/buffer_features_reg[2][11]/CP} port:convolution/clock {Unclocked source}
{pin:convolution/buffer_features_reg[2][12]/CP} port:convolution/clock {Unclocked source}
{pin:convolution/buffer_features_reg[2][13]/CP} port:convolution/clock {Unclocked source}
{pin:convolution/buffer_features_reg[2][14]/CP} port:convolution/clock {Unclocked source}
{pin:convolution/buffer_features_reg[2][15]/CP} port:convolution/clock {Unclocked source}
{pin:convolution/buffer_features_reg[2][16]/CP} port:convolution/clock {Unclocked source}
{pin:convolution/buffer_features_reg[2][17]/CP} port:convolution/clock {Unclocked source}
{pin:convolution/buffer_features_reg[2][18]/CP} port:convolution/clock {Unclocked source}
{pin:convolution/buffer_features_reg[2][19]/CP} port:convolution/clock {Unclocked source}
{pin:convolution/buffer_features_reg[2][1]/CP} port:convolution/clock {Unclocked source}
{pin:convolution/buffer_features_reg[2][2]/CP} port:convolution/clock {Unclocked source}
{pin:convolution/buffer_features_reg[2][3]/CP} port:convolution/clock {Unclocked source}
{pin:convolution/buffer_features_reg[2][4]/CP} port:convolution/clock {Unclocked source}
{pin:convolution/buffer_features_reg[2][5]/CP} port:convolution/clock {Unclocked source}
{pin:convolution/buffer_features_reg[2][6]/CP} port:convolution/clock {Unclocked source}
{pin:convolution/buffer_features_reg[2][7]/CP} port:convolution/clock {Unclocked source}
{pin:convolution/buffer_features_reg[2][8]/CP} port:convolution/clock {Unclocked source}
{pin:convolution/buffer_features_reg[2][9]/CP} port:convolution/clock {Unclocked source}
{pin:convolution/channel_control_reg[0]/CP} port:convolution/clock {Unclocked source}
{pin:convolution/channel_control_reg[1]/CP} port:convolution/clock {Unclocked source}
{pin:convolution/cont_conv_plus1_reg[0]/CP} port:convolution/clock {Unclocked source}
{pin:convolution/cont_conv_plus1_reg[10]/CP} port:convolution/clock {Unclocked source}
{pin:convolution/cont_conv_plus1_reg[11]/CP} port:convolution/clock {Unclocked source}
{pin:convolution/cont_conv_plus1_reg[12]/CP} port:convolution/clock {Unclocked source}
{pin:convolution/cont_conv_plus1_reg[13]/CP} port:convolution/clock {Unclocked source}
{pin:convolution/cont_conv_plus1_reg[14]/CP} port:convolution/clock {Unclocked source}
{pin:convolution/cont_conv_plus1_reg[15]/CP} port:convolution/clock {Unclocked source}
{pin:convolution/cont_conv_plus1_reg[16]/CP} port:convolution/clock {Unclocked source}
{pin:convolution/cont_conv_plus1_reg[17]/CP} port:convolution/clock {Unclocked source}
{pin:convolution/cont_conv_plus1_reg[18]/CP} port:convolution/clock {Unclocked source}
{pin:convolution/cont_conv_plus1_reg[19]/CP} port:convolution/clock {Unclocked source}
{pin:convolution/cont_conv_plus1_reg[1]/CP} port:convolution/clock {Unclocked source}
{pin:convolution/cont_conv_plus1_reg[20]/CP} port:convolution/clock {Unclocked source}
{pin:convolution/cont_conv_plus1_reg[21]/CP} port:convolution/clock {Unclocked source}
{pin:convolution/cont_conv_plus1_reg[22]/CP} port:convolution/clock {Unclocked source}
{pin:convolution/cont_conv_plus1_reg[23]/CP} port:convolution/clock {Unclocked source}
{pin:convolution/cont_conv_plus1_reg[24]/CP} port:convolution/clock {Unclocked source}
{pin:convolution/cont_conv_plus1_reg[25]/CP} port:convolution/clock {Unclocked source}
{pin:convolution/cont_conv_plus1_reg[26]/CP} port:convolution/clock {Unclocked source}
{pin:convolution/cont_conv_plus1_reg[27]/CP} port:convolution/clock {Unclocked source}
{pin:convolution/cont_conv_plus1_reg[28]/CP} port:convolution/clock {Unclocked source}
{pin:convolution/cont_conv_plus1_reg[29]/CP} port:convolution/clock {Unclocked source}
{pin:convolution/cont_conv_plus1_reg[2]/CP} port:convolution/clock {Unclocked source}
{pin:convolution/cont_conv_plus1_reg[30]/CP} port:convolution/clock {Unclocked source}
{pin:convolution/cont_conv_plus1_reg[31]/CP} port:convolution/clock {Unclocked source}
{pin:convolution/cont_conv_plus1_reg[3]/CP} port:convolution/clock {Unclocked source}
{pin:convolution/cont_conv_plus1_reg[4]/CP} port:convolution/clock {Unclocked source}
{pin:convolution/cont_conv_plus1_reg[5]/CP} port:convolution/clock {Unclocked source}
{pin:convolution/cont_conv_plus1_reg[6]/CP} port:convolution/clock {Unclocked source}
{pin:convolution/cont_conv_plus1_reg[7]/CP} port:convolution/clock {Unclocked source}
{pin:convolution/cont_conv_plus1_reg[8]/CP} port:convolution/clock {Unclocked source}
{pin:convolution/cont_conv_plus1_reg[9]/CP} port:convolution/clock {Unclocked source}
{pin:convolution/cont_conv_reg[0]/CP} port:convolution/clock {Unclocked source}
{pin:convolution/cont_conv_reg[10]/CP} port:convolution/clock {Unclocked source}
{pin:convolution/cont_conv_reg[11]/CP} port:convolution/clock {Unclocked source}
{pin:convolution/cont_conv_reg[12]/CP} port:convolution/clock {Unclocked source}
{pin:convolution/cont_conv_reg[13]/CP} port:convolution/clock {Unclocked source}
{pin:convolution/cont_conv_reg[14]/CP} port:convolution/clock {Unclocked source}
{pin:convolution/cont_conv_reg[15]/CP} port:convolution/clock {Unclocked source}
{pin:convolution/cont_conv_reg[16]/CP} port:convolution/clock {Unclocked source}
{pin:convolution/cont_conv_reg[17]/CP} port:convolution/clock {Unclocked source}
{pin:convolution/cont_conv_reg[18]/CP} port:convolution/clock {Unclocked source}
{pin:convolution/cont_conv_reg[19]/CP} port:convolution/clock {Unclocked source}
{pin:convolution/cont_conv_reg[1]/CP} port:convolution/clock {Unclocked source}
{pin:convolution/cont_conv_reg[20]/CP} port:convolution/clock {Unclocked source}
{pin:convolution/cont_conv_reg[21]/CP} port:convolution/clock {Unclocked source}
{pin:convolution/cont_conv_reg[22]/CP} port:convolution/clock {Unclocked source}
{pin:convolution/cont_conv_reg[23]/CP} port:convolution/clock {Unclocked source}
{pin:convolution/cont_conv_reg[24]/CP} port:convolution/clock {Unclocked source}
{pin:convolution/cont_conv_reg[25]/CP} port:convolution/clock {Unclocked source}
{pin:convolution/cont_conv_reg[26]/CP} port:convolution/clock {Unclocked source}
{pin:convolution/cont_conv_reg[27]/CP} port:convolution/clock {Unclocked source}
{pin:convolution/cont_conv_reg[28]/CP} port:convolution/clock {Unclocked source}
{pin:convolution/cont_conv_reg[29]/CP} port:convolution/clock {Unclocked source}
{pin:convolution/cont_conv_reg[2]/CP} port:convolution/clock {Unclocked source}
{pin:convolution/cont_conv_reg[30]/CP} port:convolution/clock {Unclocked source}
{pin:convolution/cont_conv_reg[31]/CP} port:convolution/clock {Unclocked source}
{pin:convolution/cont_conv_reg[3]/CP} port:convolution/clock {Unclocked source}
{pin:convolution/cont_conv_reg[4]/CP} port:convolution/clock {Unclocked source}
{pin:convolution/cont_conv_reg[5]/CP} port:convolution/clock {Unclocked source}
{pin:convolution/cont_conv_reg[6]/CP} port:convolution/clock {Unclocked source}
{pin:convolution/cont_conv_reg[7]/CP} port:convolution/clock {Unclocked source}
{pin:convolution/cont_conv_reg[8]/CP} port:convolution/clock {Unclocked source}
{pin:convolution/cont_conv_reg[9]/CP} port:convolution/clock {Unclocked source}
{pin:convolution/cont_debug_reg[0]/CP} port:convolution/clock {Unclocked source}
{pin:convolution/cont_debug_reg[10]/CP} port:convolution/clock {Unclocked source}
{pin:convolution/cont_debug_reg[11]/CP} port:convolution/clock {Unclocked source}
{pin:convolution/cont_debug_reg[12]/CP} port:convolution/clock {Unclocked source}
{pin:convolution/cont_debug_reg[13]/CP} port:convolution/clock {Unclocked source}
{pin:convolution/cont_debug_reg[14]/CP} port:convolution/clock {Unclocked source}
{pin:convolution/cont_debug_reg[15]/CP} port:convolution/clock {Unclocked source}
{pin:convolution/cont_debug_reg[16]/CP} port:convolution/clock {Unclocked source}
{pin:convolution/cont_debug_reg[17]/CP} port:convolution/clock {Unclocked source}
{pin:convolution/cont_debug_reg[18]/CP} port:convolution/clock {Unclocked source}
{pin:convolution/cont_debug_reg[19]/CP} port:convolution/clock {Unclocked source}
{pin:convolution/cont_debug_reg[1]/CP} port:convolution/clock {Unclocked source}
{pin:convolution/cont_debug_reg[20]/CP} port:convolution/clock {Unclocked source}
{pin:convolution/cont_debug_reg[21]/CP} port:convolution/clock {Unclocked source}
{pin:convolution/cont_debug_reg[22]/CP} port:convolution/clock {Unclocked source}
{pin:convolution/cont_debug_reg[23]/CP} port:convolution/clock {Unclocked source}
{pin:convolution/cont_debug_reg[24]/CP} port:convolution/clock {Unclocked source}
{pin:convolution/cont_debug_reg[25]/CP} port:convolution/clock {Unclocked source}
{pin:convolution/cont_debug_reg[26]/CP} port:convolution/clock {Unclocked source}
{pin:convolution/cont_debug_reg[27]/CP} port:convolution/clock {Unclocked source}
{pin:convolution/cont_debug_reg[28]/CP} port:convolution/clock {Unclocked source}
{pin:convolution/cont_debug_reg[29]/CP} port:convolution/clock {Unclocked source}
{pin:convolution/cont_debug_reg[2]/CP} port:convolution/clock {Unclocked source}
{pin:convolution/cont_debug_reg[30]/CP} port:convolution/clock {Unclocked source}
{pin:convolution/cont_debug_reg[31]/CP} port:convolution/clock {Unclocked source}
{pin:convolution/cont_debug_reg[3]/CP} port:convolution/clock {Unclocked source}
{pin:convolution/cont_debug_reg[4]/CP} port:convolution/clock {Unclocked source}
{pin:convolution/cont_debug_reg[5]/CP} port:convolution/clock {Unclocked source}
{pin:convolution/cont_debug_reg[6]/CP} port:convolution/clock {Unclocked source}
{pin:convolution/cont_debug_reg[7]/CP} port:convolution/clock {Unclocked source}
{pin:convolution/cont_debug_reg[8]/CP} port:convolution/clock {Unclocked source}
{pin:convolution/cont_debug_reg[9]/CP} port:convolution/clock {Unclocked source}
{pin:convolution/cont_iterations_reg[0]/CP} port:convolution/clock {Unclocked source}
{pin:convolution/cont_iterations_reg[1]/CP} port:convolution/clock {Unclocked source}
{pin:convolution/cont_iterations_reg[2]/CP} port:convolution/clock {Unclocked source}
{pin:convolution/cont_iterations_reg[3]/CP} port:convolution/clock {Unclocked source}
{pin:convolution/cont_iterations_reg[4]/CP} port:convolution/clock {Unclocked source}
{pin:convolution/cont_steps_reg[0]/CP} port:convolution/clock {Unclocked source}
{pin:convolution/cont_steps_reg[1]/CP} port:convolution/clock {Unclocked source}
{pin:convolution/cont_steps_reg[2]/CP} port:convolution/clock {Unclocked source}
{pin:convolution/cont_total_valid_reg[0]/CP} port:convolution/clock {Unclocked source}
{pin:convolution/cont_total_valid_reg[10]/CP} port:convolution/clock {Unclocked source}
{pin:convolution/cont_total_valid_reg[11]/CP} port:convolution/clock {Unclocked source}
{pin:convolution/cont_total_valid_reg[12]/CP} port:convolution/clock {Unclocked source}
{pin:convolution/cont_total_valid_reg[13]/CP} port:convolution/clock {Unclocked source}
{pin:convolution/cont_total_valid_reg[14]/CP} port:convolution/clock {Unclocked source}
{pin:convolution/cont_total_valid_reg[15]/CP} port:convolution/clock {Unclocked source}
{pin:convolution/cont_total_valid_reg[16]/CP} port:convolution/clock {Unclocked source}
{pin:convolution/cont_total_valid_reg[17]/CP} port:convolution/clock {Unclocked source}
{pin:convolution/cont_total_valid_reg[18]/CP} port:convolution/clock {Unclocked source}
{pin:convolution/cont_total_valid_reg[19]/CP} port:convolution/clock {Unclocked source}
{pin:convolution/cont_total_valid_reg[1]/CP} port:convolution/clock {Unclocked source}
{pin:convolution/cont_total_valid_reg[20]/CP} port:convolution/clock {Unclocked source}
{pin:convolution/cont_total_valid_reg[21]/CP} port:convolution/clock {Unclocked source}
{pin:convolution/cont_total_valid_reg[22]/CP} port:convolution/clock {Unclocked source}
{pin:convolution/cont_total_valid_reg[23]/CP} port:convolution/clock {Unclocked source}
{pin:convolution/cont_total_valid_reg[24]/CP} port:convolution/clock {Unclocked source}
{pin:convolution/cont_total_valid_reg[25]/CP} port:convolution/clock {Unclocked source}
{pin:convolution/cont_total_valid_reg[26]/CP} port:convolution/clock {Unclocked source}
{pin:convolution/cont_total_valid_reg[27]/CP} port:convolution/clock {Unclocked source}
{pin:convolution/cont_total_valid_reg[28]/CP} port:convolution/clock {Unclocked source}
{pin:convolution/cont_total_valid_reg[29]/CP} port:convolution/clock {Unclocked source}
{pin:convolution/cont_total_valid_reg[2]/CP} port:convolution/clock {Unclocked source}
{pin:convolution/cont_total_valid_reg[30]/CP} port:convolution/clock {Unclocked source}
{pin:convolution/cont_total_valid_reg[31]/CP} port:convolution/clock {Unclocked source}
{pin:convolution/cont_total_valid_reg[3]/CP} port:convolution/clock {Unclocked source}
{pin:convolution/cont_total_valid_reg[4]/CP} port:convolution/clock {Unclocked source}
{pin:convolution/cont_total_valid_reg[5]/CP} port:convolution/clock {Unclocked source}
{pin:convolution/cont_total_valid_reg[6]/CP} port:convolution/clock {Unclocked source}
{pin:convolution/cont_total_valid_reg[7]/CP} port:convolution/clock {Unclocked source}
{pin:convolution/cont_total_valid_reg[8]/CP} port:convolution/clock {Unclocked source}
{pin:convolution/cont_total_valid_reg[9]/CP} port:convolution/clock {Unclocked source}
{pin:convolution/cont_valid_reg[0]/CP} port:convolution/clock {Unclocked source}
{pin:convolution/cont_valid_reg[10]/CP} port:convolution/clock {Unclocked source}
{pin:convolution/cont_valid_reg[11]/CP} port:convolution/clock {Unclocked source}
{pin:convolution/cont_valid_reg[12]/CP} port:convolution/clock {Unclocked source}
{pin:convolution/cont_valid_reg[13]/CP} port:convolution/clock {Unclocked source}
{pin:convolution/cont_valid_reg[14]/CP} port:convolution/clock {Unclocked source}
{pin:convolution/cont_valid_reg[15]/CP} port:convolution/clock {Unclocked source}
{pin:convolution/cont_valid_reg[16]/CP} port:convolution/clock {Unclocked source}
{pin:convolution/cont_valid_reg[17]/CP} port:convolution/clock {Unclocked source}
{pin:convolution/cont_valid_reg[18]/CP} port:convolution/clock {Unclocked source}
{pin:convolution/cont_valid_reg[19]/CP} port:convolution/clock {Unclocked source}
{pin:convolution/cont_valid_reg[1]/CP} port:convolution/clock {Unclocked source}
{pin:convolution/cont_valid_reg[20]/CP} port:convolution/clock {Unclocked source}
{pin:convolution/cont_valid_reg[21]/CP} port:convolution/clock {Unclocked source}
{pin:convolution/cont_valid_reg[22]/CP} port:convolution/clock {Unclocked source}
{pin:convolution/cont_valid_reg[23]/CP} port:convolution/clock {Unclocked source}
{pin:convolution/cont_valid_reg[24]/CP} port:convolution/clock {Unclocked source}
{pin:convolution/cont_valid_reg[25]/CP} port:convolution/clock {Unclocked source}
{pin:convolution/cont_valid_reg[26]/CP} port:convolution/clock {Unclocked source}
{pin:convolution/cont_valid_reg[27]/CP} port:convolution/clock {Unclocked source}
{pin:convolution/cont_valid_reg[28]/CP} port:convolution/clock {Unclocked source}
{pin:convolution/cont_valid_reg[29]/CP} port:convolution/clock {Unclocked source}
{pin:convolution/cont_valid_reg[2]/CP} port:convolution/clock {Unclocked source}
{pin:convolution/cont_valid_reg[30]/CP} port:convolution/clock {Unclocked source}
{pin:convolution/cont_valid_reg[31]/CP} port:convolution/clock {Unclocked source}
{pin:convolution/cont_valid_reg[3]/CP} port:convolution/clock {Unclocked source}
{pin:convolution/cont_valid_reg[4]/CP} port:convolution/clock {Unclocked source}
{pin:convolution/cont_valid_reg[5]/CP} port:convolution/clock {Unclocked source}
{pin:convolution/cont_valid_reg[6]/CP} port:convolution/clock {Unclocked source}
{pin:convolution/cont_valid_reg[7]/CP} port:convolution/clock {Unclocked source}
{pin:convolution/cont_valid_reg[8]/CP} port:convolution/clock {Unclocked source}
{pin:convolution/cont_valid_reg[9]/CP} port:convolution/clock {Unclocked source}
{pin:convolution/cont_weight_cycles_reg[0]/CP} port:convolution/clock {Unclocked source}
{pin:convolution/cont_weight_cycles_reg[10]/CP} port:convolution/clock {Unclocked source}
{pin:convolution/cont_weight_cycles_reg[11]/CP} port:convolution/clock {Unclocked source}
{pin:convolution/cont_weight_cycles_reg[12]/CP} port:convolution/clock {Unclocked source}
{pin:convolution/cont_weight_cycles_reg[13]/CP} port:convolution/clock {Unclocked source}
{pin:convolution/cont_weight_cycles_reg[14]/CP} port:convolution/clock {Unclocked source}
{pin:convolution/cont_weight_cycles_reg[15]/CP} port:convolution/clock {Unclocked source}
{pin:convolution/cont_weight_cycles_reg[16]/CP} port:convolution/clock {Unclocked source}
{pin:convolution/cont_weight_cycles_reg[17]/CP} port:convolution/clock {Unclocked source}
{pin:convolution/cont_weight_cycles_reg[18]/CP} port:convolution/clock {Unclocked source}
{pin:convolution/cont_weight_cycles_reg[19]/CP} port:convolution/clock {Unclocked source}
{pin:convolution/cont_weight_cycles_reg[1]/CP} port:convolution/clock {Unclocked source}
{pin:convolution/cont_weight_cycles_reg[20]/CP} port:convolution/clock {Unclocked source}
{pin:convolution/cont_weight_cycles_reg[21]/CP} port:convolution/clock {Unclocked source}
{pin:convolution/cont_weight_cycles_reg[22]/CP} port:convolution/clock {Unclocked source}
{pin:convolution/cont_weight_cycles_reg[23]/CP} port:convolution/clock {Unclocked source}
{pin:convolution/cont_weight_cycles_reg[24]/CP} port:convolution/clock {Unclocked source}
{pin:convolution/cont_weight_cycles_reg[25]/CP} port:convolution/clock {Unclocked source}
{pin:convolution/cont_weight_cycles_reg[26]/CP} port:convolution/clock {Unclocked source}
{pin:convolution/cont_weight_cycles_reg[27]/CP} port:convolution/clock {Unclocked source}
{pin:convolution/cont_weight_cycles_reg[28]/CP} port:convolution/clock {Unclocked source}
{pin:convolution/cont_weight_cycles_reg[29]/CP} port:convolution/clock {Unclocked source}
{pin:convolution/cont_weight_cycles_reg[2]/CP} port:convolution/clock {Unclocked source}
{pin:convolution/cont_weight_cycles_reg[30]/CP} port:convolution/clock {Unclocked source}
{pin:convolution/cont_weight_cycles_reg[31]/CP} port:convolution/clock {Unclocked source}
{pin:convolution/cont_weight_cycles_reg[3]/CP} port:convolution/clock {Unclocked source}
{pin:convolution/cont_weight_cycles_reg[4]/CP} port:convolution/clock {Unclocked source}
{pin:convolution/cont_weight_cycles_reg[5]/CP} port:convolution/clock {Unclocked source}
{pin:convolution/cont_weight_cycles_reg[6]/CP} port:convolution/clock {Unclocked source}
{pin:convolution/cont_weight_cycles_reg[7]/CP} port:convolution/clock {Unclocked source}
{pin:convolution/cont_weight_cycles_reg[8]/CP} port:convolution/clock {Unclocked source}
{pin:convolution/cont_weight_cycles_reg[9]/CP} port:convolution/clock {Unclocked source}
{pin:convolution/conv_length_reg[0]/CP} port:convolution/clock {Unclocked source}
{pin:convolution/conv_length_reg[1]/CP} port:convolution/clock {Unclocked source}
{pin:convolution/conv_length_reg[2]/CP} port:convolution/clock {Unclocked source}
{pin:convolution/conv_length_reg[3]/CP} port:convolution/clock {Unclocked source}
{pin:convolution/conv_length_reg[4]/CP} port:convolution/clock {Unclocked source}
{pin:convolution/conv_length_reg[5]/CP} port:convolution/clock {Unclocked source}
{pin:convolution/conv_length_reg[6]/CP} port:convolution/clock {Unclocked source}
{pin:convolution/conv_length_reg[7]/CP} port:convolution/clock {Unclocked source}
{pin:convolution/features_reg[0][0][0]/CP} port:convolution/clock {Unclocked source}
{pin:convolution/features_reg[0][0][10]/CP} port:convolution/clock {Unclocked source}
{pin:convolution/features_reg[0][0][11]/CP} port:convolution/clock {Unclocked source}
{pin:convolution/features_reg[0][0][12]/CP} port:convolution/clock {Unclocked source}
{pin:convolution/features_reg[0][0][13]/CP} port:convolution/clock {Unclocked source}
{pin:convolution/features_reg[0][0][14]/CP} port:convolution/clock {Unclocked source}
{pin:convolution/features_reg[0][0][15]/CP} port:convolution/clock {Unclocked source}
{pin:convolution/features_reg[0][0][16]/CP} port:convolution/clock {Unclocked source}
{pin:convolution/features_reg[0][0][17]/CP} port:convolution/clock {Unclocked source}
{pin:convolution/features_reg[0][0][18]/CP} port:convolution/clock {Unclocked source}
{pin:convolution/features_reg[0][0][19]/CP} port:convolution/clock {Unclocked source}
{pin:convolution/features_reg[0][0][1]/CP} port:convolution/clock {Unclocked source}
{pin:convolution/features_reg[0][0][2]/CP} port:convolution/clock {Unclocked source}
{pin:convolution/features_reg[0][0][3]/CP} port:convolution/clock {Unclocked source}
{pin:convolution/features_reg[0][0][4]/CP} port:convolution/clock {Unclocked source}
{pin:convolution/features_reg[0][0][5]/CP} port:convolution/clock {Unclocked source}
{pin:convolution/features_reg[0][0][6]/CP} port:convolution/clock {Unclocked source}
{pin:convolution/features_reg[0][0][7]/CP} port:convolution/clock {Unclocked source}
{pin:convolution/features_reg[0][0][8]/CP} port:convolution/clock {Unclocked source}
{pin:convolution/features_reg[0][0][9]/CP} port:convolution/clock {Unclocked source}
{pin:convolution/features_reg[1][0][0]/CP} port:convolution/clock {Unclocked source}
{pin:convolution/features_reg[1][0][10]/CP} port:convolution/clock {Unclocked source}
{pin:convolution/features_reg[1][0][11]/CP} port:convolution/clock {Unclocked source}
{pin:convolution/features_reg[1][0][12]/CP} port:convolution/clock {Unclocked source}
{pin:convolution/features_reg[1][0][13]/CP} port:convolution/clock {Unclocked source}
{pin:convolution/features_reg[1][0][14]/CP} port:convolution/clock {Unclocked source}
{pin:convolution/features_reg[1][0][15]/CP} port:convolution/clock {Unclocked source}
{pin:convolution/features_reg[1][0][16]/CP} port:convolution/clock {Unclocked source}
{pin:convolution/features_reg[1][0][17]/CP} port:convolution/clock {Unclocked source}
{pin:convolution/features_reg[1][0][18]/CP} port:convolution/clock {Unclocked source}
{pin:convolution/features_reg[1][0][19]/CP} port:convolution/clock {Unclocked source}
{pin:convolution/features_reg[1][0][1]/CP} port:convolution/clock {Unclocked source}
{pin:convolution/features_reg[1][0][2]/CP} port:convolution/clock {Unclocked source}
{pin:convolution/features_reg[1][0][3]/CP} port:convolution/clock {Unclocked source}
{pin:convolution/features_reg[1][0][4]/CP} port:convolution/clock {Unclocked source}
{pin:convolution/features_reg[1][0][5]/CP} port:convolution/clock {Unclocked source}
{pin:convolution/features_reg[1][0][6]/CP} port:convolution/clock {Unclocked source}
{pin:convolution/features_reg[1][0][7]/CP} port:convolution/clock {Unclocked source}
{pin:convolution/features_reg[1][0][8]/CP} port:convolution/clock {Unclocked source}
{pin:convolution/features_reg[1][0][9]/CP} port:convolution/clock {Unclocked source}
{pin:convolution/features_reg[2][0][0]/CP} port:convolution/clock {Unclocked source}
{pin:convolution/features_reg[2][0][10]/CP} port:convolution/clock {Unclocked source}
{pin:convolution/features_reg[2][0][11]/CP} port:convolution/clock {Unclocked source}
{pin:convolution/features_reg[2][0][12]/CP} port:convolution/clock {Unclocked source}
{pin:convolution/features_reg[2][0][13]/CP} port:convolution/clock {Unclocked source}
{pin:convolution/features_reg[2][0][14]/CP} port:convolution/clock {Unclocked source}
{pin:convolution/features_reg[2][0][15]/CP} port:convolution/clock {Unclocked source}
{pin:convolution/features_reg[2][0][16]/CP} port:convolution/clock {Unclocked source}
{pin:convolution/features_reg[2][0][17]/CP} port:convolution/clock {Unclocked source}
{pin:convolution/features_reg[2][0][18]/CP} port:convolution/clock {Unclocked source}
{pin:convolution/features_reg[2][0][19]/CP} port:convolution/clock {Unclocked source}
{pin:convolution/features_reg[2][0][1]/CP} port:convolution/clock {Unclocked source}
{pin:convolution/features_reg[2][0][2]/CP} port:convolution/clock {Unclocked source}
{pin:convolution/features_reg[2][0][3]/CP} port:convolution/clock {Unclocked source}
{pin:convolution/features_reg[2][0][4]/CP} port:convolution/clock {Unclocked source}
{pin:convolution/features_reg[2][0][5]/CP} port:convolution/clock {Unclocked source}
{pin:convolution/features_reg[2][0][6]/CP} port:convolution/clock {Unclocked source}
{pin:convolution/features_reg[2][0][7]/CP} port:convolution/clock {Unclocked source}
{pin:convolution/features_reg[2][0][8]/CP} port:convolution/clock {Unclocked source}
{pin:convolution/features_reg[2][0][9]/CP} port:convolution/clock {Unclocked source}
{pin:convolution/partial0_reg[0]/CP} port:convolution/clock {Unclocked source}
{pin:convolution/partial0_reg[10]/CP} port:convolution/clock {Unclocked source}
{pin:convolution/partial0_reg[11]/CP} port:convolution/clock {Unclocked source}
{pin:convolution/partial0_reg[12]/CP} port:convolution/clock {Unclocked source}
{pin:convolution/partial0_reg[13]/CP} port:convolution/clock {Unclocked source}
{pin:convolution/partial0_reg[14]/CP} port:convolution/clock {Unclocked source}
{pin:convolution/partial0_reg[15]/CP} port:convolution/clock {Unclocked source}
{pin:convolution/partial0_reg[16]/CP} port:convolution/clock {Unclocked source}
{pin:convolution/partial0_reg[17]/CP} port:convolution/clock {Unclocked source}
{pin:convolution/partial0_reg[18]/CP} port:convolution/clock {Unclocked source}
{pin:convolution/partial0_reg[19]/CP} port:convolution/clock {Unclocked source}
{pin:convolution/partial0_reg[1]/CP} port:convolution/clock {Unclocked source}
{pin:convolution/partial0_reg[20]/CP} port:convolution/clock {Unclocked source}
{pin:convolution/partial0_reg[21]/CP} port:convolution/clock {Unclocked source}
{pin:convolution/partial0_reg[22]/CP} port:convolution/clock {Unclocked source}
{pin:convolution/partial0_reg[23]/CP} port:convolution/clock {Unclocked source}
{pin:convolution/partial0_reg[24]/CP} port:convolution/clock {Unclocked source}
{pin:convolution/partial0_reg[25]/CP} port:convolution/clock {Unclocked source}
{pin:convolution/partial0_reg[26]/CP} port:convolution/clock {Unclocked source}
{pin:convolution/partial0_reg[27]/CP} port:convolution/clock {Unclocked source}
{pin:convolution/partial0_reg[28]/CP} port:convolution/clock {Unclocked source}
{pin:convolution/partial0_reg[29]/CP} port:convolution/clock {Unclocked source}
{pin:convolution/partial0_reg[2]/CP} port:convolution/clock {Unclocked source}
{pin:convolution/partial0_reg[30]/CP} port:convolution/clock {Unclocked source}
{pin:convolution/partial0_reg[31]/CP} port:convolution/clock {Unclocked source}
{pin:convolution/partial0_reg[32]/CP} port:convolution/clock {Unclocked source}
{pin:convolution/partial0_reg[33]/CP} port:convolution/clock {Unclocked source}
{pin:convolution/partial0_reg[34]/CP} port:convolution/clock {Unclocked source}
{pin:convolution/partial0_reg[35]/CP} port:convolution/clock {Unclocked source}
{pin:convolution/partial0_reg[36]/CP} port:convolution/clock {Unclocked source}
{pin:convolution/partial0_reg[37]/CP} port:convolution/clock {Unclocked source}
{pin:convolution/partial0_reg[38]/CP} port:convolution/clock {Unclocked source}
{pin:convolution/partial0_reg[39]/CP} port:convolution/clock {Unclocked source}
{pin:convolution/partial0_reg[3]/CP} port:convolution/clock {Unclocked source}
{pin:convolution/partial0_reg[40]/CP} port:convolution/clock {Unclocked source}
{pin:convolution/partial0_reg[41]/CP} port:convolution/clock {Unclocked source}
{pin:convolution/partial0_reg[42]/CP} port:convolution/clock {Unclocked source}
{pin:convolution/partial0_reg[43]/CP} port:convolution/clock {Unclocked source}
{pin:convolution/partial0_reg[4]/CP} port:convolution/clock {Unclocked source}
{pin:convolution/partial0_reg[5]/CP} port:convolution/clock {Unclocked source}
{pin:convolution/partial0_reg[6]/CP} port:convolution/clock {Unclocked source}
{pin:convolution/partial0_reg[7]/CP} port:convolution/clock {Unclocked source}
{pin:convolution/partial0_reg[8]/CP} port:convolution/clock {Unclocked source}
{pin:convolution/partial0_reg[9]/CP} port:convolution/clock {Unclocked source}
{pin:convolution/partial1_reg[0]/CP} port:convolution/clock {Unclocked source}
{pin:convolution/partial1_reg[10]/CP} port:convolution/clock {Unclocked source}
{pin:convolution/partial1_reg[11]/CP} port:convolution/clock {Unclocked source}
{pin:convolution/partial1_reg[12]/CP} port:convolution/clock {Unclocked source}
{pin:convolution/partial1_reg[13]/CP} port:convolution/clock {Unclocked source}
{pin:convolution/partial1_reg[14]/CP} port:convolution/clock {Unclocked source}
{pin:convolution/partial1_reg[15]/CP} port:convolution/clock {Unclocked source}
{pin:convolution/partial1_reg[16]/CP} port:convolution/clock {Unclocked source}
{pin:convolution/partial1_reg[17]/CP} port:convolution/clock {Unclocked source}
{pin:convolution/partial1_reg[18]/CP} port:convolution/clock {Unclocked source}
{pin:convolution/partial1_reg[19]/CP} port:convolution/clock {Unclocked source}
{pin:convolution/partial1_reg[1]/CP} port:convolution/clock {Unclocked source}
{pin:convolution/partial1_reg[20]/CP} port:convolution/clock {Unclocked source}
{pin:convolution/partial1_reg[21]/CP} port:convolution/clock {Unclocked source}
{pin:convolution/partial1_reg[22]/CP} port:convolution/clock {Unclocked source}
{pin:convolution/partial1_reg[23]/CP} port:convolution/clock {Unclocked source}
{pin:convolution/partial1_reg[24]/CP} port:convolution/clock {Unclocked source}
{pin:convolution/partial1_reg[25]/CP} port:convolution/clock {Unclocked source}
{pin:convolution/partial1_reg[26]/CP} port:convolution/clock {Unclocked source}
{pin:convolution/partial1_reg[27]/CP} port:convolution/clock {Unclocked source}
{pin:convolution/partial1_reg[28]/CP} port:convolution/clock {Unclocked source}
{pin:convolution/partial1_reg[29]/CP} port:convolution/clock {Unclocked source}
{pin:convolution/partial1_reg[2]/CP} port:convolution/clock {Unclocked source}
{pin:convolution/partial1_reg[30]/CP} port:convolution/clock {Unclocked source}
{pin:convolution/partial1_reg[31]/CP} port:convolution/clock {Unclocked source}
{pin:convolution/partial1_reg[32]/CP} port:convolution/clock {Unclocked source}
{pin:convolution/partial1_reg[33]/CP} port:convolution/clock {Unclocked source}
{pin:convolution/partial1_reg[34]/CP} port:convolution/clock {Unclocked source}
{pin:convolution/partial1_reg[35]/CP} port:convolution/clock {Unclocked source}
{pin:convolution/partial1_reg[36]/CP} port:convolution/clock {Unclocked source}
{pin:convolution/partial1_reg[37]/CP} port:convolution/clock {Unclocked source}
{pin:convolution/partial1_reg[38]/CP} port:convolution/clock {Unclocked source}
{pin:convolution/partial1_reg[39]/CP} port:convolution/clock {Unclocked source}
{pin:convolution/partial1_reg[3]/CP} port:convolution/clock {Unclocked source}
{pin:convolution/partial1_reg[40]/CP} port:convolution/clock {Unclocked source}
{pin:convolution/partial1_reg[41]/CP} port:convolution/clock {Unclocked source}
{pin:convolution/partial1_reg[42]/CP} port:convolution/clock {Unclocked source}
{pin:convolution/partial1_reg[43]/CP} port:convolution/clock {Unclocked source}
{pin:convolution/partial1_reg[44]/CP} port:convolution/clock {Unclocked source}
{pin:convolution/partial1_reg[45]/CP} port:convolution/clock {Unclocked source}
{pin:convolution/partial1_reg[46]/CP} port:convolution/clock {Unclocked source}
{pin:convolution/partial1_reg[47]/CP} port:convolution/clock {Unclocked source}
{pin:convolution/partial1_reg[4]/CP} port:convolution/clock {Unclocked source}
{pin:convolution/partial1_reg[5]/CP} port:convolution/clock {Unclocked source}
{pin:convolution/partial1_reg[6]/CP} port:convolution/clock {Unclocked source}
{pin:convolution/partial1_reg[7]/CP} port:convolution/clock {Unclocked source}
{pin:convolution/partial1_reg[8]/CP} port:convolution/clock {Unclocked source}
{pin:convolution/partial1_reg[9]/CP} port:convolution/clock {Unclocked source}
{pin:convolution/partial2_reg[0]/CP} port:convolution/clock {Unclocked source}
{pin:convolution/partial2_reg[10]/CP} port:convolution/clock {Unclocked source}
{pin:convolution/partial2_reg[11]/CP} port:convolution/clock {Unclocked source}
{pin:convolution/partial2_reg[12]/CP} port:convolution/clock {Unclocked source}
{pin:convolution/partial2_reg[13]/CP} port:convolution/clock {Unclocked source}
{pin:convolution/partial2_reg[14]/CP} port:convolution/clock {Unclocked source}
{pin:convolution/partial2_reg[15]/CP} port:convolution/clock {Unclocked source}
{pin:convolution/partial2_reg[16]/CP} port:convolution/clock {Unclocked source}
{pin:convolution/partial2_reg[17]/CP} port:convolution/clock {Unclocked source}
{pin:convolution/partial2_reg[18]/CP} port:convolution/clock {Unclocked source}
{pin:convolution/partial2_reg[19]/CP} port:convolution/clock {Unclocked source}
{pin:convolution/partial2_reg[1]/CP} port:convolution/clock {Unclocked source}
{pin:convolution/partial2_reg[20]/CP} port:convolution/clock {Unclocked source}
{pin:convolution/partial2_reg[21]/CP} port:convolution/clock {Unclocked source}
{pin:convolution/partial2_reg[22]/CP} port:convolution/clock {Unclocked source}
{pin:convolution/partial2_reg[23]/CP} port:convolution/clock {Unclocked source}
{pin:convolution/partial2_reg[24]/CP} port:convolution/clock {Unclocked source}
{pin:convolution/partial2_reg[25]/CP} port:convolution/clock {Unclocked source}
{pin:convolution/partial2_reg[26]/CP} port:convolution/clock {Unclocked source}
{pin:convolution/partial2_reg[27]/CP} port:convolution/clock {Unclocked source}
{pin:convolution/partial2_reg[28]/CP} port:convolution/clock {Unclocked source}
{pin:convolution/partial2_reg[29]/CP} port:convolution/clock {Unclocked source}
{pin:convolution/partial2_reg[2]/CP} port:convolution/clock {Unclocked source}
{pin:convolution/partial2_reg[30]/CP} port:convolution/clock {Unclocked source}
{pin:convolution/partial2_reg[31]/CP} port:convolution/clock {Unclocked source}
{pin:convolution/partial2_reg[32]/CP} port:convolution/clock {Unclocked source}
{pin:convolution/partial2_reg[33]/CP} port:convolution/clock {Unclocked source}
{pin:convolution/partial2_reg[34]/CP} port:convolution/clock {Unclocked source}
{pin:convolution/partial2_reg[35]/CP} port:convolution/clock {Unclocked source}
{pin:convolution/partial2_reg[36]/CP} port:convolution/clock {Unclocked source}
{pin:convolution/partial2_reg[37]/CP} port:convolution/clock {Unclocked source}
{pin:convolution/partial2_reg[38]/CP} port:convolution/clock {Unclocked source}
{pin:convolution/partial2_reg[39]/CP} port:convolution/clock {Unclocked source}
{pin:convolution/partial2_reg[3]/CP} port:convolution/clock {Unclocked source}
{pin:convolution/partial2_reg[40]/CP} port:convolution/clock {Unclocked source}
{pin:convolution/partial2_reg[41]/CP} port:convolution/clock {Unclocked source}
{pin:convolution/partial2_reg[42]/CP} port:convolution/clock {Unclocked source}
{pin:convolution/partial2_reg[43]/CP} port:convolution/clock {Unclocked source}
{pin:convolution/partial2_reg[44]/CP} port:convolution/clock {Unclocked source}
{pin:convolution/partial2_reg[45]/CP} port:convolution/clock {Unclocked source}
{pin:convolution/partial2_reg[46]/CP} port:convolution/clock {Unclocked source}
{pin:convolution/partial2_reg[47]/CP} port:convolution/clock {Unclocked source}
{pin:convolution/partial2_reg[4]/CP} port:convolution/clock {Unclocked source}
{pin:convolution/partial2_reg[5]/CP} port:convolution/clock {Unclocked source}
{pin:convolution/partial2_reg[6]/CP} port:convolution/clock {Unclocked source}
{pin:convolution/partial2_reg[7]/CP} port:convolution/clock {Unclocked source}
{pin:convolution/partial2_reg[8]/CP} port:convolution/clock {Unclocked source}
{pin:convolution/partial2_reg[9]/CP} port:convolution/clock {Unclocked source}
{pin:convolution/partial_add_reg[0]/CP} port:convolution/clock {Unclocked source}
{pin:convolution/partial_add_reg[10]/CP} port:convolution/clock {Unclocked source}
{pin:convolution/partial_add_reg[11]/CP} port:convolution/clock {Unclocked source}
{pin:convolution/partial_add_reg[12]/CP} port:convolution/clock {Unclocked source}
{pin:convolution/partial_add_reg[13]/CP} port:convolution/clock {Unclocked source}
{pin:convolution/partial_add_reg[14]/CP} port:convolution/clock {Unclocked source}
{pin:convolution/partial_add_reg[15]/CP} port:convolution/clock {Unclocked source}
{pin:convolution/partial_add_reg[1]/CP} port:convolution/clock {Unclocked source}
{pin:convolution/partial_add_reg[2]/CP} port:convolution/clock {Unclocked source}
{pin:convolution/partial_add_reg[3]/CP} port:convolution/clock {Unclocked source}
{pin:convolution/partial_add_reg[4]/CP} port:convolution/clock {Unclocked source}
{pin:convolution/partial_add_reg[5]/CP} port:convolution/clock {Unclocked source}
{pin:convolution/partial_add_reg[6]/CP} port:convolution/clock {Unclocked source}
{pin:convolution/partial_add_reg[7]/CP} port:convolution/clock {Unclocked source}
{pin:convolution/partial_add_reg[8]/CP} port:convolution/clock {Unclocked source}
{pin:convolution/partial_add_reg[9]/CP} port:convolution/clock {Unclocked source}
{pin:convolution/partial_add_reg_reg[0]/CP} port:convolution/clock {Unclocked source}
{pin:convolution/partial_add_reg_reg[10]/CP} port:convolution/clock {Unclocked source}
{pin:convolution/partial_add_reg_reg[11]/CP} port:convolution/clock {Unclocked source}
{pin:convolution/partial_add_reg_reg[12]/CP} port:convolution/clock {Unclocked source}
{pin:convolution/partial_add_reg_reg[13]/CP} port:convolution/clock {Unclocked source}
{pin:convolution/partial_add_reg_reg[14]/CP} port:convolution/clock {Unclocked source}
{pin:convolution/partial_add_reg_reg[15]/CP} port:convolution/clock {Unclocked source}
{pin:convolution/partial_add_reg_reg[1]/CP} port:convolution/clock {Unclocked source}
{pin:convolution/partial_add_reg_reg[2]/CP} port:convolution/clock {Unclocked source}
{pin:convolution/partial_add_reg_reg[3]/CP} port:convolution/clock {Unclocked source}
{pin:convolution/partial_add_reg_reg[4]/CP} port:convolution/clock {Unclocked source}
{pin:convolution/partial_add_reg_reg[5]/CP} port:convolution/clock {Unclocked source}
{pin:convolution/partial_add_reg_reg[6]/CP} port:convolution/clock {Unclocked source}
{pin:convolution/partial_add_reg_reg[7]/CP} port:convolution/clock {Unclocked source}
{pin:convolution/partial_add_reg_reg[8]/CP} port:convolution/clock {Unclocked source}
{pin:convolution/partial_add_reg_reg[9]/CP} port:convolution/clock {Unclocked source}
{pin:convolution/partial_base_reg[0]/CP} port:convolution/clock {Unclocked source}
{pin:convolution/partial_base_reg[10]/CP} port:convolution/clock {Unclocked source}
{pin:convolution/partial_base_reg[11]/CP} port:convolution/clock {Unclocked source}
{pin:convolution/partial_base_reg[12]/CP} port:convolution/clock {Unclocked source}
{pin:convolution/partial_base_reg[13]/CP} port:convolution/clock {Unclocked source}
{pin:convolution/partial_base_reg[14]/CP} port:convolution/clock {Unclocked source}
{pin:convolution/partial_base_reg[15]/CP} port:convolution/clock {Unclocked source}
{pin:convolution/partial_base_reg[1]/CP} port:convolution/clock {Unclocked source}
{pin:convolution/partial_base_reg[2]/CP} port:convolution/clock {Unclocked source}
{pin:convolution/partial_base_reg[3]/CP} port:convolution/clock {Unclocked source}
{pin:convolution/partial_base_reg[4]/CP} port:convolution/clock {Unclocked source}
{pin:convolution/partial_base_reg[5]/CP} port:convolution/clock {Unclocked source}
{pin:convolution/partial_base_reg[6]/CP} port:convolution/clock {Unclocked source}
{pin:convolution/partial_base_reg[7]/CP} port:convolution/clock {Unclocked source}
{pin:convolution/partial_base_reg[8]/CP} port:convolution/clock {Unclocked source}
{pin:convolution/partial_base_reg[9]/CP} port:convolution/clock {Unclocked source}
{pin:convolution/partial_control_reg[0]/CP} port:convolution/clock {Unclocked source}
{pin:convolution/partial_control_reg[10]/CP} port:convolution/clock {Unclocked source}
{pin:convolution/partial_control_reg[11]/CP} port:convolution/clock {Unclocked source}
{pin:convolution/partial_control_reg[12]/CP} port:convolution/clock {Unclocked source}
{pin:convolution/partial_control_reg[13]/CP} port:convolution/clock {Unclocked source}
{pin:convolution/partial_control_reg[14]/CP} port:convolution/clock {Unclocked source}
{pin:convolution/partial_control_reg[15]/CP} port:convolution/clock {Unclocked source}
{pin:convolution/partial_control_reg[16]/CP} port:convolution/clock {Unclocked source}
{pin:convolution/partial_control_reg[17]/CP} port:convolution/clock {Unclocked source}
{pin:convolution/partial_control_reg[18]/CP} port:convolution/clock {Unclocked source}
{pin:convolution/partial_control_reg[19]/CP} port:convolution/clock {Unclocked source}
{pin:convolution/partial_control_reg[1]/CP} port:convolution/clock {Unclocked source}
{pin:convolution/partial_control_reg[20]/CP} port:convolution/clock {Unclocked source}
{pin:convolution/partial_control_reg[21]/CP} port:convolution/clock {Unclocked source}
{pin:convolution/partial_control_reg[22]/CP} port:convolution/clock {Unclocked source}
{pin:convolution/partial_control_reg[23]/CP} port:convolution/clock {Unclocked source}
{pin:convolution/partial_control_reg[24]/CP} port:convolution/clock {Unclocked source}
{pin:convolution/partial_control_reg[25]/CP} port:convolution/clock {Unclocked source}
{pin:convolution/partial_control_reg[26]/CP} port:convolution/clock {Unclocked source}
{pin:convolution/partial_control_reg[27]/CP} port:convolution/clock {Unclocked source}
{pin:convolution/partial_control_reg[28]/CP} port:convolution/clock {Unclocked source}
{pin:convolution/partial_control_reg[29]/CP} port:convolution/clock {Unclocked source}
{pin:convolution/partial_control_reg[2]/CP} port:convolution/clock {Unclocked source}
{pin:convolution/partial_control_reg[30]/CP} port:convolution/clock {Unclocked source}
{pin:convolution/partial_control_reg[31]/CP} port:convolution/clock {Unclocked source}
{pin:convolution/partial_control_reg[3]/CP} port:convolution/clock {Unclocked source}
{pin:convolution/partial_control_reg[4]/CP} port:convolution/clock {Unclocked source}
{pin:convolution/partial_control_reg[5]/CP} port:convolution/clock {Unclocked source}
{pin:convolution/partial_control_reg[6]/CP} port:convolution/clock {Unclocked source}
{pin:convolution/partial_control_reg[7]/CP} port:convolution/clock {Unclocked source}
{pin:convolution/partial_control_reg[8]/CP} port:convolution/clock {Unclocked source}
{pin:convolution/partial_control_reg[9]/CP} port:convolution/clock {Unclocked source}
{pin:convolution/reg_bias_value_reg[0]/CP} port:convolution/clock {Unclocked source}
{pin:convolution/reg_bias_value_reg[10]/CP} port:convolution/clock {Unclocked source}
{pin:convolution/reg_bias_value_reg[11]/CP} port:convolution/clock {Unclocked source}
{pin:convolution/reg_bias_value_reg[12]/CP} port:convolution/clock {Unclocked source}
{pin:convolution/reg_bias_value_reg[13]/CP} port:convolution/clock {Unclocked source}
{pin:convolution/reg_bias_value_reg[14]/CP} port:convolution/clock {Unclocked source}
{pin:convolution/reg_bias_value_reg[15]/CP} port:convolution/clock {Unclocked source}
{pin:convolution/reg_bias_value_reg[16]/CP} port:convolution/clock {Unclocked source}
{pin:convolution/reg_bias_value_reg[17]/CP} port:convolution/clock {Unclocked source}
{pin:convolution/reg_bias_value_reg[18]/CP} port:convolution/clock {Unclocked source}
{pin:convolution/reg_bias_value_reg[19]/CP} port:convolution/clock {Unclocked source}
{pin:convolution/reg_bias_value_reg[1]/CP} port:convolution/clock {Unclocked source}
{pin:convolution/reg_bias_value_reg[20]/CP} port:convolution/clock {Unclocked source}
{pin:convolution/reg_bias_value_reg[21]/CP} port:convolution/clock {Unclocked source}
{pin:convolution/reg_bias_value_reg[22]/CP} port:convolution/clock {Unclocked source}
{pin:convolution/reg_bias_value_reg[23]/CP} port:convolution/clock {Unclocked source}
{pin:convolution/reg_bias_value_reg[24]/CP} port:convolution/clock {Unclocked source}
{pin:convolution/reg_bias_value_reg[25]/CP} port:convolution/clock {Unclocked source}
{pin:convolution/reg_bias_value_reg[26]/CP} port:convolution/clock {Unclocked source}
{pin:convolution/reg_bias_value_reg[27]/CP} port:convolution/clock {Unclocked source}
{pin:convolution/reg_bias_value_reg[28]/CP} port:convolution/clock {Unclocked source}
{pin:convolution/reg_bias_value_reg[29]/CP} port:convolution/clock {Unclocked source}
{pin:convolution/reg_bias_value_reg[2]/CP} port:convolution/clock {Unclocked source}
{pin:convolution/reg_bias_value_reg[30]/CP} port:convolution/clock {Unclocked source}
{pin:convolution/reg_bias_value_reg[31]/CP} port:convolution/clock {Unclocked source}
{pin:convolution/reg_bias_value_reg[32]/CP} port:convolution/clock {Unclocked source}
{pin:convolution/reg_bias_value_reg[33]/CP} port:convolution/clock {Unclocked source}
{pin:convolution/reg_bias_value_reg[34]/CP} port:convolution/clock {Unclocked source}
{pin:convolution/reg_bias_value_reg[35]/CP} port:convolution/clock {Unclocked source}
{pin:convolution/reg_bias_value_reg[36]/CP} port:convolution/clock {Unclocked source}
{pin:convolution/reg_bias_value_reg[37]/CP} port:convolution/clock {Unclocked source}
{pin:convolution/reg_bias_value_reg[38]/CP} port:convolution/clock {Unclocked source}
{pin:convolution/reg_bias_value_reg[39]/CP} port:convolution/clock {Unclocked source}
{pin:convolution/reg_bias_value_reg[3]/CP} port:convolution/clock {Unclocked source}
{pin:convolution/reg_bias_value_reg[4]/CP} port:convolution/clock {Unclocked source}
{pin:convolution/reg_bias_value_reg[5]/CP} port:convolution/clock {Unclocked source}
{pin:convolution/reg_bias_value_reg[6]/CP} port:convolution/clock {Unclocked source}
{pin:convolution/reg_bias_value_reg[7]/CP} port:convolution/clock {Unclocked source}
{pin:convolution/reg_bias_value_reg[8]/CP} port:convolution/clock {Unclocked source}
{pin:convolution/reg_bias_value_reg[9]/CP} port:convolution/clock {Unclocked source}
{pin:convolution/reg_r[0].reg_c[0].ireg/Q_reg[0]/CP} port:convolution/clock {Unclocked source}
{pin:convolution/reg_r[0].reg_c[0].ireg/Q_reg[10]/CP} port:convolution/clock {Unclocked source}
{pin:convolution/reg_r[0].reg_c[0].ireg/Q_reg[11]/CP} port:convolution/clock {Unclocked source}
{pin:convolution/reg_r[0].reg_c[0].ireg/Q_reg[12]/CP} port:convolution/clock {Unclocked source}
{pin:convolution/reg_r[0].reg_c[0].ireg/Q_reg[13]/CP} port:convolution/clock {Unclocked source}
{pin:convolution/reg_r[0].reg_c[0].ireg/Q_reg[14]/CP} port:convolution/clock {Unclocked source}
{pin:convolution/reg_r[0].reg_c[0].ireg/Q_reg[15]/CP} port:convolution/clock {Unclocked source}
{pin:convolution/reg_r[0].reg_c[0].ireg/Q_reg[16]/CP} port:convolution/clock {Unclocked source}
{pin:convolution/reg_r[0].reg_c[0].ireg/Q_reg[17]/CP} port:convolution/clock {Unclocked source}
{pin:convolution/reg_r[0].reg_c[0].ireg/Q_reg[18]/CP} port:convolution/clock {Unclocked source}
{pin:convolution/reg_r[0].reg_c[0].ireg/Q_reg[19]/CP} port:convolution/clock {Unclocked source}
{pin:convolution/reg_r[0].reg_c[0].ireg/Q_reg[1]/CP} port:convolution/clock {Unclocked source}
{pin:convolution/reg_r[0].reg_c[0].ireg/Q_reg[20]/CP} port:convolution/clock {Unclocked source}
{pin:convolution/reg_r[0].reg_c[0].ireg/Q_reg[21]/CP} port:convolution/clock {Unclocked source}
{pin:convolution/reg_r[0].reg_c[0].ireg/Q_reg[22]/CP} port:convolution/clock {Unclocked source}
{pin:convolution/reg_r[0].reg_c[0].ireg/Q_reg[23]/CP} port:convolution/clock {Unclocked source}
{pin:convolution/reg_r[0].reg_c[0].ireg/Q_reg[24]/CP} port:convolution/clock {Unclocked source}
{pin:convolution/reg_r[0].reg_c[0].ireg/Q_reg[25]/CP} port:convolution/clock {Unclocked source}
{pin:convolution/reg_r[0].reg_c[0].ireg/Q_reg[26]/CP} port:convolution/clock {Unclocked source}
{pin:convolution/reg_r[0].reg_c[0].ireg/Q_reg[27]/CP} port:convolution/clock {Unclocked source}
{pin:convolution/reg_r[0].reg_c[0].ireg/Q_reg[28]/CP} port:convolution/clock {Unclocked source}
{pin:convolution/reg_r[0].reg_c[0].ireg/Q_reg[29]/CP} port:convolution/clock {Unclocked source}
{pin:convolution/reg_r[0].reg_c[0].ireg/Q_reg[2]/CP} port:convolution/clock {Unclocked source}
{pin:convolution/reg_r[0].reg_c[0].ireg/Q_reg[30]/CP} port:convolution/clock {Unclocked source}
{pin:convolution/reg_r[0].reg_c[0].ireg/Q_reg[31]/CP} port:convolution/clock {Unclocked source}
{pin:convolution/reg_r[0].reg_c[0].ireg/Q_reg[32]/CP} port:convolution/clock {Unclocked source}
{pin:convolution/reg_r[0].reg_c[0].ireg/Q_reg[33]/CP} port:convolution/clock {Unclocked source}
{pin:convolution/reg_r[0].reg_c[0].ireg/Q_reg[34]/CP} port:convolution/clock {Unclocked source}
{pin:convolution/reg_r[0].reg_c[0].ireg/Q_reg[35]/CP} port:convolution/clock {Unclocked source}
{pin:convolution/reg_r[0].reg_c[0].ireg/Q_reg[36]/CP} port:convolution/clock {Unclocked source}
{pin:convolution/reg_r[0].reg_c[0].ireg/Q_reg[37]/CP} port:convolution/clock {Unclocked source}
{pin:convolution/reg_r[0].reg_c[0].ireg/Q_reg[38]/CP} port:convolution/clock {Unclocked source}
{pin:convolution/reg_r[0].reg_c[0].ireg/Q_reg[39]/CP} port:convolution/clock {Unclocked source}
{pin:convolution/reg_r[0].reg_c[0].ireg/Q_reg[3]/CP} port:convolution/clock {Unclocked source}
{pin:convolution/reg_r[0].reg_c[0].ireg/Q_reg[4]/CP} port:convolution/clock {Unclocked source}
{pin:convolution/reg_r[0].reg_c[0].ireg/Q_reg[5]/CP} port:convolution/clock {Unclocked source}
{pin:convolution/reg_r[0].reg_c[0].ireg/Q_reg[6]/CP} port:convolution/clock {Unclocked source}
{pin:convolution/reg_r[0].reg_c[0].ireg/Q_reg[7]/CP} port:convolution/clock {Unclocked source}
{pin:convolution/reg_r[0].reg_c[0].ireg/Q_reg[8]/CP} port:convolution/clock {Unclocked source}
{pin:convolution/reg_r[0].reg_c[0].ireg/Q_reg[9]/CP} port:convolution/clock {Unclocked source}
{pin:convolution/reg_r[0].reg_c[1].ireg/Q_reg[0]/CP} port:convolution/clock {Unclocked source}
{pin:convolution/reg_r[0].reg_c[1].ireg/Q_reg[10]/CP} port:convolution/clock {Unclocked source}
{pin:convolution/reg_r[0].reg_c[1].ireg/Q_reg[11]/CP} port:convolution/clock {Unclocked source}
{pin:convolution/reg_r[0].reg_c[1].ireg/Q_reg[12]/CP} port:convolution/clock {Unclocked source}
{pin:convolution/reg_r[0].reg_c[1].ireg/Q_reg[13]/CP} port:convolution/clock {Unclocked source}
{pin:convolution/reg_r[0].reg_c[1].ireg/Q_reg[14]/CP} port:convolution/clock {Unclocked source}
{pin:convolution/reg_r[0].reg_c[1].ireg/Q_reg[15]/CP} port:convolution/clock {Unclocked source}
{pin:convolution/reg_r[0].reg_c[1].ireg/Q_reg[16]/CP} port:convolution/clock {Unclocked source}
{pin:convolution/reg_r[0].reg_c[1].ireg/Q_reg[17]/CP} port:convolution/clock {Unclocked source}
{pin:convolution/reg_r[0].reg_c[1].ireg/Q_reg[18]/CP} port:convolution/clock {Unclocked source}
{pin:convolution/reg_r[0].reg_c[1].ireg/Q_reg[19]/CP} port:convolution/clock {Unclocked source}
{pin:convolution/reg_r[0].reg_c[1].ireg/Q_reg[1]/CP} port:convolution/clock {Unclocked source}
{pin:convolution/reg_r[0].reg_c[1].ireg/Q_reg[20]/CP} port:convolution/clock {Unclocked source}
{pin:convolution/reg_r[0].reg_c[1].ireg/Q_reg[21]/CP} port:convolution/clock {Unclocked source}
{pin:convolution/reg_r[0].reg_c[1].ireg/Q_reg[22]/CP} port:convolution/clock {Unclocked source}
{pin:convolution/reg_r[0].reg_c[1].ireg/Q_reg[23]/CP} port:convolution/clock {Unclocked source}
{pin:convolution/reg_r[0].reg_c[1].ireg/Q_reg[24]/CP} port:convolution/clock {Unclocked source}
{pin:convolution/reg_r[0].reg_c[1].ireg/Q_reg[25]/CP} port:convolution/clock {Unclocked source}
{pin:convolution/reg_r[0].reg_c[1].ireg/Q_reg[26]/CP} port:convolution/clock {Unclocked source}
{pin:convolution/reg_r[0].reg_c[1].ireg/Q_reg[27]/CP} port:convolution/clock {Unclocked source}
{pin:convolution/reg_r[0].reg_c[1].ireg/Q_reg[28]/CP} port:convolution/clock {Unclocked source}
{pin:convolution/reg_r[0].reg_c[1].ireg/Q_reg[29]/CP} port:convolution/clock {Unclocked source}
{pin:convolution/reg_r[0].reg_c[1].ireg/Q_reg[2]/CP} port:convolution/clock {Unclocked source}
{pin:convolution/reg_r[0].reg_c[1].ireg/Q_reg[30]/CP} port:convolution/clock {Unclocked source}
{pin:convolution/reg_r[0].reg_c[1].ireg/Q_reg[31]/CP} port:convolution/clock {Unclocked source}
{pin:convolution/reg_r[0].reg_c[1].ireg/Q_reg[32]/CP} port:convolution/clock {Unclocked source}
{pin:convolution/reg_r[0].reg_c[1].ireg/Q_reg[33]/CP} port:convolution/clock {Unclocked source}
{pin:convolution/reg_r[0].reg_c[1].ireg/Q_reg[34]/CP} port:convolution/clock {Unclocked source}
{pin:convolution/reg_r[0].reg_c[1].ireg/Q_reg[35]/CP} port:convolution/clock {Unclocked source}
{pin:convolution/reg_r[0].reg_c[1].ireg/Q_reg[36]/CP} port:convolution/clock {Unclocked source}
{pin:convolution/reg_r[0].reg_c[1].ireg/Q_reg[37]/CP} port:convolution/clock {Unclocked source}
{pin:convolution/reg_r[0].reg_c[1].ireg/Q_reg[38]/CP} port:convolution/clock {Unclocked source}
{pin:convolution/reg_r[0].reg_c[1].ireg/Q_reg[39]/CP} port:convolution/clock {Unclocked source}
{pin:convolution/reg_r[0].reg_c[1].ireg/Q_reg[3]/CP} port:convolution/clock {Unclocked source}
{pin:convolution/reg_r[0].reg_c[1].ireg/Q_reg[4]/CP} port:convolution/clock {Unclocked source}
{pin:convolution/reg_r[0].reg_c[1].ireg/Q_reg[5]/CP} port:convolution/clock {Unclocked source}
{pin:convolution/reg_r[0].reg_c[1].ireg/Q_reg[6]/CP} port:convolution/clock {Unclocked source}
{pin:convolution/reg_r[0].reg_c[1].ireg/Q_reg[7]/CP} port:convolution/clock {Unclocked source}
{pin:convolution/reg_r[0].reg_c[1].ireg/Q_reg[8]/CP} port:convolution/clock {Unclocked source}
{pin:convolution/reg_r[0].reg_c[1].ireg/Q_reg[9]/CP} port:convolution/clock {Unclocked source}
{pin:convolution/reg_r[0].reg_c[2].ireg/Q_reg[0]/CP} port:convolution/clock {Unclocked source}
{pin:convolution/reg_r[0].reg_c[2].ireg/Q_reg[10]/CP} port:convolution/clock {Unclocked source}
{pin:convolution/reg_r[0].reg_c[2].ireg/Q_reg[11]/CP} port:convolution/clock {Unclocked source}
{pin:convolution/reg_r[0].reg_c[2].ireg/Q_reg[12]/CP} port:convolution/clock {Unclocked source}
{pin:convolution/reg_r[0].reg_c[2].ireg/Q_reg[13]/CP} port:convolution/clock {Unclocked source}
{pin:convolution/reg_r[0].reg_c[2].ireg/Q_reg[14]/CP} port:convolution/clock {Unclocked source}
{pin:convolution/reg_r[0].reg_c[2].ireg/Q_reg[15]/CP} port:convolution/clock {Unclocked source}
{pin:convolution/reg_r[0].reg_c[2].ireg/Q_reg[16]/CP} port:convolution/clock {Unclocked source}
{pin:convolution/reg_r[0].reg_c[2].ireg/Q_reg[17]/CP} port:convolution/clock {Unclocked source}
{pin:convolution/reg_r[0].reg_c[2].ireg/Q_reg[18]/CP} port:convolution/clock {Unclocked source}
{pin:convolution/reg_r[0].reg_c[2].ireg/Q_reg[19]/CP} port:convolution/clock {Unclocked source}
{pin:convolution/reg_r[0].reg_c[2].ireg/Q_reg[1]/CP} port:convolution/clock {Unclocked source}
{pin:convolution/reg_r[0].reg_c[2].ireg/Q_reg[20]/CP} port:convolution/clock {Unclocked source}
{pin:convolution/reg_r[0].reg_c[2].ireg/Q_reg[21]/CP} port:convolution/clock {Unclocked source}
{pin:convolution/reg_r[0].reg_c[2].ireg/Q_reg[22]/CP} port:convolution/clock {Unclocked source}
{pin:convolution/reg_r[0].reg_c[2].ireg/Q_reg[23]/CP} port:convolution/clock {Unclocked source}
{pin:convolution/reg_r[0].reg_c[2].ireg/Q_reg[24]/CP} port:convolution/clock {Unclocked source}
{pin:convolution/reg_r[0].reg_c[2].ireg/Q_reg[25]/CP} port:convolution/clock {Unclocked source}
{pin:convolution/reg_r[0].reg_c[2].ireg/Q_reg[26]/CP} port:convolution/clock {Unclocked source}
{pin:convolution/reg_r[0].reg_c[2].ireg/Q_reg[27]/CP} port:convolution/clock {Unclocked source}
{pin:convolution/reg_r[0].reg_c[2].ireg/Q_reg[28]/CP} port:convolution/clock {Unclocked source}
{pin:convolution/reg_r[0].reg_c[2].ireg/Q_reg[29]/CP} port:convolution/clock {Unclocked source}
{pin:convolution/reg_r[0].reg_c[2].ireg/Q_reg[2]/CP} port:convolution/clock {Unclocked source}
{pin:convolution/reg_r[0].reg_c[2].ireg/Q_reg[30]/CP} port:convolution/clock {Unclocked source}
{pin:convolution/reg_r[0].reg_c[2].ireg/Q_reg[31]/CP} port:convolution/clock {Unclocked source}
{pin:convolution/reg_r[0].reg_c[2].ireg/Q_reg[32]/CP} port:convolution/clock {Unclocked source}
{pin:convolution/reg_r[0].reg_c[2].ireg/Q_reg[33]/CP} port:convolution/clock {Unclocked source}
{pin:convolution/reg_r[0].reg_c[2].ireg/Q_reg[34]/CP} port:convolution/clock {Unclocked source}
{pin:convolution/reg_r[0].reg_c[2].ireg/Q_reg[35]/CP} port:convolution/clock {Unclocked source}
{pin:convolution/reg_r[0].reg_c[2].ireg/Q_reg[36]/CP} port:convolution/clock {Unclocked source}
{pin:convolution/reg_r[0].reg_c[2].ireg/Q_reg[37]/CP} port:convolution/clock {Unclocked source}
{pin:convolution/reg_r[0].reg_c[2].ireg/Q_reg[38]/CP} port:convolution/clock {Unclocked source}
{pin:convolution/reg_r[0].reg_c[2].ireg/Q_reg[39]/CP} port:convolution/clock {Unclocked source}
{pin:convolution/reg_r[0].reg_c[2].ireg/Q_reg[3]/CP} port:convolution/clock {Unclocked source}
{pin:convolution/reg_r[0].reg_c[2].ireg/Q_reg[4]/CP} port:convolution/clock {Unclocked source}
{pin:convolution/reg_r[0].reg_c[2].ireg/Q_reg[5]/CP} port:convolution/clock {Unclocked source}
{pin:convolution/reg_r[0].reg_c[2].ireg/Q_reg[6]/CP} port:convolution/clock {Unclocked source}
{pin:convolution/reg_r[0].reg_c[2].ireg/Q_reg[7]/CP} port:convolution/clock {Unclocked source}
{pin:convolution/reg_r[0].reg_c[2].ireg/Q_reg[8]/CP} port:convolution/clock {Unclocked source}
{pin:convolution/reg_r[0].reg_c[2].ireg/Q_reg[9]/CP} port:convolution/clock {Unclocked source}
{pin:convolution/reg_r[1].reg_c[0].ireg/Q_reg[0]/CP} port:convolution/clock {Unclocked source}
{pin:convolution/reg_r[1].reg_c[0].ireg/Q_reg[10]/CP} port:convolution/clock {Unclocked source}
{pin:convolution/reg_r[1].reg_c[0].ireg/Q_reg[11]/CP} port:convolution/clock {Unclocked source}
{pin:convolution/reg_r[1].reg_c[0].ireg/Q_reg[12]/CP} port:convolution/clock {Unclocked source}
{pin:convolution/reg_r[1].reg_c[0].ireg/Q_reg[13]/CP} port:convolution/clock {Unclocked source}
{pin:convolution/reg_r[1].reg_c[0].ireg/Q_reg[14]/CP} port:convolution/clock {Unclocked source}
{pin:convolution/reg_r[1].reg_c[0].ireg/Q_reg[15]/CP} port:convolution/clock {Unclocked source}
{pin:convolution/reg_r[1].reg_c[0].ireg/Q_reg[16]/CP} port:convolution/clock {Unclocked source}
{pin:convolution/reg_r[1].reg_c[0].ireg/Q_reg[17]/CP} port:convolution/clock {Unclocked source}
{pin:convolution/reg_r[1].reg_c[0].ireg/Q_reg[18]/CP} port:convolution/clock {Unclocked source}
{pin:convolution/reg_r[1].reg_c[0].ireg/Q_reg[19]/CP} port:convolution/clock {Unclocked source}
{pin:convolution/reg_r[1].reg_c[0].ireg/Q_reg[1]/CP} port:convolution/clock {Unclocked source}
{pin:convolution/reg_r[1].reg_c[0].ireg/Q_reg[20]/CP} port:convolution/clock {Unclocked source}
{pin:convolution/reg_r[1].reg_c[0].ireg/Q_reg[21]/CP} port:convolution/clock {Unclocked source}
{pin:convolution/reg_r[1].reg_c[0].ireg/Q_reg[22]/CP} port:convolution/clock {Unclocked source}
{pin:convolution/reg_r[1].reg_c[0].ireg/Q_reg[23]/CP} port:convolution/clock {Unclocked source}
{pin:convolution/reg_r[1].reg_c[0].ireg/Q_reg[24]/CP} port:convolution/clock {Unclocked source}
{pin:convolution/reg_r[1].reg_c[0].ireg/Q_reg[25]/CP} port:convolution/clock {Unclocked source}
{pin:convolution/reg_r[1].reg_c[0].ireg/Q_reg[26]/CP} port:convolution/clock {Unclocked source}
{pin:convolution/reg_r[1].reg_c[0].ireg/Q_reg[27]/CP} port:convolution/clock {Unclocked source}
{pin:convolution/reg_r[1].reg_c[0].ireg/Q_reg[28]/CP} port:convolution/clock {Unclocked source}
{pin:convolution/reg_r[1].reg_c[0].ireg/Q_reg[29]/CP} port:convolution/clock {Unclocked source}
{pin:convolution/reg_r[1].reg_c[0].ireg/Q_reg[2]/CP} port:convolution/clock {Unclocked source}
{pin:convolution/reg_r[1].reg_c[0].ireg/Q_reg[30]/CP} port:convolution/clock {Unclocked source}
{pin:convolution/reg_r[1].reg_c[0].ireg/Q_reg[31]/CP} port:convolution/clock {Unclocked source}
{pin:convolution/reg_r[1].reg_c[0].ireg/Q_reg[32]/CP} port:convolution/clock {Unclocked source}
{pin:convolution/reg_r[1].reg_c[0].ireg/Q_reg[33]/CP} port:convolution/clock {Unclocked source}
{pin:convolution/reg_r[1].reg_c[0].ireg/Q_reg[34]/CP} port:convolution/clock {Unclocked source}
{pin:convolution/reg_r[1].reg_c[0].ireg/Q_reg[35]/CP} port:convolution/clock {Unclocked source}
{pin:convolution/reg_r[1].reg_c[0].ireg/Q_reg[36]/CP} port:convolution/clock {Unclocked source}
{pin:convolution/reg_r[1].reg_c[0].ireg/Q_reg[37]/CP} port:convolution/clock {Unclocked source}
{pin:convolution/reg_r[1].reg_c[0].ireg/Q_reg[38]/CP} port:convolution/clock {Unclocked source}
{pin:convolution/reg_r[1].reg_c[0].ireg/Q_reg[39]/CP} port:convolution/clock {Unclocked source}
{pin:convolution/reg_r[1].reg_c[0].ireg/Q_reg[3]/CP} port:convolution/clock {Unclocked source}
{pin:convolution/reg_r[1].reg_c[0].ireg/Q_reg[40]/CP} port:convolution/clock {Unclocked source}
{pin:convolution/reg_r[1].reg_c[0].ireg/Q_reg[4]/CP} port:convolution/clock {Unclocked source}
{pin:convolution/reg_r[1].reg_c[0].ireg/Q_reg[5]/CP} port:convolution/clock {Unclocked source}
{pin:convolution/reg_r[1].reg_c[0].ireg/Q_reg[6]/CP} port:convolution/clock {Unclocked source}
{pin:convolution/reg_r[1].reg_c[0].ireg/Q_reg[7]/CP} port:convolution/clock {Unclocked source}
{pin:convolution/reg_r[1].reg_c[0].ireg/Q_reg[8]/CP} port:convolution/clock {Unclocked source}
{pin:convolution/reg_r[1].reg_c[0].ireg/Q_reg[9]/CP} port:convolution/clock {Unclocked source}
{pin:convolution/reg_r[1].reg_c[1].ireg/Q_reg[0]/CP} port:convolution/clock {Unclocked source}
{pin:convolution/reg_r[1].reg_c[1].ireg/Q_reg[10]/CP} port:convolution/clock {Unclocked source}
{pin:convolution/reg_r[1].reg_c[1].ireg/Q_reg[11]/CP} port:convolution/clock {Unclocked source}
{pin:convolution/reg_r[1].reg_c[1].ireg/Q_reg[12]/CP} port:convolution/clock {Unclocked source}
{pin:convolution/reg_r[1].reg_c[1].ireg/Q_reg[13]/CP} port:convolution/clock {Unclocked source}
{pin:convolution/reg_r[1].reg_c[1].ireg/Q_reg[14]/CP} port:convolution/clock {Unclocked source}
{pin:convolution/reg_r[1].reg_c[1].ireg/Q_reg[15]/CP} port:convolution/clock {Unclocked source}
{pin:convolution/reg_r[1].reg_c[1].ireg/Q_reg[16]/CP} port:convolution/clock {Unclocked source}
{pin:convolution/reg_r[1].reg_c[1].ireg/Q_reg[17]/CP} port:convolution/clock {Unclocked source}
{pin:convolution/reg_r[1].reg_c[1].ireg/Q_reg[18]/CP} port:convolution/clock {Unclocked source}
{pin:convolution/reg_r[1].reg_c[1].ireg/Q_reg[19]/CP} port:convolution/clock {Unclocked source}
{pin:convolution/reg_r[1].reg_c[1].ireg/Q_reg[1]/CP} port:convolution/clock {Unclocked source}
{pin:convolution/reg_r[1].reg_c[1].ireg/Q_reg[20]/CP} port:convolution/clock {Unclocked source}
{pin:convolution/reg_r[1].reg_c[1].ireg/Q_reg[21]/CP} port:convolution/clock {Unclocked source}
{pin:convolution/reg_r[1].reg_c[1].ireg/Q_reg[22]/CP} port:convolution/clock {Unclocked source}
{pin:convolution/reg_r[1].reg_c[1].ireg/Q_reg[23]/CP} port:convolution/clock {Unclocked source}
{pin:convolution/reg_r[1].reg_c[1].ireg/Q_reg[24]/CP} port:convolution/clock {Unclocked source}
{pin:convolution/reg_r[1].reg_c[1].ireg/Q_reg[25]/CP} port:convolution/clock {Unclocked source}
{pin:convolution/reg_r[1].reg_c[1].ireg/Q_reg[26]/CP} port:convolution/clock {Unclocked source}
{pin:convolution/reg_r[1].reg_c[1].ireg/Q_reg[27]/CP} port:convolution/clock {Unclocked source}
{pin:convolution/reg_r[1].reg_c[1].ireg/Q_reg[28]/CP} port:convolution/clock {Unclocked source}
{pin:convolution/reg_r[1].reg_c[1].ireg/Q_reg[29]/CP} port:convolution/clock {Unclocked source}
{pin:convolution/reg_r[1].reg_c[1].ireg/Q_reg[2]/CP} port:convolution/clock {Unclocked source}
{pin:convolution/reg_r[1].reg_c[1].ireg/Q_reg[30]/CP} port:convolution/clock {Unclocked source}
{pin:convolution/reg_r[1].reg_c[1].ireg/Q_reg[31]/CP} port:convolution/clock {Unclocked source}
{pin:convolution/reg_r[1].reg_c[1].ireg/Q_reg[32]/CP} port:convolution/clock {Unclocked source}
{pin:convolution/reg_r[1].reg_c[1].ireg/Q_reg[33]/CP} port:convolution/clock {Unclocked source}
{pin:convolution/reg_r[1].reg_c[1].ireg/Q_reg[34]/CP} port:convolution/clock {Unclocked source}
{pin:convolution/reg_r[1].reg_c[1].ireg/Q_reg[35]/CP} port:convolution/clock {Unclocked source}
{pin:convolution/reg_r[1].reg_c[1].ireg/Q_reg[36]/CP} port:convolution/clock {Unclocked source}
{pin:convolution/reg_r[1].reg_c[1].ireg/Q_reg[37]/CP} port:convolution/clock {Unclocked source}
{pin:convolution/reg_r[1].reg_c[1].ireg/Q_reg[38]/CP} port:convolution/clock {Unclocked source}
{pin:convolution/reg_r[1].reg_c[1].ireg/Q_reg[39]/CP} port:convolution/clock {Unclocked source}
{pin:convolution/reg_r[1].reg_c[1].ireg/Q_reg[3]/CP} port:convolution/clock {Unclocked source}
{pin:convolution/reg_r[1].reg_c[1].ireg/Q_reg[40]/CP} port:convolution/clock {Unclocked source}
{pin:convolution/reg_r[1].reg_c[1].ireg/Q_reg[4]/CP} port:convolution/clock {Unclocked source}
{pin:convolution/reg_r[1].reg_c[1].ireg/Q_reg[5]/CP} port:convolution/clock {Unclocked source}
{pin:convolution/reg_r[1].reg_c[1].ireg/Q_reg[6]/CP} port:convolution/clock {Unclocked source}
{pin:convolution/reg_r[1].reg_c[1].ireg/Q_reg[7]/CP} port:convolution/clock {Unclocked source}
{pin:convolution/reg_r[1].reg_c[1].ireg/Q_reg[8]/CP} port:convolution/clock {Unclocked source}
{pin:convolution/reg_r[1].reg_c[1].ireg/Q_reg[9]/CP} port:convolution/clock {Unclocked source}
{pin:convolution/reg_r[1].reg_c[2].ireg/Q_reg[0]/CP} port:convolution/clock {Unclocked source}
{pin:convolution/reg_r[1].reg_c[2].ireg/Q_reg[10]/CP} port:convolution/clock {Unclocked source}
{pin:convolution/reg_r[1].reg_c[2].ireg/Q_reg[11]/CP} port:convolution/clock {Unclocked source}
{pin:convolution/reg_r[1].reg_c[2].ireg/Q_reg[12]/CP} port:convolution/clock {Unclocked source}
{pin:convolution/reg_r[1].reg_c[2].ireg/Q_reg[13]/CP} port:convolution/clock {Unclocked source}
{pin:convolution/reg_r[1].reg_c[2].ireg/Q_reg[14]/CP} port:convolution/clock {Unclocked source}
{pin:convolution/reg_r[1].reg_c[2].ireg/Q_reg[15]/CP} port:convolution/clock {Unclocked source}
{pin:convolution/reg_r[1].reg_c[2].ireg/Q_reg[16]/CP} port:convolution/clock {Unclocked source}
{pin:convolution/reg_r[1].reg_c[2].ireg/Q_reg[17]/CP} port:convolution/clock {Unclocked source}
{pin:convolution/reg_r[1].reg_c[2].ireg/Q_reg[18]/CP} port:convolution/clock {Unclocked source}
{pin:convolution/reg_r[1].reg_c[2].ireg/Q_reg[19]/CP} port:convolution/clock {Unclocked source}
{pin:convolution/reg_r[1].reg_c[2].ireg/Q_reg[1]/CP} port:convolution/clock {Unclocked source}
{pin:convolution/reg_r[1].reg_c[2].ireg/Q_reg[20]/CP} port:convolution/clock {Unclocked source}
{pin:convolution/reg_r[1].reg_c[2].ireg/Q_reg[21]/CP} port:convolution/clock {Unclocked source}
{pin:convolution/reg_r[1].reg_c[2].ireg/Q_reg[22]/CP} port:convolution/clock {Unclocked source}
{pin:convolution/reg_r[1].reg_c[2].ireg/Q_reg[23]/CP} port:convolution/clock {Unclocked source}
{pin:convolution/reg_r[1].reg_c[2].ireg/Q_reg[24]/CP} port:convolution/clock {Unclocked source}
{pin:convolution/reg_r[1].reg_c[2].ireg/Q_reg[25]/CP} port:convolution/clock {Unclocked source}
{pin:convolution/reg_r[1].reg_c[2].ireg/Q_reg[26]/CP} port:convolution/clock {Unclocked source}
{pin:convolution/reg_r[1].reg_c[2].ireg/Q_reg[27]/CP} port:convolution/clock {Unclocked source}
{pin:convolution/reg_r[1].reg_c[2].ireg/Q_reg[28]/CP} port:convolution/clock {Unclocked source}
{pin:convolution/reg_r[1].reg_c[2].ireg/Q_reg[29]/CP} port:convolution/clock {Unclocked source}
{pin:convolution/reg_r[1].reg_c[2].ireg/Q_reg[2]/CP} port:convolution/clock {Unclocked source}
{pin:convolution/reg_r[1].reg_c[2].ireg/Q_reg[30]/CP} port:convolution/clock {Unclocked source}
{pin:convolution/reg_r[1].reg_c[2].ireg/Q_reg[31]/CP} port:convolution/clock {Unclocked source}
{pin:convolution/reg_r[1].reg_c[2].ireg/Q_reg[32]/CP} port:convolution/clock {Unclocked source}
{pin:convolution/reg_r[1].reg_c[2].ireg/Q_reg[33]/CP} port:convolution/clock {Unclocked source}
{pin:convolution/reg_r[1].reg_c[2].ireg/Q_reg[34]/CP} port:convolution/clock {Unclocked source}
{pin:convolution/reg_r[1].reg_c[2].ireg/Q_reg[35]/CP} port:convolution/clock {Unclocked source}
{pin:convolution/reg_r[1].reg_c[2].ireg/Q_reg[36]/CP} port:convolution/clock {Unclocked source}
{pin:convolution/reg_r[1].reg_c[2].ireg/Q_reg[37]/CP} port:convolution/clock {Unclocked source}
{pin:convolution/reg_r[1].reg_c[2].ireg/Q_reg[38]/CP} port:convolution/clock {Unclocked source}
{pin:convolution/reg_r[1].reg_c[2].ireg/Q_reg[39]/CP} port:convolution/clock {Unclocked source}
{pin:convolution/reg_r[1].reg_c[2].ireg/Q_reg[3]/CP} port:convolution/clock {Unclocked source}
{pin:convolution/reg_r[1].reg_c[2].ireg/Q_reg[40]/CP} port:convolution/clock {Unclocked source}
{pin:convolution/reg_r[1].reg_c[2].ireg/Q_reg[4]/CP} port:convolution/clock {Unclocked source}
{pin:convolution/reg_r[1].reg_c[2].ireg/Q_reg[5]/CP} port:convolution/clock {Unclocked source}
{pin:convolution/reg_r[1].reg_c[2].ireg/Q_reg[6]/CP} port:convolution/clock {Unclocked source}
{pin:convolution/reg_r[1].reg_c[2].ireg/Q_reg[7]/CP} port:convolution/clock {Unclocked source}
{pin:convolution/reg_r[1].reg_c[2].ireg/Q_reg[8]/CP} port:convolution/clock {Unclocked source}
{pin:convolution/reg_r[1].reg_c[2].ireg/Q_reg[9]/CP} port:convolution/clock {Unclocked source}
{pin:convolution/reg_r[2].reg_c[0].ireg/Q_reg[0]/CP} port:convolution/clock {Unclocked source}
{pin:convolution/reg_r[2].reg_c[0].ireg/Q_reg[10]/CP} port:convolution/clock {Unclocked source}
{pin:convolution/reg_r[2].reg_c[0].ireg/Q_reg[11]/CP} port:convolution/clock {Unclocked source}
{pin:convolution/reg_r[2].reg_c[0].ireg/Q_reg[12]/CP} port:convolution/clock {Unclocked source}
{pin:convolution/reg_r[2].reg_c[0].ireg/Q_reg[13]/CP} port:convolution/clock {Unclocked source}
{pin:convolution/reg_r[2].reg_c[0].ireg/Q_reg[14]/CP} port:convolution/clock {Unclocked source}
{pin:convolution/reg_r[2].reg_c[0].ireg/Q_reg[15]/CP} port:convolution/clock {Unclocked source}
{pin:convolution/reg_r[2].reg_c[0].ireg/Q_reg[16]/CP} port:convolution/clock {Unclocked source}
{pin:convolution/reg_r[2].reg_c[0].ireg/Q_reg[17]/CP} port:convolution/clock {Unclocked source}
{pin:convolution/reg_r[2].reg_c[0].ireg/Q_reg[18]/CP} port:convolution/clock {Unclocked source}
{pin:convolution/reg_r[2].reg_c[0].ireg/Q_reg[19]/CP} port:convolution/clock {Unclocked source}
{pin:convolution/reg_r[2].reg_c[0].ireg/Q_reg[1]/CP} port:convolution/clock {Unclocked source}
{pin:convolution/reg_r[2].reg_c[0].ireg/Q_reg[20]/CP} port:convolution/clock {Unclocked source}
{pin:convolution/reg_r[2].reg_c[0].ireg/Q_reg[21]/CP} port:convolution/clock {Unclocked source}
{pin:convolution/reg_r[2].reg_c[0].ireg/Q_reg[22]/CP} port:convolution/clock {Unclocked source}
{pin:convolution/reg_r[2].reg_c[0].ireg/Q_reg[23]/CP} port:convolution/clock {Unclocked source}
{pin:convolution/reg_r[2].reg_c[0].ireg/Q_reg[24]/CP} port:convolution/clock {Unclocked source}
{pin:convolution/reg_r[2].reg_c[0].ireg/Q_reg[25]/CP} port:convolution/clock {Unclocked source}
{pin:convolution/reg_r[2].reg_c[0].ireg/Q_reg[26]/CP} port:convolution/clock {Unclocked source}
{pin:convolution/reg_r[2].reg_c[0].ireg/Q_reg[27]/CP} port:convolution/clock {Unclocked source}
{pin:convolution/reg_r[2].reg_c[0].ireg/Q_reg[28]/CP} port:convolution/clock {Unclocked source}
{pin:convolution/reg_r[2].reg_c[0].ireg/Q_reg[29]/CP} port:convolution/clock {Unclocked source}
{pin:convolution/reg_r[2].reg_c[0].ireg/Q_reg[2]/CP} port:convolution/clock {Unclocked source}
{pin:convolution/reg_r[2].reg_c[0].ireg/Q_reg[30]/CP} port:convolution/clock {Unclocked source}
{pin:convolution/reg_r[2].reg_c[0].ireg/Q_reg[31]/CP} port:convolution/clock {Unclocked source}
{pin:convolution/reg_r[2].reg_c[0].ireg/Q_reg[32]/CP} port:convolution/clock {Unclocked source}
{pin:convolution/reg_r[2].reg_c[0].ireg/Q_reg[33]/CP} port:convolution/clock {Unclocked source}
{pin:convolution/reg_r[2].reg_c[0].ireg/Q_reg[34]/CP} port:convolution/clock {Unclocked source}
{pin:convolution/reg_r[2].reg_c[0].ireg/Q_reg[35]/CP} port:convolution/clock {Unclocked source}
{pin:convolution/reg_r[2].reg_c[0].ireg/Q_reg[36]/CP} port:convolution/clock {Unclocked source}
{pin:convolution/reg_r[2].reg_c[0].ireg/Q_reg[37]/CP} port:convolution/clock {Unclocked source}
{pin:convolution/reg_r[2].reg_c[0].ireg/Q_reg[38]/CP} port:convolution/clock {Unclocked source}
{pin:convolution/reg_r[2].reg_c[0].ireg/Q_reg[39]/CP} port:convolution/clock {Unclocked source}
{pin:convolution/reg_r[2].reg_c[0].ireg/Q_reg[3]/CP} port:convolution/clock {Unclocked source}
{pin:convolution/reg_r[2].reg_c[0].ireg/Q_reg[40]/CP} port:convolution/clock {Unclocked source}
{pin:convolution/reg_r[2].reg_c[0].ireg/Q_reg[41]/CP} port:convolution/clock {Unclocked source}
{pin:convolution/reg_r[2].reg_c[0].ireg/Q_reg[4]/CP} port:convolution/clock {Unclocked source}
{pin:convolution/reg_r[2].reg_c[0].ireg/Q_reg[5]/CP} port:convolution/clock {Unclocked source}
{pin:convolution/reg_r[2].reg_c[0].ireg/Q_reg[6]/CP} port:convolution/clock {Unclocked source}
{pin:convolution/reg_r[2].reg_c[0].ireg/Q_reg[7]/CP} port:convolution/clock {Unclocked source}
{pin:convolution/reg_r[2].reg_c[0].ireg/Q_reg[8]/CP} port:convolution/clock {Unclocked source}
{pin:convolution/reg_r[2].reg_c[0].ireg/Q_reg[9]/CP} port:convolution/clock {Unclocked source}
{pin:convolution/reg_r[2].reg_c[1].ireg/Q_reg[0]/CP} port:convolution/clock {Unclocked source}
{pin:convolution/reg_r[2].reg_c[1].ireg/Q_reg[10]/CP} port:convolution/clock {Unclocked source}
{pin:convolution/reg_r[2].reg_c[1].ireg/Q_reg[11]/CP} port:convolution/clock {Unclocked source}
{pin:convolution/reg_r[2].reg_c[1].ireg/Q_reg[12]/CP} port:convolution/clock {Unclocked source}
{pin:convolution/reg_r[2].reg_c[1].ireg/Q_reg[13]/CP} port:convolution/clock {Unclocked source}
{pin:convolution/reg_r[2].reg_c[1].ireg/Q_reg[14]/CP} port:convolution/clock {Unclocked source}
{pin:convolution/reg_r[2].reg_c[1].ireg/Q_reg[15]/CP} port:convolution/clock {Unclocked source}
{pin:convolution/reg_r[2].reg_c[1].ireg/Q_reg[16]/CP} port:convolution/clock {Unclocked source}
{pin:convolution/reg_r[2].reg_c[1].ireg/Q_reg[17]/CP} port:convolution/clock {Unclocked source}
{pin:convolution/reg_r[2].reg_c[1].ireg/Q_reg[18]/CP} port:convolution/clock {Unclocked source}
{pin:convolution/reg_r[2].reg_c[1].ireg/Q_reg[19]/CP} port:convolution/clock {Unclocked source}
{pin:convolution/reg_r[2].reg_c[1].ireg/Q_reg[1]/CP} port:convolution/clock {Unclocked source}
{pin:convolution/reg_r[2].reg_c[1].ireg/Q_reg[20]/CP} port:convolution/clock {Unclocked source}
{pin:convolution/reg_r[2].reg_c[1].ireg/Q_reg[21]/CP} port:convolution/clock {Unclocked source}
{pin:convolution/reg_r[2].reg_c[1].ireg/Q_reg[22]/CP} port:convolution/clock {Unclocked source}
{pin:convolution/reg_r[2].reg_c[1].ireg/Q_reg[23]/CP} port:convolution/clock {Unclocked source}
{pin:convolution/reg_r[2].reg_c[1].ireg/Q_reg[24]/CP} port:convolution/clock {Unclocked source}
{pin:convolution/reg_r[2].reg_c[1].ireg/Q_reg[25]/CP} port:convolution/clock {Unclocked source}
{pin:convolution/reg_r[2].reg_c[1].ireg/Q_reg[26]/CP} port:convolution/clock {Unclocked source}
{pin:convolution/reg_r[2].reg_c[1].ireg/Q_reg[27]/CP} port:convolution/clock {Unclocked source}
{pin:convolution/reg_r[2].reg_c[1].ireg/Q_reg[28]/CP} port:convolution/clock {Unclocked source}
{pin:convolution/reg_r[2].reg_c[1].ireg/Q_reg[29]/CP} port:convolution/clock {Unclocked source}
{pin:convolution/reg_r[2].reg_c[1].ireg/Q_reg[2]/CP} port:convolution/clock {Unclocked source}
{pin:convolution/reg_r[2].reg_c[1].ireg/Q_reg[30]/CP} port:convolution/clock {Unclocked source}
{pin:convolution/reg_r[2].reg_c[1].ireg/Q_reg[31]/CP} port:convolution/clock {Unclocked source}
{pin:convolution/reg_r[2].reg_c[1].ireg/Q_reg[32]/CP} port:convolution/clock {Unclocked source}
{pin:convolution/reg_r[2].reg_c[1].ireg/Q_reg[33]/CP} port:convolution/clock {Unclocked source}
{pin:convolution/reg_r[2].reg_c[1].ireg/Q_reg[34]/CP} port:convolution/clock {Unclocked source}
{pin:convolution/reg_r[2].reg_c[1].ireg/Q_reg[35]/CP} port:convolution/clock {Unclocked source}
{pin:convolution/reg_r[2].reg_c[1].ireg/Q_reg[36]/CP} port:convolution/clock {Unclocked source}
{pin:convolution/reg_r[2].reg_c[1].ireg/Q_reg[37]/CP} port:convolution/clock {Unclocked source}
{pin:convolution/reg_r[2].reg_c[1].ireg/Q_reg[38]/CP} port:convolution/clock {Unclocked source}
{pin:convolution/reg_r[2].reg_c[1].ireg/Q_reg[39]/CP} port:convolution/clock {Unclocked source}
{pin:convolution/reg_r[2].reg_c[1].ireg/Q_reg[3]/CP} port:convolution/clock {Unclocked source}
{pin:convolution/reg_r[2].reg_c[1].ireg/Q_reg[40]/CP} port:convolution/clock {Unclocked source}
{pin:convolution/reg_r[2].reg_c[1].ireg/Q_reg[41]/CP} port:convolution/clock {Unclocked source}
{pin:convolution/reg_r[2].reg_c[1].ireg/Q_reg[4]/CP} port:convolution/clock {Unclocked source}
{pin:convolution/reg_r[2].reg_c[1].ireg/Q_reg[5]/CP} port:convolution/clock {Unclocked source}
{pin:convolution/reg_r[2].reg_c[1].ireg/Q_reg[6]/CP} port:convolution/clock {Unclocked source}
{pin:convolution/reg_r[2].reg_c[1].ireg/Q_reg[7]/CP} port:convolution/clock {Unclocked source}
{pin:convolution/reg_r[2].reg_c[1].ireg/Q_reg[8]/CP} port:convolution/clock {Unclocked source}
{pin:convolution/reg_r[2].reg_c[1].ireg/Q_reg[9]/CP} port:convolution/clock {Unclocked source}
{pin:convolution/reg_r[2].reg_c[2].ireg/Q_reg[0]/CP} port:convolution/clock {Unclocked source}
{pin:convolution/reg_r[2].reg_c[2].ireg/Q_reg[10]/CP} port:convolution/clock {Unclocked source}
{pin:convolution/reg_r[2].reg_c[2].ireg/Q_reg[11]/CP} port:convolution/clock {Unclocked source}
{pin:convolution/reg_r[2].reg_c[2].ireg/Q_reg[12]/CP} port:convolution/clock {Unclocked source}
{pin:convolution/reg_r[2].reg_c[2].ireg/Q_reg[13]/CP} port:convolution/clock {Unclocked source}
{pin:convolution/reg_r[2].reg_c[2].ireg/Q_reg[14]/CP} port:convolution/clock {Unclocked source}
{pin:convolution/reg_r[2].reg_c[2].ireg/Q_reg[15]/CP} port:convolution/clock {Unclocked source}
{pin:convolution/reg_r[2].reg_c[2].ireg/Q_reg[16]/CP} port:convolution/clock {Unclocked source}
{pin:convolution/reg_r[2].reg_c[2].ireg/Q_reg[17]/CP} port:convolution/clock {Unclocked source}
{pin:convolution/reg_r[2].reg_c[2].ireg/Q_reg[18]/CP} port:convolution/clock {Unclocked source}
{pin:convolution/reg_r[2].reg_c[2].ireg/Q_reg[19]/CP} port:convolution/clock {Unclocked source}
{pin:convolution/reg_r[2].reg_c[2].ireg/Q_reg[1]/CP} port:convolution/clock {Unclocked source}
{pin:convolution/reg_r[2].reg_c[2].ireg/Q_reg[20]/CP} port:convolution/clock {Unclocked source}
{pin:convolution/reg_r[2].reg_c[2].ireg/Q_reg[21]/CP} port:convolution/clock {Unclocked source}
{pin:convolution/reg_r[2].reg_c[2].ireg/Q_reg[22]/CP} port:convolution/clock {Unclocked source}
{pin:convolution/reg_r[2].reg_c[2].ireg/Q_reg[23]/CP} port:convolution/clock {Unclocked source}
{pin:convolution/reg_r[2].reg_c[2].ireg/Q_reg[24]/CP} port:convolution/clock {Unclocked source}
{pin:convolution/reg_r[2].reg_c[2].ireg/Q_reg[25]/CP} port:convolution/clock {Unclocked source}
{pin:convolution/reg_r[2].reg_c[2].ireg/Q_reg[26]/CP} port:convolution/clock {Unclocked source}
{pin:convolution/reg_r[2].reg_c[2].ireg/Q_reg[27]/CP} port:convolution/clock {Unclocked source}
{pin:convolution/reg_r[2].reg_c[2].ireg/Q_reg[28]/CP} port:convolution/clock {Unclocked source}
{pin:convolution/reg_r[2].reg_c[2].ireg/Q_reg[29]/CP} port:convolution/clock {Unclocked source}
{pin:convolution/reg_r[2].reg_c[2].ireg/Q_reg[2]/CP} port:convolution/clock {Unclocked source}
{pin:convolution/reg_r[2].reg_c[2].ireg/Q_reg[30]/CP} port:convolution/clock {Unclocked source}
{pin:convolution/reg_r[2].reg_c[2].ireg/Q_reg[31]/CP} port:convolution/clock {Unclocked source}
{pin:convolution/reg_r[2].reg_c[2].ireg/Q_reg[32]/CP} port:convolution/clock {Unclocked source}
{pin:convolution/reg_r[2].reg_c[2].ireg/Q_reg[33]/CP} port:convolution/clock {Unclocked source}
{pin:convolution/reg_r[2].reg_c[2].ireg/Q_reg[34]/CP} port:convolution/clock {Unclocked source}
{pin:convolution/reg_r[2].reg_c[2].ireg/Q_reg[35]/CP} port:convolution/clock {Unclocked source}
{pin:convolution/reg_r[2].reg_c[2].ireg/Q_reg[36]/CP} port:convolution/clock {Unclocked source}
{pin:convolution/reg_r[2].reg_c[2].ireg/Q_reg[37]/CP} port:convolution/clock {Unclocked source}
{pin:convolution/reg_r[2].reg_c[2].ireg/Q_reg[38]/CP} port:convolution/clock {Unclocked source}
{pin:convolution/reg_r[2].reg_c[2].ireg/Q_reg[39]/CP} port:convolution/clock {Unclocked source}
{pin:convolution/reg_r[2].reg_c[2].ireg/Q_reg[3]/CP} port:convolution/clock {Unclocked source}
{pin:convolution/reg_r[2].reg_c[2].ireg/Q_reg[40]/CP} port:convolution/clock {Unclocked source}
{pin:convolution/reg_r[2].reg_c[2].ireg/Q_reg[41]/CP} port:convolution/clock {Unclocked source}
{pin:convolution/reg_r[2].reg_c[2].ireg/Q_reg[4]/CP} port:convolution/clock {Unclocked source}
{pin:convolution/reg_r[2].reg_c[2].ireg/Q_reg[5]/CP} port:convolution/clock {Unclocked source}
{pin:convolution/reg_r[2].reg_c[2].ireg/Q_reg[6]/CP} port:convolution/clock {Unclocked source}
{pin:convolution/reg_r[2].reg_c[2].ireg/Q_reg[7]/CP} port:convolution/clock {Unclocked source}
{pin:convolution/reg_r[2].reg_c[2].ireg/Q_reg[8]/CP} port:convolution/clock {Unclocked source}
{pin:convolution/reg_r[2].reg_c[2].ireg/Q_reg[9]/CP} port:convolution/clock {Unclocked source}
{pin:convolution/reg_reg_bias_value_reg[0]/CP} port:convolution/clock {Unclocked source}
{pin:convolution/reg_reg_bias_value_reg[10]/CP} port:convolution/clock {Unclocked source}
{pin:convolution/reg_reg_bias_value_reg[11]/CP} port:convolution/clock {Unclocked source}
{pin:convolution/reg_reg_bias_value_reg[12]/CP} port:convolution/clock {Unclocked source}
{pin:convolution/reg_reg_bias_value_reg[13]/CP} port:convolution/clock {Unclocked source}
{pin:convolution/reg_reg_bias_value_reg[14]/CP} port:convolution/clock {Unclocked source}
{pin:convolution/reg_reg_bias_value_reg[15]/CP} port:convolution/clock {Unclocked source}
{pin:convolution/reg_reg_bias_value_reg[16]/CP} port:convolution/clock {Unclocked source}
{pin:convolution/reg_reg_bias_value_reg[17]/CP} port:convolution/clock {Unclocked source}
{pin:convolution/reg_reg_bias_value_reg[18]/CP} port:convolution/clock {Unclocked source}
{pin:convolution/reg_reg_bias_value_reg[19]/CP} port:convolution/clock {Unclocked source}
{pin:convolution/reg_reg_bias_value_reg[1]/CP} port:convolution/clock {Unclocked source}
{pin:convolution/reg_reg_bias_value_reg[20]/CP} port:convolution/clock {Unclocked source}
{pin:convolution/reg_reg_bias_value_reg[21]/CP} port:convolution/clock {Unclocked source}
{pin:convolution/reg_reg_bias_value_reg[22]/CP} port:convolution/clock {Unclocked source}
{pin:convolution/reg_reg_bias_value_reg[23]/CP} port:convolution/clock {Unclocked source}
{pin:convolution/reg_reg_bias_value_reg[24]/CP} port:convolution/clock {Unclocked source}
{pin:convolution/reg_reg_bias_value_reg[25]/CP} port:convolution/clock {Unclocked source}
{pin:convolution/reg_reg_bias_value_reg[26]/CP} port:convolution/clock {Unclocked source}
{pin:convolution/reg_reg_bias_value_reg[27]/CP} port:convolution/clock {Unclocked source}
{pin:convolution/reg_reg_bias_value_reg[28]/CP} port:convolution/clock {Unclocked source}
{pin:convolution/reg_reg_bias_value_reg[29]/CP} port:convolution/clock {Unclocked source}
{pin:convolution/reg_reg_bias_value_reg[2]/CP} port:convolution/clock {Unclocked source}
{pin:convolution/reg_reg_bias_value_reg[30]/CP} port:convolution/clock {Unclocked source}
{pin:convolution/reg_reg_bias_value_reg[31]/CP} port:convolution/clock {Unclocked source}
{pin:convolution/reg_reg_bias_value_reg[32]/CP} port:convolution/clock {Unclocked source}
{pin:convolution/reg_reg_bias_value_reg[33]/CP} port:convolution/clock {Unclocked source}
{pin:convolution/reg_reg_bias_value_reg[34]/CP} port:convolution/clock {Unclocked source}
{pin:convolution/reg_reg_bias_value_reg[35]/CP} port:convolution/clock {Unclocked source}
{pin:convolution/reg_reg_bias_value_reg[36]/CP} port:convolution/clock {Unclocked source}
{pin:convolution/reg_reg_bias_value_reg[37]/CP} port:convolution/clock {Unclocked source}
{pin:convolution/reg_reg_bias_value_reg[38]/CP} port:convolution/clock {Unclocked source}
{pin:convolution/reg_reg_bias_value_reg[39]/CP} port:convolution/clock {Unclocked source}
{pin:convolution/reg_reg_bias_value_reg[3]/CP} port:convolution/clock {Unclocked source}
{pin:convolution/reg_reg_bias_value_reg[4]/CP} port:convolution/clock {Unclocked source}
{pin:convolution/reg_reg_bias_value_reg[5]/CP} port:convolution/clock {Unclocked source}
{pin:convolution/reg_reg_bias_value_reg[6]/CP} port:convolution/clock {Unclocked source}
{pin:convolution/reg_reg_bias_value_reg[7]/CP} port:convolution/clock {Unclocked source}
{pin:convolution/reg_reg_bias_value_reg[8]/CP} port:convolution/clock {Unclocked source}
{pin:convolution/reg_reg_bias_value_reg[9]/CP} port:convolution/clock {Unclocked source}
{pin:convolution/reg_soma1_reg[0]/CP} port:convolution/clock {Unclocked source}
{pin:convolution/reg_soma1_reg[10]/CP} port:convolution/clock {Unclocked source}
{pin:convolution/reg_soma1_reg[11]/CP} port:convolution/clock {Unclocked source}
{pin:convolution/reg_soma1_reg[12]/CP} port:convolution/clock {Unclocked source}
{pin:convolution/reg_soma1_reg[13]/CP} port:convolution/clock {Unclocked source}
{pin:convolution/reg_soma1_reg[14]/CP} port:convolution/clock {Unclocked source}
{pin:convolution/reg_soma1_reg[15]/CP} port:convolution/clock {Unclocked source}
{pin:convolution/reg_soma1_reg[16]/CP} port:convolution/clock {Unclocked source}
{pin:convolution/reg_soma1_reg[17]/CP} port:convolution/clock {Unclocked source}
{pin:convolution/reg_soma1_reg[18]/CP} port:convolution/clock {Unclocked source}
{pin:convolution/reg_soma1_reg[19]/CP} port:convolution/clock {Unclocked source}
{pin:convolution/reg_soma1_reg[1]/CP} port:convolution/clock {Unclocked source}
{pin:convolution/reg_soma1_reg[20]/CP} port:convolution/clock {Unclocked source}
{pin:convolution/reg_soma1_reg[21]/CP} port:convolution/clock {Unclocked source}
{pin:convolution/reg_soma1_reg[22]/CP} port:convolution/clock {Unclocked source}
{pin:convolution/reg_soma1_reg[23]/CP} port:convolution/clock {Unclocked source}
{pin:convolution/reg_soma1_reg[24]/CP} port:convolution/clock {Unclocked source}
{pin:convolution/reg_soma1_reg[25]/CP} port:convolution/clock {Unclocked source}
{pin:convolution/reg_soma1_reg[26]/CP} port:convolution/clock {Unclocked source}
{pin:convolution/reg_soma1_reg[27]/CP} port:convolution/clock {Unclocked source}
{pin:convolution/reg_soma1_reg[28]/CP} port:convolution/clock {Unclocked source}
{pin:convolution/reg_soma1_reg[29]/CP} port:convolution/clock {Unclocked source}
{pin:convolution/reg_soma1_reg[2]/CP} port:convolution/clock {Unclocked source}
{pin:convolution/reg_soma1_reg[30]/CP} port:convolution/clock {Unclocked source}
{pin:convolution/reg_soma1_reg[31]/CP} port:convolution/clock {Unclocked source}
{pin:convolution/reg_soma1_reg[32]/CP} port:convolution/clock {Unclocked source}
{pin:convolution/reg_soma1_reg[33]/CP} port:convolution/clock {Unclocked source}
{pin:convolution/reg_soma1_reg[34]/CP} port:convolution/clock {Unclocked source}
{pin:convolution/reg_soma1_reg[35]/CP} port:convolution/clock {Unclocked source}
{pin:convolution/reg_soma1_reg[36]/CP} port:convolution/clock {Unclocked source}
{pin:convolution/reg_soma1_reg[37]/CP} port:convolution/clock {Unclocked source}
{pin:convolution/reg_soma1_reg[38]/CP} port:convolution/clock {Unclocked source}
{pin:convolution/reg_soma1_reg[39]/CP} port:convolution/clock {Unclocked source}
{pin:convolution/reg_soma1_reg[3]/CP} port:convolution/clock {Unclocked source}
{pin:convolution/reg_soma1_reg[40]/CP} port:convolution/clock {Unclocked source}
{pin:convolution/reg_soma1_reg[41]/CP} port:convolution/clock {Unclocked source}
{pin:convolution/reg_soma1_reg[4]/CP} port:convolution/clock {Unclocked source}
{pin:convolution/reg_soma1_reg[5]/CP} port:convolution/clock {Unclocked source}
{pin:convolution/reg_soma1_reg[6]/CP} port:convolution/clock {Unclocked source}
{pin:convolution/reg_soma1_reg[7]/CP} port:convolution/clock {Unclocked source}
{pin:convolution/reg_soma1_reg[8]/CP} port:convolution/clock {Unclocked source}
{pin:convolution/reg_soma1_reg[9]/CP} port:convolution/clock {Unclocked source}
{pin:convolution/reg_soma2_reg[0]/CP} port:convolution/clock {Unclocked source}
{pin:convolution/reg_soma2_reg[10]/CP} port:convolution/clock {Unclocked source}
{pin:convolution/reg_soma2_reg[11]/CP} port:convolution/clock {Unclocked source}
{pin:convolution/reg_soma2_reg[12]/CP} port:convolution/clock {Unclocked source}
{pin:convolution/reg_soma2_reg[13]/CP} port:convolution/clock {Unclocked source}
{pin:convolution/reg_soma2_reg[14]/CP} port:convolution/clock {Unclocked source}
{pin:convolution/reg_soma2_reg[15]/CP} port:convolution/clock {Unclocked source}
{pin:convolution/reg_soma2_reg[16]/CP} port:convolution/clock {Unclocked source}
{pin:convolution/reg_soma2_reg[17]/CP} port:convolution/clock {Unclocked source}
{pin:convolution/reg_soma2_reg[18]/CP} port:convolution/clock {Unclocked source}
{pin:convolution/reg_soma2_reg[19]/CP} port:convolution/clock {Unclocked source}
{pin:convolution/reg_soma2_reg[1]/CP} port:convolution/clock {Unclocked source}
{pin:convolution/reg_soma2_reg[20]/CP} port:convolution/clock {Unclocked source}
{pin:convolution/reg_soma2_reg[21]/CP} port:convolution/clock {Unclocked source}
{pin:convolution/reg_soma2_reg[22]/CP} port:convolution/clock {Unclocked source}
{pin:convolution/reg_soma2_reg[23]/CP} port:convolution/clock {Unclocked source}
{pin:convolution/reg_soma2_reg[24]/CP} port:convolution/clock {Unclocked source}
{pin:convolution/reg_soma2_reg[25]/CP} port:convolution/clock {Unclocked source}
{pin:convolution/reg_soma2_reg[26]/CP} port:convolution/clock {Unclocked source}
{pin:convolution/reg_soma2_reg[27]/CP} port:convolution/clock {Unclocked source}
{pin:convolution/reg_soma2_reg[28]/CP} port:convolution/clock {Unclocked source}
{pin:convolution/reg_soma2_reg[29]/CP} port:convolution/clock {Unclocked source}
{pin:convolution/reg_soma2_reg[2]/CP} port:convolution/clock {Unclocked source}
{pin:convolution/reg_soma2_reg[30]/CP} port:convolution/clock {Unclocked source}
{pin:convolution/reg_soma2_reg[31]/CP} port:convolution/clock {Unclocked source}
{pin:convolution/reg_soma2_reg[32]/CP} port:convolution/clock {Unclocked source}
{pin:convolution/reg_soma2_reg[33]/CP} port:convolution/clock {Unclocked source}
{pin:convolution/reg_soma2_reg[34]/CP} port:convolution/clock {Unclocked source}
{pin:convolution/reg_soma2_reg[35]/CP} port:convolution/clock {Unclocked source}
{pin:convolution/reg_soma2_reg[36]/CP} port:convolution/clock {Unclocked source}
{pin:convolution/reg_soma2_reg[37]/CP} port:convolution/clock {Unclocked source}
{pin:convolution/reg_soma2_reg[38]/CP} port:convolution/clock {Unclocked source}
{pin:convolution/reg_soma2_reg[39]/CP} port:convolution/clock {Unclocked source}
{pin:convolution/reg_soma2_reg[3]/CP} port:convolution/clock {Unclocked source}
{pin:convolution/reg_soma2_reg[40]/CP} port:convolution/clock {Unclocked source}
{pin:convolution/reg_soma2_reg[41]/CP} port:convolution/clock {Unclocked source}
{pin:convolution/reg_soma2_reg[42]/CP} port:convolution/clock {Unclocked source}
{pin:convolution/reg_soma2_reg[4]/CP} port:convolution/clock {Unclocked source}
{pin:convolution/reg_soma2_reg[5]/CP} port:convolution/clock {Unclocked source}
{pin:convolution/reg_soma2_reg[6]/CP} port:convolution/clock {Unclocked source}
{pin:convolution/reg_soma2_reg[7]/CP} port:convolution/clock {Unclocked source}
{pin:convolution/reg_soma2_reg[8]/CP} port:convolution/clock {Unclocked source}
{pin:convolution/reg_soma2_reg[9]/CP} port:convolution/clock {Unclocked source}
{pin:convolution/reg_soma3_reg[0]/CP} port:convolution/clock {Unclocked source}
{pin:convolution/reg_soma3_reg[10]/CP} port:convolution/clock {Unclocked source}
{pin:convolution/reg_soma3_reg[11]/CP} port:convolution/clock {Unclocked source}
{pin:convolution/reg_soma3_reg[12]/CP} port:convolution/clock {Unclocked source}
{pin:convolution/reg_soma3_reg[13]/CP} port:convolution/clock {Unclocked source}
{pin:convolution/reg_soma3_reg[14]/CP} port:convolution/clock {Unclocked source}
{pin:convolution/reg_soma3_reg[15]/CP} port:convolution/clock {Unclocked source}
{pin:convolution/reg_soma3_reg[16]/CP} port:convolution/clock {Unclocked source}
{pin:convolution/reg_soma3_reg[17]/CP} port:convolution/clock {Unclocked source}
{pin:convolution/reg_soma3_reg[18]/CP} port:convolution/clock {Unclocked source}
{pin:convolution/reg_soma3_reg[19]/CP} port:convolution/clock {Unclocked source}
{pin:convolution/reg_soma3_reg[1]/CP} port:convolution/clock {Unclocked source}
{pin:convolution/reg_soma3_reg[20]/CP} port:convolution/clock {Unclocked source}
{pin:convolution/reg_soma3_reg[21]/CP} port:convolution/clock {Unclocked source}
{pin:convolution/reg_soma3_reg[22]/CP} port:convolution/clock {Unclocked source}
{pin:convolution/reg_soma3_reg[23]/CP} port:convolution/clock {Unclocked source}
{pin:convolution/reg_soma3_reg[24]/CP} port:convolution/clock {Unclocked source}
{pin:convolution/reg_soma3_reg[25]/CP} port:convolution/clock {Unclocked source}
{pin:convolution/reg_soma3_reg[26]/CP} port:convolution/clock {Unclocked source}
{pin:convolution/reg_soma3_reg[27]/CP} port:convolution/clock {Unclocked source}
{pin:convolution/reg_soma3_reg[28]/CP} port:convolution/clock {Unclocked source}
{pin:convolution/reg_soma3_reg[29]/CP} port:convolution/clock {Unclocked source}
{pin:convolution/reg_soma3_reg[2]/CP} port:convolution/clock {Unclocked source}
{pin:convolution/reg_soma3_reg[30]/CP} port:convolution/clock {Unclocked source}
{pin:convolution/reg_soma3_reg[31]/CP} port:convolution/clock {Unclocked source}
{pin:convolution/reg_soma3_reg[32]/CP} port:convolution/clock {Unclocked source}
{pin:convolution/reg_soma3_reg[33]/CP} port:convolution/clock {Unclocked source}
{pin:convolution/reg_soma3_reg[34]/CP} port:convolution/clock {Unclocked source}
{pin:convolution/reg_soma3_reg[35]/CP} port:convolution/clock {Unclocked source}
{pin:convolution/reg_soma3_reg[36]/CP} port:convolution/clock {Unclocked source}
{pin:convolution/reg_soma3_reg[37]/CP} port:convolution/clock {Unclocked source}
{pin:convolution/reg_soma3_reg[38]/CP} port:convolution/clock {Unclocked source}
{pin:convolution/reg_soma3_reg[39]/CP} port:convolution/clock {Unclocked source}
{pin:convolution/reg_soma3_reg[3]/CP} port:convolution/clock {Unclocked source}
{pin:convolution/reg_soma3_reg[40]/CP} port:convolution/clock {Unclocked source}
{pin:convolution/reg_soma3_reg[41]/CP} port:convolution/clock {Unclocked source}
{pin:convolution/reg_soma3_reg[42]/CP} port:convolution/clock {Unclocked source}
{pin:convolution/reg_soma3_reg[43]/CP} port:convolution/clock {Unclocked source}
{pin:convolution/reg_soma3_reg[4]/CP} port:convolution/clock {Unclocked source}
{pin:convolution/reg_soma3_reg[5]/CP} port:convolution/clock {Unclocked source}
{pin:convolution/reg_soma3_reg[6]/CP} port:convolution/clock {Unclocked source}
{pin:convolution/reg_soma3_reg[7]/CP} port:convolution/clock {Unclocked source}
{pin:convolution/reg_soma3_reg[8]/CP} port:convolution/clock {Unclocked source}
{pin:convolution/reg_soma3_reg[9]/CP} port:convolution/clock {Unclocked source}
{pin:convolution/weight_control_reg[0]/CP} port:convolution/clock {Unclocked source}
{pin:convolution/weight_control_reg[1]/CP} port:convolution/clock {Unclocked source}
{pin:convolution/weight_control_reg[2]/CP} port:convolution/clock {Unclocked source}
{pin:convolution/weight_control_reg[3]/CP} port:convolution/clock {Unclocked source}
{pin:convolution/weight_reg[0][0][0]/CP} port:convolution/clock {Unclocked source}
{pin:convolution/weight_reg[0][0][10]/CP} port:convolution/clock {Unclocked source}
{pin:convolution/weight_reg[0][0][11]/CP} port:convolution/clock {Unclocked source}
{pin:convolution/weight_reg[0][0][12]/CP} port:convolution/clock {Unclocked source}
{pin:convolution/weight_reg[0][0][13]/CP} port:convolution/clock {Unclocked source}
{pin:convolution/weight_reg[0][0][14]/CP} port:convolution/clock {Unclocked source}
{pin:convolution/weight_reg[0][0][15]/CP} port:convolution/clock {Unclocked source}
{pin:convolution/weight_reg[0][0][16]/CP} port:convolution/clock {Unclocked source}
{pin:convolution/weight_reg[0][0][17]/CP} port:convolution/clock {Unclocked source}
{pin:convolution/weight_reg[0][0][18]/CP} port:convolution/clock {Unclocked source}
{pin:convolution/weight_reg[0][0][19]/CP} port:convolution/clock {Unclocked source}
{pin:convolution/weight_reg[0][0][1]/CP} port:convolution/clock {Unclocked source}
{pin:convolution/weight_reg[0][0][2]/CP} port:convolution/clock {Unclocked source}
{pin:convolution/weight_reg[0][0][3]/CP} port:convolution/clock {Unclocked source}
{pin:convolution/weight_reg[0][0][4]/CP} port:convolution/clock {Unclocked source}
{pin:convolution/weight_reg[0][0][5]/CP} port:convolution/clock {Unclocked source}
{pin:convolution/weight_reg[0][0][6]/CP} port:convolution/clock {Unclocked source}
{pin:convolution/weight_reg[0][0][7]/CP} port:convolution/clock {Unclocked source}
{pin:convolution/weight_reg[0][0][8]/CP} port:convolution/clock {Unclocked source}
{pin:convolution/weight_reg[0][0][9]/CP} port:convolution/clock {Unclocked source}
{pin:convolution/weight_reg[0][1][0]/CP} port:convolution/clock {Unclocked source}
{pin:convolution/weight_reg[0][1][10]/CP} port:convolution/clock {Unclocked source}
{pin:convolution/weight_reg[0][1][11]/CP} port:convolution/clock {Unclocked source}
{pin:convolution/weight_reg[0][1][12]/CP} port:convolution/clock {Unclocked source}
{pin:convolution/weight_reg[0][1][13]/CP} port:convolution/clock {Unclocked source}
{pin:convolution/weight_reg[0][1][14]/CP} port:convolution/clock {Unclocked source}
{pin:convolution/weight_reg[0][1][15]/CP} port:convolution/clock {Unclocked source}
{pin:convolution/weight_reg[0][1][16]/CP} port:convolution/clock {Unclocked source}
{pin:convolution/weight_reg[0][1][17]/CP} port:convolution/clock {Unclocked source}
{pin:convolution/weight_reg[0][1][18]/CP} port:convolution/clock {Unclocked source}
{pin:convolution/weight_reg[0][1][19]/CP} port:convolution/clock {Unclocked source}
{pin:convolution/weight_reg[0][1][1]/CP} port:convolution/clock {Unclocked source}
{pin:convolution/weight_reg[0][1][2]/CP} port:convolution/clock {Unclocked source}
{pin:convolution/weight_reg[0][1][3]/CP} port:convolution/clock {Unclocked source}
{pin:convolution/weight_reg[0][1][4]/CP} port:convolution/clock {Unclocked source}
{pin:convolution/weight_reg[0][1][5]/CP} port:convolution/clock {Unclocked source}
{pin:convolution/weight_reg[0][1][6]/CP} port:convolution/clock {Unclocked source}
{pin:convolution/weight_reg[0][1][7]/CP} port:convolution/clock {Unclocked source}
{pin:convolution/weight_reg[0][1][8]/CP} port:convolution/clock {Unclocked source}
{pin:convolution/weight_reg[0][1][9]/CP} port:convolution/clock {Unclocked source}
{pin:convolution/weight_reg[0][2][0]/CP} port:convolution/clock {Unclocked source}
{pin:convolution/weight_reg[0][2][10]/CP} port:convolution/clock {Unclocked source}
{pin:convolution/weight_reg[0][2][11]/CP} port:convolution/clock {Unclocked source}
{pin:convolution/weight_reg[0][2][12]/CP} port:convolution/clock {Unclocked source}
{pin:convolution/weight_reg[0][2][13]/CP} port:convolution/clock {Unclocked source}
{pin:convolution/weight_reg[0][2][14]/CP} port:convolution/clock {Unclocked source}
{pin:convolution/weight_reg[0][2][15]/CP} port:convolution/clock {Unclocked source}
{pin:convolution/weight_reg[0][2][16]/CP} port:convolution/clock {Unclocked source}
{pin:convolution/weight_reg[0][2][17]/CP} port:convolution/clock {Unclocked source}
{pin:convolution/weight_reg[0][2][18]/CP} port:convolution/clock {Unclocked source}
{pin:convolution/weight_reg[0][2][19]/CP} port:convolution/clock {Unclocked source}
{pin:convolution/weight_reg[0][2][1]/CP} port:convolution/clock {Unclocked source}
{pin:convolution/weight_reg[0][2][2]/CP} port:convolution/clock {Unclocked source}
{pin:convolution/weight_reg[0][2][3]/CP} port:convolution/clock {Unclocked source}
{pin:convolution/weight_reg[0][2][4]/CP} port:convolution/clock {Unclocked source}
{pin:convolution/weight_reg[0][2][5]/CP} port:convolution/clock {Unclocked source}
{pin:convolution/weight_reg[0][2][6]/CP} port:convolution/clock {Unclocked source}
{pin:convolution/weight_reg[0][2][7]/CP} port:convolution/clock {Unclocked source}
{pin:convolution/weight_reg[0][2][8]/CP} port:convolution/clock {Unclocked source}
{pin:convolution/weight_reg[0][2][9]/CP} port:convolution/clock {Unclocked source}
{pin:convolution/weight_reg[1][0][0]/CP} port:convolution/clock {Unclocked source}
{pin:convolution/weight_reg[1][0][10]/CP} port:convolution/clock {Unclocked source}
{pin:convolution/weight_reg[1][0][11]/CP} port:convolution/clock {Unclocked source}
{pin:convolution/weight_reg[1][0][12]/CP} port:convolution/clock {Unclocked source}
{pin:convolution/weight_reg[1][0][13]/CP} port:convolution/clock {Unclocked source}
{pin:convolution/weight_reg[1][0][14]/CP} port:convolution/clock {Unclocked source}
{pin:convolution/weight_reg[1][0][15]/CP} port:convolution/clock {Unclocked source}
{pin:convolution/weight_reg[1][0][16]/CP} port:convolution/clock {Unclocked source}
{pin:convolution/weight_reg[1][0][17]/CP} port:convolution/clock {Unclocked source}
{pin:convolution/weight_reg[1][0][18]/CP} port:convolution/clock {Unclocked source}
{pin:convolution/weight_reg[1][0][19]/CP} port:convolution/clock {Unclocked source}
{pin:convolution/weight_reg[1][0][1]/CP} port:convolution/clock {Unclocked source}
{pin:convolution/weight_reg[1][0][2]/CP} port:convolution/clock {Unclocked source}
{pin:convolution/weight_reg[1][0][3]/CP} port:convolution/clock {Unclocked source}
{pin:convolution/weight_reg[1][0][4]/CP} port:convolution/clock {Unclocked source}
{pin:convolution/weight_reg[1][0][5]/CP} port:convolution/clock {Unclocked source}
{pin:convolution/weight_reg[1][0][6]/CP} port:convolution/clock {Unclocked source}
{pin:convolution/weight_reg[1][0][7]/CP} port:convolution/clock {Unclocked source}
{pin:convolution/weight_reg[1][0][8]/CP} port:convolution/clock {Unclocked source}
{pin:convolution/weight_reg[1][0][9]/CP} port:convolution/clock {Unclocked source}
{pin:convolution/weight_reg[1][1][0]/CP} port:convolution/clock {Unclocked source}
{pin:convolution/weight_reg[1][1][10]/CP} port:convolution/clock {Unclocked source}
{pin:convolution/weight_reg[1][1][11]/CP} port:convolution/clock {Unclocked source}
{pin:convolution/weight_reg[1][1][12]/CP} port:convolution/clock {Unclocked source}
{pin:convolution/weight_reg[1][1][13]/CP} port:convolution/clock {Unclocked source}
{pin:convolution/weight_reg[1][1][14]/CP} port:convolution/clock {Unclocked source}
{pin:convolution/weight_reg[1][1][15]/CP} port:convolution/clock {Unclocked source}
{pin:convolution/weight_reg[1][1][16]/CP} port:convolution/clock {Unclocked source}
{pin:convolution/weight_reg[1][1][17]/CP} port:convolution/clock {Unclocked source}
{pin:convolution/weight_reg[1][1][18]/CP} port:convolution/clock {Unclocked source}
{pin:convolution/weight_reg[1][1][19]/CP} port:convolution/clock {Unclocked source}
{pin:convolution/weight_reg[1][1][1]/CP} port:convolution/clock {Unclocked source}
{pin:convolution/weight_reg[1][1][2]/CP} port:convolution/clock {Unclocked source}
{pin:convolution/weight_reg[1][1][3]/CP} port:convolution/clock {Unclocked source}
{pin:convolution/weight_reg[1][1][4]/CP} port:convolution/clock {Unclocked source}
{pin:convolution/weight_reg[1][1][5]/CP} port:convolution/clock {Unclocked source}
{pin:convolution/weight_reg[1][1][6]/CP} port:convolution/clock {Unclocked source}
{pin:convolution/weight_reg[1][1][7]/CP} port:convolution/clock {Unclocked source}
{pin:convolution/weight_reg[1][1][8]/CP} port:convolution/clock {Unclocked source}
{pin:convolution/weight_reg[1][1][9]/CP} port:convolution/clock {Unclocked source}
{pin:convolution/weight_reg[1][2][0]/CP} port:convolution/clock {Unclocked source}
{pin:convolution/weight_reg[1][2][10]/CP} port:convolution/clock {Unclocked source}
{pin:convolution/weight_reg[1][2][11]/CP} port:convolution/clock {Unclocked source}
{pin:convolution/weight_reg[1][2][12]/CP} port:convolution/clock {Unclocked source}
{pin:convolution/weight_reg[1][2][13]/CP} port:convolution/clock {Unclocked source}
{pin:convolution/weight_reg[1][2][14]/CP} port:convolution/clock {Unclocked source}
{pin:convolution/weight_reg[1][2][15]/CP} port:convolution/clock {Unclocked source}
{pin:convolution/weight_reg[1][2][16]/CP} port:convolution/clock {Unclocked source}
{pin:convolution/weight_reg[1][2][17]/CP} port:convolution/clock {Unclocked source}
{pin:convolution/weight_reg[1][2][18]/CP} port:convolution/clock {Unclocked source}
{pin:convolution/weight_reg[1][2][19]/CP} port:convolution/clock {Unclocked source}
{pin:convolution/weight_reg[1][2][1]/CP} port:convolution/clock {Unclocked source}
{pin:convolution/weight_reg[1][2][2]/CP} port:convolution/clock {Unclocked source}
{pin:convolution/weight_reg[1][2][3]/CP} port:convolution/clock {Unclocked source}
{pin:convolution/weight_reg[1][2][4]/CP} port:convolution/clock {Unclocked source}
{pin:convolution/weight_reg[1][2][5]/CP} port:convolution/clock {Unclocked source}
{pin:convolution/weight_reg[1][2][6]/CP} port:convolution/clock {Unclocked source}
{pin:convolution/weight_reg[1][2][7]/CP} port:convolution/clock {Unclocked source}
{pin:convolution/weight_reg[1][2][8]/CP} port:convolution/clock {Unclocked source}
{pin:convolution/weight_reg[1][2][9]/CP} port:convolution/clock {Unclocked source}
{pin:convolution/weight_reg[2][0][0]/CP} port:convolution/clock {Unclocked source}
{pin:convolution/weight_reg[2][0][10]/CP} port:convolution/clock {Unclocked source}
{pin:convolution/weight_reg[2][0][11]/CP} port:convolution/clock {Unclocked source}
{pin:convolution/weight_reg[2][0][12]/CP} port:convolution/clock {Unclocked source}
{pin:convolution/weight_reg[2][0][13]/CP} port:convolution/clock {Unclocked source}
{pin:convolution/weight_reg[2][0][14]/CP} port:convolution/clock {Unclocked source}
{pin:convolution/weight_reg[2][0][15]/CP} port:convolution/clock {Unclocked source}
{pin:convolution/weight_reg[2][0][16]/CP} port:convolution/clock {Unclocked source}
{pin:convolution/weight_reg[2][0][17]/CP} port:convolution/clock {Unclocked source}
{pin:convolution/weight_reg[2][0][18]/CP} port:convolution/clock {Unclocked source}
{pin:convolution/weight_reg[2][0][19]/CP} port:convolution/clock {Unclocked source}
{pin:convolution/weight_reg[2][0][1]/CP} port:convolution/clock {Unclocked source}
{pin:convolution/weight_reg[2][0][2]/CP} port:convolution/clock {Unclocked source}
{pin:convolution/weight_reg[2][0][3]/CP} port:convolution/clock {Unclocked source}
{pin:convolution/weight_reg[2][0][4]/CP} port:convolution/clock {Unclocked source}
{pin:convolution/weight_reg[2][0][5]/CP} port:convolution/clock {Unclocked source}
{pin:convolution/weight_reg[2][0][6]/CP} port:convolution/clock {Unclocked source}
{pin:convolution/weight_reg[2][0][7]/CP} port:convolution/clock {Unclocked source}
{pin:convolution/weight_reg[2][0][8]/CP} port:convolution/clock {Unclocked source}
{pin:convolution/weight_reg[2][0][9]/CP} port:convolution/clock {Unclocked source}
{pin:convolution/weight_reg[2][1][0]/CP} port:convolution/clock {Unclocked source}
{pin:convolution/weight_reg[2][1][10]/CP} port:convolution/clock {Unclocked source}
{pin:convolution/weight_reg[2][1][11]/CP} port:convolution/clock {Unclocked source}
{pin:convolution/weight_reg[2][1][12]/CP} port:convolution/clock {Unclocked source}
{pin:convolution/weight_reg[2][1][13]/CP} port:convolution/clock {Unclocked source}
{pin:convolution/weight_reg[2][1][14]/CP} port:convolution/clock {Unclocked source}
{pin:convolution/weight_reg[2][1][15]/CP} port:convolution/clock {Unclocked source}
{pin:convolution/weight_reg[2][1][16]/CP} port:convolution/clock {Unclocked source}
{pin:convolution/weight_reg[2][1][17]/CP} port:convolution/clock {Unclocked source}
{pin:convolution/weight_reg[2][1][18]/CP} port:convolution/clock {Unclocked source}
{pin:convolution/weight_reg[2][1][19]/CP} port:convolution/clock {Unclocked source}
{pin:convolution/weight_reg[2][1][1]/CP} port:convolution/clock {Unclocked source}
{pin:convolution/weight_reg[2][1][2]/CP} port:convolution/clock {Unclocked source}
{pin:convolution/weight_reg[2][1][3]/CP} port:convolution/clock {Unclocked source}
{pin:convolution/weight_reg[2][1][4]/CP} port:convolution/clock {Unclocked source}
{pin:convolution/weight_reg[2][1][5]/CP} port:convolution/clock {Unclocked source}
{pin:convolution/weight_reg[2][1][6]/CP} port:convolution/clock {Unclocked source}
{pin:convolution/weight_reg[2][1][7]/CP} port:convolution/clock {Unclocked source}
{pin:convolution/weight_reg[2][1][8]/CP} port:convolution/clock {Unclocked source}
{pin:convolution/weight_reg[2][1][9]/CP} port:convolution/clock {Unclocked source}
{pin:convolution/weight_reg[2][2][0]/CP} port:convolution/clock {Unclocked source}
{pin:convolution/weight_reg[2][2][10]/CP} port:convolution/clock {Unclocked source}
{pin:convolution/weight_reg[2][2][11]/CP} port:convolution/clock {Unclocked source}
{pin:convolution/weight_reg[2][2][12]/CP} port:convolution/clock {Unclocked source}
{pin:convolution/weight_reg[2][2][13]/CP} port:convolution/clock {Unclocked source}
{pin:convolution/weight_reg[2][2][14]/CP} port:convolution/clock {Unclocked source}
{pin:convolution/weight_reg[2][2][15]/CP} port:convolution/clock {Unclocked source}
{pin:convolution/weight_reg[2][2][16]/CP} port:convolution/clock {Unclocked source}
{pin:convolution/weight_reg[2][2][17]/CP} port:convolution/clock {Unclocked source}
{pin:convolution/weight_reg[2][2][18]/CP} port:convolution/clock {Unclocked source}
{pin:convolution/weight_reg[2][2][19]/CP} port:convolution/clock {Unclocked source}
{pin:convolution/weight_reg[2][2][1]/CP} port:convolution/clock {Unclocked source}
{pin:convolution/weight_reg[2][2][2]/CP} port:convolution/clock {Unclocked source}
{pin:convolution/weight_reg[2][2][3]/CP} port:convolution/clock {Unclocked source}
{pin:convolution/weight_reg[2][2][4]/CP} port:convolution/clock {Unclocked source}
{pin:convolution/weight_reg[2][2][5]/CP} port:convolution/clock {Unclocked source}
{pin:convolution/weight_reg[2][2][6]/CP} port:convolution/clock {Unclocked source}
{pin:convolution/weight_reg[2][2][7]/CP} port:convolution/clock {Unclocked source}
{pin:convolution/weight_reg[2][2][8]/CP} port:convolution/clock {Unclocked source}
{pin:convolution/weight_reg[2][2][9]/CP} port:convolution/clock {Unclocked source}
{pin:convolution/weight_x_reg[0]/CP} port:convolution/clock {Unclocked source}
{pin:convolution/weight_x_reg[10]/CP} port:convolution/clock {Unclocked source}
{pin:convolution/weight_x_reg[11]/CP} port:convolution/clock {Unclocked source}
{pin:convolution/weight_x_reg[12]/CP} port:convolution/clock {Unclocked source}
{pin:convolution/weight_x_reg[13]/CP} port:convolution/clock {Unclocked source}
{pin:convolution/weight_x_reg[14]/CP} port:convolution/clock {Unclocked source}
{pin:convolution/weight_x_reg[15]/CP} port:convolution/clock {Unclocked source}
{pin:convolution/weight_x_reg[1]/CP} port:convolution/clock {Unclocked source}
{pin:convolution/weight_x_reg[2]/CP} port:convolution/clock {Unclocked source}
{pin:convolution/weight_x_reg[3]/CP} port:convolution/clock {Unclocked source}
{pin:convolution/weight_x_reg[4]/CP} port:convolution/clock {Unclocked source}
{pin:convolution/weight_x_reg[5]/CP} port:convolution/clock {Unclocked source}
{pin:convolution/weight_x_reg[6]/CP} port:convolution/clock {Unclocked source}
{pin:convolution/weight_x_reg[7]/CP} port:convolution/clock {Unclocked source}
{pin:convolution/weight_x_reg[8]/CP} port:convolution/clock {Unclocked source}
{pin:convolution/weight_x_reg[9]/CP} port:convolution/clock {Unclocked source}
-------------------------------------------------------------------------------

-------------------------------------------------------------------------------
Timing exceptions with no effect

The following timing exceptions are not currently affecting timing in the       
design in mode 'analysis_view_0p99v_m40c_capbst_fastest'.  Either no paths in   
the design satisfy the exception's path specification, or all paths that        
satisfy the path specification also satisfy an exception with a higher          
priority.  You can improve runtime and memory usage by removing these           
exceptions if they are not truly needed.  To see if there is a path in the      
design that satisfies the path specification for an exception, or to see what   
other exception is overriding an exception because of priority, use the command:
  report timing -paths [eval [::legacy::get_attribute paths <exception>]]

exception:convolution/analysis_view_0p99v_m40c_capbst_fastest/tmp_sdc_analysis_vie_1_line_117
exception:convolution/analysis_view_0p99v_m40c_capbst_fastest/tmp_sdc_analysis_vie_1_line_118
-------------------------------------------------------------------------------

-------------------------------------------------------------------------------
Inputs without clocked external delays

The following primary inputs have no clocked external delays in mode            
'analysis_view_0p99v_m40c_capbst_fastest'.  As a result the timing paths        
leading from the ports have no timing constraints derived from clock waveforms. 
 The'external_delay' command is used to create new external delays.             

port:convolution/clock
port:convolution/ifmap_valid
port:convolution/ifmap_value[0]
port:convolution/ifmap_value[10]
port:convolution/ifmap_value[11]
port:convolution/ifmap_value[12]
port:convolution/ifmap_value[13]
port:convolution/ifmap_value[14]
port:convolution/ifmap_value[15]
port:convolution/ifmap_value[16]
port:convolution/ifmap_value[17]
port:convolution/ifmap_value[18]
port:convolution/ifmap_value[19]
port:convolution/ifmap_value[1]
port:convolution/ifmap_value[20]
port:convolution/ifmap_value[21]
port:convolution/ifmap_value[22]
port:convolution/ifmap_value[23]
port:convolution/ifmap_value[24]
port:convolution/ifmap_value[25]
port:convolution/ifmap_value[26]
port:convolution/ifmap_value[27]
port:convolution/ifmap_value[28]
port:convolution/ifmap_value[29]
port:convolution/ifmap_value[2]
port:convolution/ifmap_value[30]
port:convolution/ifmap_value[31]
port:convolution/ifmap_value[32]
port:convolution/ifmap_value[33]
port:convolution/ifmap_value[34]
port:convolution/ifmap_value[35]
port:convolution/ifmap_value[36]
port:convolution/ifmap_value[37]
port:convolution/ifmap_value[38]
port:convolution/ifmap_value[39]
port:convolution/ifmap_value[3]
port:convolution/ifmap_value[4]
port:convolution/ifmap_value[5]
port:convolution/ifmap_value[6]
port:convolution/ifmap_value[7]
port:convolution/ifmap_value[8]
port:convolution/ifmap_value[9]
port:convolution/iwght_valid
port:convolution/iwght_value[0]
port:convolution/iwght_value[10]
port:convolution/iwght_value[11]
port:convolution/iwght_value[12]
port:convolution/iwght_value[13]
port:convolution/iwght_value[14]
port:convolution/iwght_value[15]
port:convolution/iwght_value[16]
port:convolution/iwght_value[17]
port:convolution/iwght_value[18]
port:convolution/iwght_value[19]
port:convolution/iwght_value[1]
port:convolution/iwght_value[20]
port:convolution/iwght_value[21]
port:convolution/iwght_value[22]
port:convolution/iwght_value[23]
port:convolution/iwght_value[24]
port:convolution/iwght_value[25]
port:convolution/iwght_value[26]
port:convolution/iwght_value[27]
port:convolution/iwght_value[28]
port:convolution/iwght_value[29]
port:convolution/iwght_value[2]
port:convolution/iwght_value[30]
port:convolution/iwght_value[31]
port:convolution/iwght_value[32]
port:convolution/iwght_value[33]
port:convolution/iwght_value[34]
port:convolution/iwght_value[35]
port:convolution/iwght_value[36]
port:convolution/iwght_value[37]
port:convolution/iwght_value[38]
port:convolution/iwght_value[39]
port:convolution/iwght_value[3]
port:convolution/iwght_value[4]
port:convolution/iwght_value[5]
port:convolution/iwght_value[6]
port:convolution/iwght_value[7]
port:convolution/iwght_value[8]
port:convolution/iwght_value[9]
port:convolution/ofmap_in[0]
port:convolution/ofmap_in[10]
port:convolution/ofmap_in[11]
port:convolution/ofmap_in[12]
port:convolution/ofmap_in[13]
port:convolution/ofmap_in[14]
port:convolution/ofmap_in[15]
port:convolution/ofmap_in[16]
port:convolution/ofmap_in[17]
port:convolution/ofmap_in[18]
port:convolution/ofmap_in[19]
port:convolution/ofmap_in[1]
port:convolution/ofmap_in[20]
port:convolution/ofmap_in[21]
port:convolution/ofmap_in[22]
port:convolution/ofmap_in[23]
port:convolution/ofmap_in[24]
port:convolution/ofmap_in[25]
port:convolution/ofmap_in[26]
port:convolution/ofmap_in[27]
port:convolution/ofmap_in[28]
port:convolution/ofmap_in[29]
port:convolution/ofmap_in[2]
port:convolution/ofmap_in[30]
port:convolution/ofmap_in[31]
port:convolution/ofmap_in[32]
port:convolution/ofmap_in[33]
port:convolution/ofmap_in[34]
port:convolution/ofmap_in[35]
port:convolution/ofmap_in[36]
port:convolution/ofmap_in[37]
port:convolution/ofmap_in[38]
port:convolution/ofmap_in[39]
port:convolution/ofmap_in[3]
port:convolution/ofmap_in[40]
port:convolution/ofmap_in[41]
port:convolution/ofmap_in[42]
port:convolution/ofmap_in[43]
port:convolution/ofmap_in[44]
port:convolution/ofmap_in[45]
port:convolution/ofmap_in[46]
port:convolution/ofmap_in[47]
port:convolution/ofmap_in[4]
port:convolution/ofmap_in[5]
port:convolution/ofmap_in[6]
port:convolution/ofmap_in[7]
port:convolution/ofmap_in[8]
port:convolution/ofmap_in[9]
port:convolution/ofmap_valid
port:convolution/reset
port:convolution/start_conv
-------------------------------------------------------------------------------

-------------------------------------------------------------------------------
Outputs without clocked external delays

The following primary outputs have no clocked external delays in mode           
'analysis_view_0p99v_m40c_capbst_fastest'.  As a result the timing paths        
leading to the ports have no timing constraints derived from clock waveforms.   
The'external_delay' command is used to create new external delays.              

port:convolution/debug
port:convolution/end_conv
port:convolution/ifmap_address[0]
port:convolution/ifmap_address[10]
port:convolution/ifmap_address[11]
port:convolution/ifmap_address[12]
port:convolution/ifmap_address[13]
port:convolution/ifmap_address[14]
port:convolution/ifmap_address[15]
port:convolution/ifmap_address[1]
port:convolution/ifmap_address[2]
port:convolution/ifmap_address[3]
port:convolution/ifmap_address[4]
port:convolution/ifmap_address[5]
port:convolution/ifmap_address[6]
port:convolution/ifmap_address[7]
port:convolution/ifmap_address[8]
port:convolution/ifmap_address[9]
port:convolution/ifmap_ce
port:convolution/iwght_address[0]
port:convolution/iwght_address[10]
port:convolution/iwght_address[11]
port:convolution/iwght_address[12]
port:convolution/iwght_address[13]
port:convolution/iwght_address[14]
port:convolution/iwght_address[15]
port:convolution/iwght_address[1]
port:convolution/iwght_address[2]
port:convolution/iwght_address[3]
port:convolution/iwght_address[4]
port:convolution/iwght_address[5]
port:convolution/iwght_address[6]
port:convolution/iwght_address[7]
port:convolution/iwght_address[8]
port:convolution/iwght_address[9]
port:convolution/iwght_ce
port:convolution/ofmap_address[0]
port:convolution/ofmap_address[10]
port:convolution/ofmap_address[11]
port:convolution/ofmap_address[12]
port:convolution/ofmap_address[13]
port:convolution/ofmap_address[14]
port:convolution/ofmap_address[15]
port:convolution/ofmap_address[1]
port:convolution/ofmap_address[2]
port:convolution/ofmap_address[3]
port:convolution/ofmap_address[4]
port:convolution/ofmap_address[5]
port:convolution/ofmap_address[6]
port:convolution/ofmap_address[7]
port:convolution/ofmap_address[8]
port:convolution/ofmap_address[9]
port:convolution/ofmap_ce
port:convolution/ofmap_out[0]
port:convolution/ofmap_out[10]
port:convolution/ofmap_out[11]
port:convolution/ofmap_out[12]
port:convolution/ofmap_out[13]
port:convolution/ofmap_out[14]
port:convolution/ofmap_out[15]
port:convolution/ofmap_out[16]
port:convolution/ofmap_out[17]
port:convolution/ofmap_out[18]
port:convolution/ofmap_out[19]
port:convolution/ofmap_out[1]
port:convolution/ofmap_out[20]
port:convolution/ofmap_out[21]
port:convolution/ofmap_out[22]
port:convolution/ofmap_out[23]
port:convolution/ofmap_out[24]
port:convolution/ofmap_out[25]
port:convolution/ofmap_out[26]
port:convolution/ofmap_out[27]
port:convolution/ofmap_out[28]
port:convolution/ofmap_out[29]
port:convolution/ofmap_out[2]
port:convolution/ofmap_out[30]
port:convolution/ofmap_out[31]
port:convolution/ofmap_out[32]
port:convolution/ofmap_out[33]
port:convolution/ofmap_out[34]
port:convolution/ofmap_out[35]
port:convolution/ofmap_out[36]
port:convolution/ofmap_out[37]
port:convolution/ofmap_out[38]
port:convolution/ofmap_out[39]
port:convolution/ofmap_out[3]
port:convolution/ofmap_out[40]
port:convolution/ofmap_out[41]
port:convolution/ofmap_out[42]
port:convolution/ofmap_out[43]
port:convolution/ofmap_out[44]
port:convolution/ofmap_out[45]
port:convolution/ofmap_out[46]
port:convolution/ofmap_out[47]
port:convolution/ofmap_out[4]
port:convolution/ofmap_out[5]
port:convolution/ofmap_out[6]
port:convolution/ofmap_out[7]
port:convolution/ofmap_out[8]
port:convolution/ofmap_out[9]
port:convolution/ofmap_we
-------------------------------------------------------------------------------


Lint summary
 Unconnected/logic driven clocks                                  0
 Sequential data pins driven by a clock signal                    0
 Sequential clock pins without clock waveform                  1475
 Sequential clock pins with multiple clock waveforms              0
 Generated clocks without clock waveform                          0
 Generated clocks with incompatible options                       0
 Generated clocks with multi-master clock                         0
 Paths constrained with different clocks                          0
 Loop-breaking cells for combinational feedback                   0
 Nets with multiple drivers                                       0
 Timing exceptions with no effect                                 2
 Suspicious multi_cycle exceptions                                0
 Pins/ports with conflicting case constants                       0
 Inputs without clocked external delays                         134
 Outputs without clocked external delays                        102
 Inputs without external driver/transition                        0
 Outputs without external load                                    0
 Exceptions with invalid timing start-/endpoints                  0

                                                  Total:       1713

