,totalofmaptime1,totalconvtime1,totalofmaptime2,totalconvtime2,totalofmaptime3,totalconvtime3
0,4.49979,4.50147,24.41244,24.41412,,
1,9.00123,9.00291,48.82461,48.82629,14.58204,14.58372
2,4.49979,4.50147,12.20541,12.20709,3.64476,3.64644
3,2.24907,2.25075,6.10236,6.10404,7.29116,7.29284
4,2.24907,2.25075,3.05037,3.05205,0.9102,0.91188
5,2.24907,2.25075,6.10236,6.10404,,
